:020000041002E8
:1010000000200420F7100210C3100210C5100210B7
:10101000C1100210C1100210C1100210C110021044
:10102000C1100210C1100210C1100210C71002102E
:10103000C1100210C1100210C9100210CB10021012
:10104000CD100210CD100210CD100210CD100210E4
:10105000CD100210CD100210CD100210CD100210D4
:10106000CD100210CD100210CD100210CD100210C4
:10107000CD100210CD100210CD100210CD100210B4
:10108000CD100210CD100210CD100210CD100210A4
:10109000CD100210CD100210CD100210CD10021094
:1010A000CD100210CD100210CD100210CD10021084
:1010B000CD100210CD100210CD100210CD10021074
:1010C00000BE00BE00BE00BE00BE00BEEFF3058045
:1010D000103800BEF2EB8871C0380310DC38031002
:1010E0003811021090A31AE71E481F49086006C86D
:1010F00081F3088810471D480068002801D019486E
:10110000F3E70DA40ECC002902D000F012F8F9E7A5
:101110001749184A002000E001C19142FCD116494C
:101120008847164988471649884700BEFDE701C928
:1011300001C29A42FBD37047DC380310C000002084
:101140002409002040410310000004200000042076
:101150004041031000100420001004200000000093
:10116000704700000000000008ED00E0000000D023
:1011700028090020E41D00205D580210195D0210AE
:101180001D580210F8B5C04606480749091A8B10C9
:10119000C90FC91810B5491003D0044B002B00D05B
:1011A000984710BD240900202409002000000000F9
:1011B000054B10B5002B03D00449054800E000BFE3
:1011C000FFF7E2FF10BDC04600000000901C0020A9
:1011D00020C00210C16381637047C04610B5006A29
:1011E00002F0F6FD10BDC04610B5406A02F0F0FDF9
:1011F00010BDC0467047C04610B50400482102F03B
:10120000F7FE200010BDC04670B50B78040082B018
:10121000481C642B39D0732B20D0532B1CD101AA2E
:10122000304905F0B3FB019800B202F033F9002217
:101230002D4B02F09AF802F0ADF9051C02F000FE09
:1012400002000B00294804F02BFD2368284A9B6804
:10125000934242D1E563A56302B070BD2668254A7A
:10126000F368934230D1206A02F0B2FD0500336981
:10127000214A93422DD1606A02F0AAFD02001F4B61
:101280002900180004F00CFDE6E701AA154905F055
:101290007DFB01991A4804F003FD0520019D01F032
:1012A0001BFCFA21890001F013FE684302F0EEF8FE
:1012B0000022144B02F059F802F004F901002064F6
:1012C000114804F0EDFCC7E72000984726680500A8
:1012D000CDE7200098470200D1E72000291C98475D
:1012E000BAE7C04620C0021000408F4028C002105C
:1012F000D5110210DD110210E911021058C00210C0
:1013000034C0021080842E4144C00210F8B504009D
:10131000DE4657464E464546BD4B616B5A6AE0B5C0
:10132000006B914266D89B6A834200D24BE1A56A6A
:1013300001F016FAFA2206000F000023920028009E
:10134000002102F0B7FC801979410B0080210200D6
:1013500009068B4202D30122AE4B52426363AE4D6B
:10136000A36922631A3B2A681B035340E022D2017F
:101370001340AA4A13600422A94B1A60FC322B685E
:101380001342FCD06868276A0004000C02F082F85F
:10139000E66A02F0FFF8391C02F0A9FC311C02F0E9
:1013A000C0FC391C02F0A6FCE3692A681A3B1B0347
:1013B0005340E022D2011340984A20621360042275
:1013C0008021974B49001A60934A13680B42FCD066
:1013D0005068656A0004000C02F05CF802F0DAF86C
:1013E000291C02F084FC311C02F09BFC291C02F039
:1013F00081FC60624423E35C002B00D18AE0E36B54
:10140000256C9B4660682818013002F0BFFC5B46E3
:101410005900490802F085FC02F0DAFC451BEB4359
:10142000DB171D40A368276999465B0806009A46AA
:1014300000217B085846984602F0A2FC00286FD095
:101440004B461F2B00D8C2E00323524613400833FB
:101450009A00D218734B9200D118484601230340DA
:101460007148013B8446DB030968DB0B63440B4096
:101470006E498C4662441360E3685A081F2B00D9FA
:10148000B4E0072111406A48DB07DB1703406948D5
:101490008A008446521863499200511809686344CF
:1014A0000B4062498C46624413601F2F00D998E0BC
:1014B000072243461A4093009B185A4A9B009446C1
:1014C00036046344360CFF0700D493E056493604D3
:1014D0001A6872400A40802149018C466169634460
:1014E0001A604B081F296AD807221A4093009B18DC
:1014F0004C4A9B0094462D0463442D0CC9076ED5BD
:1015000049492D041A686A400A40802149018C46E5
:1015100063441A60F0BCBB46B246A946A046F8BD7B
:101520001F2F58D9032243461A4008324049FF076B
:10153000FF170F403F4993008C469B18394A9B0088
:101540009A18126867441740384A944663441F60EB
:1015500063695A081F2B56D8072111403448DB070E
:10156000DB17034033488A00844652182D49920005
:101570005118096863440B402C498C46624413603F
:101580004B461F2B3AD8072253461A4093009B180C
:10159000244A9B0094464A4636046344360CD207DC
:1015A0002AD5214936041A6872400A40802149012F
:1015B0008C46E16863441A604B081F2994D90322C2
:1015C0001A40083292E7914200D0B0E612E70723B2
:1015D000524613403CE7072243461A40A6E7154906
:1015E00090E7032243461A40083264E70321114082
:1015F000083148E70F496BE70E49D4E70322534609
:101600001A400832C2E7032111400831A6E7C0465C
:1016100000400540FFFFFF7F00C0044000D00440B1
:1016200000E004400C0005400000FFFF0C100540E6
:101630000100FEFFFFFF00007047C046F8B5DE4620
:1016400057464E464546DB4CDB4B61685A6AE0B56F
:101650002068914228D89B6A834200D27EE1012112
:10166000D64A13784B40137000D181E1D0238022F9
:101670001B0692045A61D24B1D6801F071F8FA22E0
:1016800006000F00002392002800002102F012FB48
:10169000801979410B008021020009068B4202D398
:1016A0000122C84B52420CC4C74CC34B616B5A6AEF
:1016B000206B914266D89B6A834200D25EE1A56AA4
:1016C00001F04EF8FA2206000F00002392002800D5
:1016D000002102F0EFFA801979410B00802102000D
:1016E00009068B4202D30122B64B52426363B74DC7
:1016F000A36922631A3B2A681B035340E022D201EC
:101700001340B34A13600422B24B1A60FC322B68B8
:101710001342FCD06868276A0004000C01F0BAFE8E
:10172000E66A01F037FF391C02F0E1FA311C02F0E1
:10173000F8FA391C02F0DEFAE3692A681A3B1B0347
:101740005340E022D2011340A14A206213600422D8
:101750008021A04B49001A609C4A13680B42FCD0C0
:101760005068656A0004000C01F094FE01F012FF5D
:10177000291C02F0BCFA311C02F0D3FA291C02F039
:10178000B9FA60624423E35C002B00D18CE0E36B88
:10179000256C9B4660682818013002F0F7FA5B461A
:1017A0005900490802F0BDFA02F012FB451BEB4359
:1017B000DB171D40A368276999465B0806009A4617
:1017C00000217B085846984602F0DAFA002800D13A
:1017D00070E04B461F2B00D8D4E003235246134041
:1017E00008339A00D2187C4B9200D1184846012346
:1017F00003407A48013B8446DB030968DB0B634402
:101800000B4077498C4662441360E3685A081F2BEB
:1018100000D9C6E0072111407248DB07DB170340FF
:1018200071488A00844652186B4992005118096821
:1018300063440B406A498C46624413601F2F00D9F1
:10184000AAE0072243461A4093009B18624A9B0075
:10185000944636046344360CFF0700D4A5E05F4984
:1018600036041A6872400A40802149018C46616939
:1018700063441A604B081F296CD807221A40930052
:101880009B18554A9B0094462D0463442D0CC907B0
:1018900000D47FE051492D041A686A400A40802133
:1018A00049018C4663441A60F0BCBB46B246A94667
:1018B000A046F8BD1F2F69D9032243461A400832BB
:1018C0004849FF07FF170F40474993008C469B1874
:1018D000414A9B009A18126867441740404A944650
:1018E00063441F6063695A081F2B00D983E00721F6
:1018F00011403C48DB07DB1703403B488A00844625
:101900005218354992005118096863440B40344914
:101910008C46624413604B461F2B67D80722534600
:101920001A4093009B182C4A9B0094464A46360462
:101930006344360CD2073AD5284936041A687240F7
:101940000A40802149018C46E16863441A604B08D3
:101950001F2992D903221A40083290E7914200D100
:10196000A2E60121154A13784B40137000D07DE6A2
:10197000D02380221B0692049A617CE6914200D01B
:101980009DE6FFE60723524613402AE70722434617
:101990001A4095E714497FE7032243461A4008326C
:1019A00052E703211140083136E70F4959E70E4944
:1019B000C4E7C0462809002000400540E01D002083
:1019C000E0010020FFFFFF7F0014002000C0044062
:1019D00000D0044000E004400C0005400000FFFF80
:1019E0000C1005400100FEFFFFFF000003225346DC
:1019F0001A40083295E703211140083179E7C046C3
:101A000030B5037885B0441C482B2BD04D2B07D024
:101A1000452B03D12100354804F042F905B030BD13
:101A200043780230642B31D0732B4FD0532BF5D138
:101A300002AA2F4904F0AAFF029800B201F02AFD81
:101A400000222C4B01F091FC01F0A4FD041C02F0DB
:101A5000F7F902000B00284804F022F9274BDC6359
:101A60009C63DBE72000264902AB01AA04F08EFF4D
:101A70000228D3D1019B0A2BD0D1029A039B214982
:101A800021480A604B6004F00BF9C7E702AA184925
:101A900004F07CFF02991D4804F002F90520029C25
:101AA00001F01AF8FA21890001F012FA604301F0FE
:101AB000EDFC0022164B01F058FC01F003FD0F4B2A
:101AC00001001864134804F0EBF8A7E70B4D686AAF
:101AD00002F07EF90400286A02F07AF90E4B010048
:101AE0002200180004F0DCF898E7C0466CC0021031
:101AF00020C0021000408F4028C0021000140020B7
:101B000074C00210F813002080C0021034C002100C
:101B100080842E4144C0021058C00210F0B5D64651
:101B20004F4646466C4C6D4BC0B50520236000F017
:101B3000D3FF6B4901F0CCF900239946A36003332E
:101B4000636198461733A3610133E36100230125E4
:101B500002260C2723626362A363E3634423614A82
:101B6000042160600020E262E554E5602661A6621F
:101B7000276400F0C1F8D0231B069A465D62042159
:101B8000012000F0B9F8534604205E62A288564B4B
:101B90001A611A689643554A1660196826694140C9
:101BA0000F4049461760D9601B689D431560656901
:101BB0001F2E3ED81F2D00D882E044230022E2547D
:101BC00004F0C8FEA5691F21280000F095F8002246
:101BD0002800002100F0AAF82800002100F0BAF83F
:101BE000E5691F21280000F087F800222800002165
:101BF00000F09CF82800002100F0ACF8052000F06F
:101C00006BFFFA21890001F063F9C823584301F002
:101C10003DFC0022364B01F0A8FB01F053FC010013
:101C20002064344804F03CF8E0BCBA46B146A8460B
:101C3000F0BD1F2DC1D94346424677081F406B08AF
:101C4000134008370833BB42B7D1012398463340CD
:101C5000994643462B409945AFD03000042100F00F
:101C60004BF84346B340D026360604212800736261
:101C700000F042F84346AB40736214237B43626832
:101C8000194992B259180A6102220868824317481A
:101C9000844663441A604A460868002A16D008221F
:101CA00042400C2002401A6014220F487A438446B6
:101CB00000206244D060012209688A431A607FE7ED
:101CC000072277086B0817401340BCE704324240F4
:101CD0000C2002401A60E7E70014002024C3021021
:101CE000C8AF0000CDCCCC3D000005400010054041
:101CF00080842E4144C00210094A83009A1810B50E
:101D000014684022544080322240064CC000A44651
:101D100063441A60044B9C466044416010BDC04659
:101D200004C0014004D0014000400140074B800046
:101D3000C3181B68C90092000A435A400C23134081
:101D4000034A9446604403607047C04604C00140A3
:101D500004D001408000002905D0064B9C4640235A
:101D6000604403607047044B9C464023604403601A
:101D7000F8E7C04604E0014004F001400123D0220E
:101D80008340120693629361094A83009A1811688E
:101D90004022514080320A400649C0008C466344CC
:101DA0001A60054B9C460523604443607047C0465B
:101DB00004C0014004D00140004001400FB400B510
:101DC000084883B003F0B2FE049B002B07D005A99E
:101DD0001800019103F0EEFC034803F0A7FE012078
:101DE00003F000FD90C0021030C0021070B5EFF398
:101DF000108C72B60D4D2B68002BFCD0BFF35F8F9B
:101E00000724CB08C618C05C01230C40A3401C006B
:101E10000440034207D118433070BFF35F8F2C603A
:101E20008CF3108870BD1000FFF7C8FF2C0100D0A4
:101E3000F8B54746CE46884680B5EFF3108C72B6AB
:101E4000214D2C68002CFCD0BFF35F8F9A422CD818
:101E5000D4080727055D061901241740BC402C4211
:101E60001FD007210127894609E0D408055D06191E
:101E70004C4639001440A1400C00294211D00132D7
:101E80009342F2D201204042BFF35F8F00220E4BFB
:101E90001A608CF3108800280FDBC0BCB946B0462E
:101EA000F8BD254310003570EEE7BFF35F8F0023C8
:101EB0002B608CF31088012040424346002BECD06D
:101EC0000898FFF77BFFC0462C0100D0044A107829
:101ED000431CDBB2172B00D9102313707047C04688
:101EE000E401002010B5064B064C82B001000093BF
:101EF00018221F232000FFF79BFF02B010BDC04631
:101F0000A0C00210401800200021044B044ABFF377
:101F10005F8F02C39342FAD17047C046000100D0E0
:101F2000800100D0054B064A1360064A13605360D7
:101F30009360D360136153619361704780808080A8
:101F400000E400E004E400E01F2318401E3B83404F
:101F5000002905D0C021044A49005350136070473E
:101F6000802201498B50FAE700E100E070B50D00D6
:101F7000EFF3108672B60F4A1368002BFCD0BFF344
:101F80005F8F0D4B10309B6884001B590B4A9342A6
:101F900003D09D4201D000F095FE074B9B681D5178
:101FA000BFF35F8FBFF35F8F0022024B1A6086F38F
:101FB000108870BD240100D000ED00E0CD100210AB
:101FC000024B9C4661448900016070474000003428
:101FD00070B5114C114DAC420FD2FF262368002B77
:101FE0000CD0FFF773FF01002000FFF7E9FFA68088
:101FF000BFF35F8F0834AC42F0D370BDFFF766FFCC
:1020000001002000FFF7DCFF2671BFF35F8F08346B
:10201000AC42E3D3F1E7C046C8080020D80800204E
:1020200010B504000120FFF75DFF034BC3189B00B0
:102030002360BFF35F8F10BD400000340A4B196866
:10204000EFF3108072B60A68002AFCD0BFF35F8FEE
:102050001B68BFF35F8F00221A6080F3108840BFB7
:10206000002000217047C046BC1C0020F0B5DE46B1
:1020700057464E464546E0B583B0EFF3058203234D
:102080001340B54A990052580091904601229A4057
:102090009346B24B1A60B24B01935B46B14843631F
:1020A000434608229B5E9946002B3ADA43469B88BA
:1020B0001BB2002B00DB9DE043469B79002B00D038
:1020C000E1E0434608241C5F002C20DB43465A69AC
:1020D00063001B19DB00D3189D68DC686B1C00D102
:1020E00003E1A048009984466144826A0B69AE1AF4
:1020F0009B1A9E4213D35A46036A1A420FD099483C
:1021000000F026FB8C4202DCC7D18542C5D940BF16
:1021100003B0F0BCBB46B246A946A046F0BD0D6177
:10212000EDE7424652695B0092464B44DB009A441D
:1021300053469E68DF6800F00BFB8F42B6DC00D18F
:10214000F8E0002F00DAD9E05246534654691B6983
:10215000019A934200D1CCE0414652460820085EE5
:102160005288000421001043984704000D0023000A
:102170002B4300D1C2E0002D00DBDFE0300039004E
:10218000001BA94153469860D96000229A5E002A3C
:1021900000DA8BE743465D6953009C18E4002C1974
:1021A000A768E4688C4200DD80E702D1874200D94D
:1021B0007CE74646328108360DE08C4200D1C6E00D
:1021C0001E000023F25E002A0ADB53009C18E40084
:1021D0002C19A768E4689B18DB00EB188C42ECDD37
:1021E00053461A804B46338043469B881BB2002BD4
:1021F00000DA61E743461A69EFF3108172B613689B
:10220000002BFCD0BFF35F8F43469E8801234246DC
:102210005B42938036B21369BFF35F8F00221A606E
:1022200081F31088002E00DA46E743465D690833E3
:1022300042469C467700BF19FF00EF19BB68604615
:1022400098460823D15E9246FC68002907DA0EE022
:10225000A24246D018000023C15E002906DB4B00D5
:102260005B18DB00EB18DA68A242F1DD524606800B
:102270000023FE5E3980002EDCDA904643469B79CF
:10228000002B00D11DE7002342469371434646468A
:102290000821595E08364B1C00D138E7474689466D
:1022A000556902E006004B1C18D04B005B18DB00A0
:1022B000E8180A008C46E95E43881BB2002BF1DA6D
:1022C00001235B42DC178360C4604A4503D0318040
:1022D0003B8903803A81E1464B1CE6D1B8464C4627
:1022E000F2E69A684245B5D9C0E7631C00D0F8E62B
:1022F00005E7200023699847002825D15346424628
:102300001B8813811269EFF3108372B611680029DC
:10231000FCD0BFF35F8F4246514652880A80424646
:10232000494651801269BFF35F8F0021116083F32A
:102330001088BBE6864200D803E7B7E6094800F0FC
:1023400007FA001969411DE7656824680FE78742AD
:1023500000D835E744E7C046A81C00203C70054083
:102360006D2002100040054070B52E4C2569002DEF
:1023700004D00A212C48FFF723FE70BD2B4E032109
:10238000300000F0DBF9E660FFF7A0FD284B0322E8
:102390009C46D02322701B061B6801216370254BCD
:1023A0006044A3600F238000206102206380636982
:1023B0004942A18019800231198647311D83585244
:1023C00018315A5275325C3999521832013199528A
:1023D00018320131995218320131995208351832A8
:1023E0009D520231183299521832013199521832E5
:1023F00001319952183201319952183201319952F2
:102400001832013199520C4B0C49DC6001303562B5
:10241000FFF7ACFD01210320FFF796FD084B1D607F
:10242000A7E7C046E8010020BC1C00200040054092
:1024300040000034FFFF1000A81C00206D20021097
:102440003860054000487047E8010020F8B51F00DB
:1024500008AB1B7804001600002B08D100F080F9AF
:1024600032003B00121A8B41002B00DA53E0226944
:10247000EFF3108072B61368002BFCD0BFF35F8FB0
:102480000223E15E63694A005218D2009B180029BA
:1024900037DB1A8862802269BFF35F8F00251560E1
:1024A00080F31088069A9E60DF601A61079A5A616D
:1024B0005A8801325204520C101C002A1FD082B2DA
:1024C0005880080410432669EFF3108772B632680B
:1024D000002AFCD0BFF35F8FA2881A80A1802369F5
:1024E000BFF35F8F00221A6087F310880B492378AF
:1024F0008C4601329A40E36863441A60F8BD0120BB
:10250000DDE72369BFF35F8F00221A6080F3108834
:1025100001204042F2E70020F0E7C0463C200000E6
:1025200070B501000469EFF3108C72B620680028C2
:10253000FCD0BFF35F8F02200D5E4C69680040192C
:10254000C0002418002D37DB208848800869BFF3BD
:102550005F8F002606608CF31088E3606388049820
:10256000013320615B0405985B0CA26060611A1C5A
:10257000002B1FD093B22804628018430A69EFF33E
:10258000108C72B61368002BFCD0BFF35F8F8B8862
:1025900023808D800B69BFF35F8F00221A608CF35C
:1025A00010880B7801329A40CB6808498C46634406
:1025B0001A6070BD0122DDE70B69BFF35F8F002257
:1025C0001A608CF3108801204042F2E73C200000A2
:1025D00010B543890A1493421ADD53009B184269CF
:1025E000DB00D3180469EFF3108C72B62268002A5E
:1025F000FCD0BFF35F8F5A88090494B2090C8A4259
:1026000008D00369BFF35F8F00221A608CF3108833
:10261000002010BD8022120214435C800123026955
:102620008371BFF35F8F002111608CF31088044920
:1026300002788C469340C268012062441360E8E748
:102640003C200000F0B5D6464F464646C0B50400D3
:102650000D0082B0EFF305878946002F0ED0344974
:1026600000204B6AAB4203D38A6A0130A24226D3D0
:1026700002B0E0BCBA46B146A846F0BD2D4B984624
:10268000DB689A46434650461E7800F061F80B001E
:10269000514602000436B600715820008E1A2900F7
:1026A000801A99418F4211DC0ED020BF204A0020B1
:1026B000536A4B45DCD3926A0130A242D8D25B1BED
:1026C0005A1E9341D8B2D3E78642EED900F048F8BB
:1026D00022002B00121A8B41002B1ADB00230193DE
:1026E000154B2200009340462B00FFF719FF011EF7
:1026F0000FDD0F4B5A6A4A4517D39B6AA34212D388
:102700004046FFF765FF0A4A0020536A4B45AFD3A6
:10271000D1E7074A0020536A4B45A9D3926A0120AA
:10272000A242A5D2CBE74A45EAD120BFE8E7C0469E
:1027300000400540E80100203D20021010B5024A8B
:102740000248FFF753FB10BDBCC002104418002024
:102750000300416A0A00986A596A8A42FAD17047AE
:10276000034B596A0A00986A596A9142FAD1704734
:102770000040054070B504000D00174A536A190067
:10278000966A536A8B42FAD13000190024184D41E1
:10279000AB4216D813D0104A2B00526A954203D987
:1027A0000D494A6A9A42FCD39A4207D10A4A02E08A
:1027B000516A994202D1916AA142F9D370BDA642F1
:1027C000E9D9054B5B6A1C005A1CEFD00123012498
:1027D0006442E5175B42E3E700400540F8B50400BA
:1027E00006200D0000F078F9002844D0374B384916
:1027F000E3185A1E93418022120494465B429B0DBB
:10280000344A9B0563441360334A136018000A6816
:102810009043FBD12D4B314AE31859424B41802163
:102820005B0049000620995200F056F92900C000CB
:1028300000F04EFB0130C3091ED140270122626225
:10284000A362266BF30722D4E36A254B0620E51822
:1028500000232B60266300F03FF93900800000F070
:1028600037FB7023E26A5A400E3313402B601D4B36
:1028700023630323A364F8BD1B4A93421ED900239C
:102880001A4A1B4F6262A362266BF307DCD5194B11
:10289000144AE3181A60656AA36A0620AD01ED18B0
:1028A00000F01AF9144900F013FBAD0201002800F2
:1028B00000F00EFB0021FFF75DFFC5E74006800E2C
:1028C0009F011A003F180300B9E7C0460080FCBF13
:1028D00008C0004000E0004000F00040DC1D002087
:1028E0002C10000001030000FEFF0000FFFF0000AD
:1028F000C0FF3F00303000004E0E0000F8B5DE464D
:102900004E4657464546E0B58B4605000A991800E5
:10291000160000F0DDFA0A9B6C001F02324B6419AE
:102920009C46A4006444636881469F4200D9676066
:102930002B1FDBB29846012B30D9C02380229B018C
:10294000E31812011A60294BAD0059599A46002923
:102950001BD17301E026226853401E40802342466B
:102960005B01E3181E60012A30D9802380229B017D
:10297000E31812011A6053464A4667605A51F0BC88
:10298000BB46B246A946A046F8BD586900F0A0FA79
:10299000013043001B18033BFDD2DAE75B46012BF5
:1029A000CBD1C02303229B01E3181A60023AA3682B
:1029B0001A42FCD07301E0262268AD0053401E404D
:1029C00080230A4A5B019246E3181E605A4621683A
:1029D000514003220A401A6001225B469A40A368D4
:1029E0001A42FCD0C1E7C0460080004048180020D1
:1029F000F0B546464F46D646C0B51F00344B44009E
:102A00009C462418A4006444636888461600FF2B83
:102A100002D880235B006360031FDBB29A46012B60
:102A200030D9C02380229B01E31812011A60294B80
:102A300085005959994600291BD17301E026226867
:102A400053401E40802352465B01E3181E60012A5A
:102A500030D9802380229B01E31812011A60802361
:102A60005B0063604B465F51E0BCBA46B146A84686
:102A7000F0BD586900F02CFA013043001B18033BED
:102A8000FDD2DAE74346012BCBD1C02303229B01C1
:102A9000E3181A60023AA3681A42FCD07301E026D8
:102AA0002268850053401E4080230A4A5B019146FC
:102AB000E3181E6042462168514003220A401A6012
:102AC000012342469340A2681342FCD0C1E7C046AE
:102AD0000080004048180020014B8000C05870471B
:102AE00048180020F8B5040021481E0017000D000A
:102AF00000F0EEF90100380000F0EAF9069B360418
:102B00001B031E432368002B20DB1A4B1A49E318D2
:102B10005A1E93418022920194465B421B0B174A36
:102B20001B0363441360164A13601F000A6897432F
:102B3000FBD1144B2560E2182123A06013602368A9
:102B4000002BFCDA0823E6601360F8BD3F232268FF
:102B50001340AB42D9D1A3681B051B0D8342D4D1CE
:102B6000EE22E368D2021340B342CED1EDE7C04675
:102B7000001BB7000040FDBF08C0004000E000405F
:102B800000F000400430000010B580241C4BE40528
:102B90001C6000281AD001231A4C18431A4BDC6120
:102BA0001A4C44401C62596298628021144BC9053A
:102BB0001960174817490860E021C9041960002A04
:102BC00007D18022144B12061A6010BD0E4BD8613B
:102BD000EBE753019B1A9B009A18802312015B04B8
:102BE0009A4209D213000D490B60074B5A608022AC
:102BF000094BD2051A60E8E7094B1A00F3E7C04613
:102C000000B00540D3C007B0008005402D3FF84F0D
:102C1000FCFF01000820014000A005408C1C0020A2
:102C2000FFFFFF008023024A9B000B43D3627047E3
:102C300000800540142310B50100188804331B8858
:102C4000984710BD162310B50100188802331B8861
:102C5000984710BDF8B54746CE4680B50F1E19D02F
:102C600014239946043304000025012698464B4658
:102C70001888434621681B88984701C4431E984121
:102C8000013540420640AF42F1D13000C0BCB946E8
:102C9000B046F8BD0126F8E7AA23064A1B011360D7
:102CA0008D235B00D3600449044B19605368002BEB
:102CB000FCDA70470040024000B0FA0000600240B9
:102CC0007047C04610B50148FFF778F8E0C0021021
:102CD00070B5074D074EB54209D20024013E761B60
:102CE000B60808CD984723000134B342F9D170BD2E
:102CF000D808002014090020054B064A06491A602E
:102D0000064A074B1A6010000B689843FBD17047C6
:102D100000E00040BFCDFBFE08C00040FE7F3C004D
:102D200000F00040044BDB6C002B03D18022034BEE
:102D3000D2021A607047C046000011504C2011505A
:102D4000044A054B1A60054A1368DB018033FBD146
:102D50007047C046FFFFFF0100F0004008C0004080
:102D60004022034B9A675A671A67DA667047C04673
:102D700000F0014010B5FFF7C7F810BD70B5044D65
:102D8000044CA968C022200001F02CF9AC6070BD91
:102D900000ED00E000000020002310B5294C82B0B7
:102DA000A367FFF779FF0122274B1A60636C012BA1
:102DB000FCD10322254B1A60224A936B012BFCD1D4
:102DC000013300930121224A22480433FFF78AFE8F
:102DD000052301210093204A2048FFF783FE0022AB
:102DE000022104201E4BFFF703FE002201210520D3
:102DF0001C4BFFF7FDFD0022002107201A4BFFF7B7
:102E0000F7FD002200210820174BFFF7F1FD80237A
:102E1000DB000093002200210920134BFFF76EFD19
:102E20000022104B00210620FFF7E2FD0420FFF7EF
:102E300053FE0E4900F04CF801000020FFF7F2FEAF
:102E400002B010BD008000403CB0004030B00040F7
:102E5000002F685900800240008C864700C0024065
:102E6000001BB70040597307006CDC0240420F00A2
:102E700001480421014B184700020020552C021084
:102E8000124A936F9B0815D29066D166002905D02F
:102E9000FFE7FFE7FFE7516F106F704704B5802130
:102EA0000906C2175140002800D0C84309F0A0F815
:102EB000002104BDF0B5146E556E576F166FFFF705
:102EC000E3FF1466556657671667F0BD000000D033
:102ED000114A936F9B0813D210665166002905D0E2
:102EE000FFE7FFE7FFE7516F106F704704B5002859
:102EF00001D00020C04309F07BF8002104BDC0468A
:102F0000F0B5146E556E576F166FFFF7E5FF146638
:102F1000556657671667F0BD000000D094464A4AD0
:102F2000926F9208624601D228E0C046F0B5464E44
:102F3000346E756E776F366F00F020F89446424A13
:102F400014665566576716676246F0BD94463E4A5A
:102F5000926F9208624601D254E0C046F0B53A4EF4
:102F6000346E756E776F366F00F04CF89446364AC3
:102F700014665566576716676246F0BD002B24DB62
:102F800011D000293EDA00B5C943404200D10131D9
:102F900000F038F8C943404200D10131DB435242CE
:102FA00000D1013300BD002AEBD1002801D1002956
:102FB00005D00020C90FC90701D1C043410800B5A1
:102FC00009F00EF80022002300BD00B500290ADB3D
:102FD000DB43524200D1013300F014F8C9434042B0
:102FE00000D1013100BDC943404200D10131DB4372
:102FF000524200D1013300F005F8DB43524200D1C8
:10300000013300BD002923D1002B18D1002A0CD098
:10301000BC460D4F38667A6600210023FFE7FFE7C4
:10302000FFE77A6F386F67467047002801D007487E
:10303000010000B508F0D4FF0022002300BD02000B
:103040000B00002000217047000000D0FFFFFFFFB1
:10305000002B00D0BFE0130C28D1002AE7D080B4A9
:10306000114F39667A66FFE7FFE730B4040C7B6FD7
:10307000396F1B0423433B667A66FFE7FFE7FFE7F0
:10308000C04684B27B6F3D6F1B0423433B667A6668
:10309000FFE7FFE7C04600232C042D0C7A6F386F42
:1030A00000196941B0BC7047000000D0F0B59446EB
:1030B0000025140E01D112020835140F01D112019E
:1030C0000435940F01D192000235D40F01D1520082
:1030D0000135D40B0134254F7C66254C3C660E0C23
:1030E00093B2FFE7FFE7FFE73C6F6643360C7703D9
:1030F000BE467343DF0B5B04C01AB941130C734324
:10310000DB18C91ACE086643360CB64493B2734333
:103110001F0F1B01C01AB941130C73431F0B1B0572
:10312000C01AB941860D8F023E436643360C092D05
:1031300024DB520A7243801A7703460A6643360C30
:1031400016235B1BDE40DF40BF1964466643821BCB
:103150007046043506330100D940A840C01900D399
:103160000131A24206D20023F0BD0000000000D0D1
:10317000FFFFFFFF121B0130F3D3F1E709277F1B8D
:10318000FE406446A2B27243801A00D20139220C7A
:103190007243130C1204821A99410B0070460435D5
:1031A00013370100F940A840801900D30131002BEA
:1031B00002D1A2420AD2F0BD013000D30131121B6C
:1031C000FAD2013BF8D1A24200D2F0BD013000D3C7
:1031D0000131121BF7E7F0B51C0C00D080E00CB4F5
:1031E00000251C0A04D11B02160E334312020835B7
:1031F0001C0B04D11B01160F3343120104359C0B29
:1032000004D19B00960F334392000235DC0B02D1B0
:1032100092185B4101351C00971864410134464FF8
:103220007C66464C3C660E0CFFE7FFE7FFE7C046B6
:103230003C6F6643360C7703BE4697B27743C01B9C
:1032400000D20139C01B00D201399FB27743C91B9C
:10325000C91B170C77437E04FF0B801BB941CE08B6
:103260006643360C0C2D33DBB644120B1F053A4374
:103270001B0B97B27743C01B00D201399FB2774333
:10328000C91B170C77433E043F0C801BB941860DC8
:103290008F023E43664329277F1BFE400C3D774645
:1032A000AF40BF1930BCA2B2ABB272437343801AB5
:1032B0009941220C7243130C1204801A99410200A6
:1032C0000B000137001BA941F9D2781E0021F0BD87
:1032D0000C277F1BFE4077467F0BAF40FF19E0E7CE
:1032E00000245D1C07D0144F7D663966FFE7FFE7B9
:1032F000FFE7FFE73C6F95B29EB265436643401B14
:10330000B141150C1E0C6543664336042F0C3E4339
:103310002D04401BB141994204D202000B00200051
:103320000021F0BD01D19042F7D3801A99410134B8
:103330009942F2D3F6E70000000000D0FFFFFFFF44
:1033400048404140484018B41B4B5B68FC46019321
:1033500008BD04DF8336021018B4174B1B68FC4607
:10336000019308BD00DF8D3602109446134A926F18
:10337000920809D2624618B40F4BDB68FC460193F1
:1033800008BD0CDF453902100C4AF0B5146E556EBD
:10339000576F166F6246FFF7EEFF084A14665566D0
:1033A00057671667F0BD18B4034B9B68FC46019342
:1033B00008BD08DFE937021048140020000000D0E3
:1033C000FFB550404240504059404B40594000E00A
:1033D000FFB5154F4C00640D03D0BC4204D10C0363
:1033E00014D80020090D09055C00640D03D0BC420F
:1033F00004D11C030AD800221B0D1B0501264B40DB
:1034000009D44B4003D58B4200D18242FFBD994283
:10341000FCD19042FFBD0B43DB1803431343F5D0AF
:10342000C9434918FFBD0000FF07000000B5FFF7C2
:10343000CFFF01D0002000BD012000BD00B5FFF787
:10344000C7FF804100BDC04600B5FFF7C1FF01D9ED
:10345000002000BD012000BD00B5FFF7B1FF01D97C
:10346000002000BD012000BD00B5FFF7A9FF80418D
:1034700000BD012040054A00121804D85A00121855
:1034800001D800207047012070470000002100286B
:1034900005D17047C1174840401AFAD0C90713B583
:1034A000064B1B6898470CBC441CA2401005120B2D
:1034B0000349091B09051943114310BDB81C00201D
:1034C0001F04000010B54C00620D8023D218DB00F1
:1034D000D21A5B057E2A10DD9E3A13DACC17090357
:1034E000490819435242D140640001341532202A60
:1034F00005DAD0400843604310BD002010BD0846E7
:10350000604310BDC80FC018013810BD18B4044B7B
:103510005B6AFC46019308BD24DFF53A0210000007
:103520004814002018B4044BDB6DFC46019308BD21
:103530005CDF013C0210000048140020C94211D396
:1035400000B549004908002200F018F8002904D409
:10355000002240428A41114600BD80210906002018
:1035600000BD000018B4044BDB6EFC46019308BD9F
:103570006CDF033B021000004814002018B4044B19
:103580009B6FFC46019308BD78DF1F3B02100000D3
:103590004814002018B4044BDB6FFC46019308BDAF
:1035A0007CDF8D3B0210000048140020132370B50F
:1035B0001D78012D19D014DD1F48FFF743FB0600CD
:1035C0001E48FFF73FFB1E4C80223100200000F018
:1035D00009FD022D2DD01B48FFF72CFB1A4B18605C
:1035E00070BD1A4B164CA364F5E7184B144C2360BE
:1035F0006360A360E36023616361A361E3612362AD
:103600006362A362E36223636363A363E36323648C
:103610006364A364E36423656365A365E36523666C
:103620006366A366E36623676367A367E367A364D0
:10363000D1E7064BA364CEE7534400005346000095
:10364000481400204C330000B81C002051360210F2
:1036500007B5604601880A0A0230DF2AFAD1C9B2EA
:10366000820804D3028840880004104300E0006808
:10367000014A5050039007BD481400200FB403BC0A
:103680000CBCF0B50124E407634000E0F0B50C0D7C
:10369000CF0F661E3605891B640503D3C94340421C
:1036A00000D30131640D03D0661CF60A07D0E41B79
:1036B00000207F00791C89078912803C24031D0D9E
:1036C000DF0F6E1E36059B1B6D0503D3DB43524295
:1036D00000D301336D0D03D06E1CF60A07D0ED1B2D
:1036E00000227F007B1C9B079B12803D2D032F1B1C
:1036F000661B58D4A446202E46DA20371400BC405E
:103700001D00BD40F24033412A4380185941CB0F80
:1037100005D0C943C0430022644250415141624632
:103720004D0D28D10D0D07D100281FD0241940417F
:103730004941013A0D0DF9D0640006D3013000D3A0
:103740000131002C01D140084000013A0BD4941CF7
:10375000E40A04D112051144DB071944F0BDD9076E
:10376000204B194300E0D9070020F0BD0029DDD12E
:10377000002CDBD1F0BD0132C6074008CD0728433D
:103780004908002EE1D0D9E73C2E29DA203E403707
:103790001400BC4000D00124F24014431A00BB4086
:1037A0001C43D317ACE7AC46202F08DA20360400C0
:1037B000B4400D00B540F84039412843A5E73C2FFF
:1037C0000CDA203F40360400B44000D00124F84019
:1037D00004430800B1400C43C117EAE71000190088
:1037E000002494E70000F07FF0B50C0D661E36054E
:1037F000891BE60A6405640D02D0651CED0A04D03D
:10380000002001210905803C2403A4461C0D671EED
:103810003F05DB1BE70A6405640D02D0651CED0A59
:1038200004D0002201231B05803C2403774064441C
:1038300097B484B296B27443070C7E43150C6F4361
:1038400080B26843361802D3012000043F183004C8
:10385000350C00197D41844688B29AB250430C0C55
:1038600062431F0C7C438EB27E43921902D3012621
:103870003604A4191604170C3618674101BC81B22E
:103880009AB25143040C62431B0C5C4380B2584310
:10389000121802D30120000424181004130C40183D
:1038A00063412D185E410020474106BC88B293B2A7
:1038B00058430C0C6343120C544389B251435B18B8
:1038C00002D301210904641819041A0C0918624171
:1038D0006D1856410020474118BCF902720D114382
:1038E000F0026A0D1043ED020A0D03D16D1940413B
:1038F0004941013B124E9B1B7600B3420ED26D0034
:1039000007D30130002671416646354301D1400896
:1039100040001B05C918E4072144F0BD0BDA013350
:1039200006D1013004D101314F0D01D04908F2E731
:10393000E1070020F0BD013631050020EBE7000073
:10394000FF030000F0B51C0D671E3F05DB1BE70AF7
:103950006405640D02D0661CF60A04D0002201231F
:103960001B05803C2403D0252D060026F6432E6639
:103970001E096E66CE0FF619B44649004F0D02D0EF
:103980007E1CF60A03D000200021403F3F033E1B6F
:10399000B600B444013F7F05C91B49082E6F0136AC
:1039A00076089C02950D25437543ED137543AD13C1
:1039B00001356D10F603761B0CB4CC02450D2C437B
:1039C000A2B2B3B25A43270C7B43350C6F43A4B267
:1039D0006C431B1902D3012424043F191C041D0C41
:1039E000A4187D4124196D41009A91B2ACB2614393
:1039F000170C7C432B0C5F4392B25A43A41802D39A
:103A000001221204BF182204230C52187B41019C8E
:103A10006C431B19520ED9010A434401A01A81B20A
:103A2000B2B2514303145A43360C734387B27743FF
:103A3000D617D21900277E4136049B191704160C9D
:103A40007F185E417316ED18F3010026803375412F
:103A5000A90F06D16400690AE8055B0A184309D278
:103A60002FE00422944480337541A90AA8059B0ADB
:103A7000184326D3404149412404009A019B0D007C
:103A80005543641B4343E41A95B286B27543170C41
:103A90007E43030C5F4392B25A43B61802D301220D
:103AA0001204BF183204330C52197B4152429C411C
:103AB000002C02D40022013051414008CA071043B3
:103AC000490802B06246D7079210084BD218084B3B
:103AD0009A4203D212058918C919F0BD0020002AA4
:103AE00001DC3900F0BD01331905F5E7FD030000E5
:103AF000FE070000002200B5203200F010F8080098
:103B000000BD002200B500F00CF8CA179A4200D19F
:103B100000BDD8430121C907414000BD00220B155B
:103B20000AD410B5944600F0A7F81414013400DA52
:103B30000021CB17144C204700200021704762441D
:103B4000343A0CD40C2A07DA0400914090405242D7
:103B50002032D440214310BDD843D94310BD203278
:103B600007D40C469440524220321141D0402043A9
:103B700010BD0800C917203203D452422032104130
:103B800010BD1800190010BD3F3B02104A00520D35
:103B9000144BD21A13DDFF2A1EDAD205CB0FDB0736
:103BA0001A43C300400F0903490A084310435B004E
:103BB00001D301D0013070474308FBD2704702D0D7
:103BC000C80FC00770470A0312130132F8D1420F21
:103BD000072AF5D1012200E0FF22C80F0002801859
:103BE000C00570478003000000210A00002104E0A6
:103BF00000210A00C11704E00022002306E0C046AD
:103C00000022CB1758405940C01A994130B5184C82
:103C1000A21A002903D1010010D00020203A4C152F
:103C200012D104D2013A001849414C0DFAD3114C7B
:103C3000A24204D212058918DB07C91830BDD2434D
:103C4000520D00200021F5E703D4013A0018494144
:103C5000FBD50B324405C00A4D052843C90A640050
:103C600003D0002460416141E1E7E0D34408F8E774
:103C700032040000FE0700000A0DCC0F531E1B0586
:103C8000C91A520503D3C943404200D30131520D32
:103C900003D0531CDB0A07D0121B00206400611CF8
:103CA00089078912803A1203014BD21A704700002B
:103CB000FF03000051434343C9188C46110C83B2E3
:103CC0004B4310B4040C614392B280B25043624340
:103CD0001C041B0C001910BC59411304120CC01811
:103CE00051416144704700004840414048400E4BFC
:103CF0005B6818470C4B1B6818470C4A936F9B086E
:103D000002D2094BDB681847F0B5146E556E576F39
:103D1000166FFFF7F6FF054A146655665767166774
:103D2000F0BD014B9B68184748150020000000D0EB
:103D300007B548404140484001E0C04607B5420051
:103D4000120E03D0FF2A03D1420218D8C00DC005BD
:103D50004A00120E03D0FF2A03D14A020FD8C90D20
:103D6000C9050122414005D4414001D5814207BD2A
:103D7000884207BD0143491801D0C043001807BD60
:103D800000B5FFF7D5FF804100BD0000C10FC90796
:103D900000D54042002817D0F44603B40B4B1B68F3
:103DA000984706BC81409E384042803107D20B06BE
:103DB00007D04900490AC005104308436047013055
:103DC000F8E7490A8902F5E770470000B81C0020AF
:103DD00041000A0E80231B067E2A0BDD9E3A0BDA79
:103DE000C1174002400818435242D04049000131F7
:103DF0004843704700207047C00FC0180138704713
:103E0000C0420DD300B540004008002100F012F878
:103E1000002801D4404200BD8020000600BD000003
:103E2000034BDB69FC4618471CDFE53E021000002F
:103E300048150020014B5B6A184700004815002018
:103E4000034BDB6FFC4618477CDFFD3E0210000091
:103E500048150020132310B512481C78FEF7F2FE17
:103E60000100012C0AD003DD80220F4800F0BAF8CF
:103E70000E48FEF7DFFE0E4B186010BD0A4C5422B0
:103E8000200000F0AFF80B4B6365A365E365236684
:103E90006366A366E36623676367A367E3672362DA
:103EA000E361E5E753460000481500204C3300006D
:103EB000B81C0020B93E021007B5604601880A0A06
:103EC0000230DF2AFAD1C9B2820804D302884088BE
:103ED0000004104300E00068014A5050039007BD01
:103EE000481500200021C2158032803201D0024ADC
:103EF0001047002070470000CD2A0000C30FDB07E9
:103F000041000A0E07D0FF2A08D00909054A89187E
:103F10001943400770471900002070470249C9182B
:103F2000FAE70000000000380000F07F70B50400E0
:103F30000A4E300008F06CF8200004F085F9050006
:103F4000300008F045F8002D05D0054B2C199C4297
:103F500001D8280070BD0348FDF730FFC8080020D5
:103F600000000420ECC0021070B505000C000B4EE0
:103F7000300008F04DF82800210004F04BFD05004A
:103F8000300008F025F8002D05D0054B2C199C4277
:103F900001D8280070BD0348FDF710FFC8080020B5
:103FA00000000420ECC0021070B50400054D28008C
:103FB00008F02EF8200004F051F9280008F008F865
:103FC00070BDC046C808002001480421014B1847B5
:103FD00010020020552C0210014B1B6818470000EE
:103FE00010020020014B5B681847000010020020FF
:103FF00010B5FFF7D9FF10BD9A4200D28854704720
:104000007047C046F8B55746DE464E464546E0B5D1
:1040100099460A9B07009A460D9B884693460B9C3F
:104020009B073BD10C9B9C423DD21E1B0B94150061
:104030000C005E442A004B46013521002020B84781
:10404000B542F7D1A0460B9C002C20D0454636192E
:104050005346321B013C185D29004B46B847002CE3
:10406000F6D12B00350098460D9B9B070FD55B467C
:10407000EC1A0C9BA3420AD9464698462A004B46A6
:10408000310020200134B84701354445F6D32800DB
:10409000F0BCBB46B246A946A046F8BD16001500C6
:1040A000002CD3D1E0E71600002CCFD11500EEE7AD
:1040B000F0B54F464646D646C0B584B098460EABDE
:1040C0001B7894469946129B0D9C109F119E9A074F
:1040D00025D4002E65D1BC4221D201221A4092463D
:1040E000202C00D1E9E00C9A551E302202E0202C51
:1040F00000D17BE001342A55A742F8D85246002A65
:104100000DD0B4420BD20C9A551E3022202C02D175
:1041100071E0202C2DD001342A55B442F9D1DA06B1
:104120003CD55A052ED4002C28D10F9A102A00D144
:10413000B6E0022A00D1BCE030220C9C227001249F
:104140004A46002A65D15A0700D499E02B220C9DDB
:104150002A55013403930C9B624600930296434612
:104160000194FFF74FFF04B0E0BCBA46B146A84641
:10417000F0BD2024DA06EDD55A0503D4A74266D057
:10418000B44264D00F9A102A71D0022A57D0202C42
:10419000E0D02200013430250C9FBD54202CD9D012
:1041A000CEE7012215001D40AA461A4236D04A46E3
:1041B000002A4AD10C321A4247D1BC42A1D2202C4B
:1041C00091D1202E17D82024DA06C3D55A051BD446
:1041D000202F01D0202ED5D11F220F9D102D6FD062
:1041E000022DD8D162250C9FBD54D0E75246002A3B
:1041F00079D0202EBDD92024DA06ABD55A0503D4B8
:10420000202FE9D0202EE7D00F9A102AA2D1202407
:10421000A0E72D220C9D2A5501349BE7BC4200D318
:104220007DE7202C00D05EE7DA06F0D55A05EED403
:10423000202F62D0202EEAD134001F22CDE7202C7F
:1042400000D187E722000134CCE7013EB5E7621ECA
:10425000012CC2D10F9A102A00D06AE79A063BD5EA
:1042600058220C9C2270283A6270022468E79A0651
:104270000ED4202CCBD078220C9D2A55013486E711
:104280001A0700D466E720220C9D2A55013461E705
:10429000202CBCD058250C9A12191570013476E7E1
:1042A0009A0608D558220C9C227030226270022493
:1042B00046E76032F7E77822F5E7002A83D1B3E7D3
:1042C000A21E013C9D0603D478250C9FBD5460E7D7
:1042D00058250C9FBD545CE778220C9C2270483A0C
:1042E000627002242CE7DA0600D433E75A058BD437
:1042F000202F00D044E71F226FE73C001F226CE70D
:1043000010B5002800D110BD01F0C4FBFBE7C0468A
:104310000B0010B5002802D049681B68984710BDF3
:10432000F0B557464E464546DE46E0B599B0824662
:10433000894690460893229A239B10001900FFF7A4
:1043400098F8002800D0CDE0229823990122D94B7B
:104350005242FFF789F8002800D0C3E02298239941
:104360000122D54B5242FFF769F8002800D0B9E08E
:104370002298239900220023FFF760F8002800D03C
:10438000F1E1229E239F8023269ADB001A400D92A2
:10439000269A1A4201D1062324938023269A1B01D0
:1043A0001A403B0093460996334300D0B3E0002AFD
:1043B00000D0C2E1002300240A930B9400230425BB
:1043C0000993259B0024AB4200D95C1B0223269A4B
:1043D0001A400C92269A134203D06B426B415B4207
:1043E0001C40099B002B07D00A9A0B9B3000390018
:1043F000FEF7BBFF06000F0022982399002200233E
:10440000FFF71CF8002803D0802109067B181F0045
:10441000269AAA4B009601971340089E0493249B6A
:1044200003940293424633004946504600F0AAF9ED
:104430000400002D67D02020269A49460240130030
:104440005A4253415B42621C18400A9233002200D8
:104450004530D047099A6F1ED317D4185C40D30F4C
:104460009B46002501E0202D13D008AA94461F2367
:10447000200063440A2101355E19FEF729FD303121
:10448000317020000A21FEF723FD26000400092ECA
:10449000E9D805230693002304930A3303935B466C
:1044A000089E029310AB0A9A009349463300504687
:1044B00005970195FFF7FCFD0C9A0400002A22D015
:1044C0004246851A259AAA421DD9B046574616007B
:1044D00022004346494620200135B8470134AE4208
:1044E000F6D810E0269B42460493259B4946039349
:1044F000249B50460293229B239C00930194089B8B
:1045000000F040F90400200019B0F0BCBB46B246F0
:10451000A946A046F0BD6A4B78009C46400D604419
:10452000FEF7B8FF674A684BFEF73DFF674A684BE6
:10453000FEF712FF674A3B031B0B1A4304000D00F2
:1045400009981100644B0022FEF7FDFE634A644B9C
:10455000FEF729FF02000B0020002900FEF7FCFEF9
:10456000FEF7B0FF0990FEF795FF5E4A5E4B040030
:104570000D00FEF718FF00225C4BFEF7EDFEFEF784
:10458000A1FF5B4A5B4B29000C902000FEF70BFF5C
:1045900004000C980D00FEF77DFF574A574BFEF7BD
:1045A00002FF02000B0020002900FEF7CCFE0400F1
:1045B0000D0002000B000A940B95FEF7F4FE0400B8
:1045C0000D000A980B9902000B00FEF7C5FE0022B1
:1045D0000E900F914A4B20002900FEF7C6FE0022E4
:1045E000484BFEF7B9FE02000B0020002900FEF741
:1045F000BCFE0022444BFEF7AFFE02000B00200081
:104600002900FEF7B2FE0A9A0B9B0D0080210400E0
:10461000C9050020FEF797FE02000B0020002900CC
:10462000FEF79AFE02000B000E980F99FEF79DFE12
:104630000022284BFEF790FE344B0C9C9C466444B1
:1046400023050022FEF7AFFE04000D0002000B0060
:10465000300039000A940B95FEF7F0FE00285DD17A
:1046600023002A00C625099963318D42AD41594680
:104670006D420435002900D1A3E6134363D0300016
:104680003900234A234BFEF7E7FE002807D000221B
:1046900030003900204BFEF7D1FE002853D1249B77
:1046A000002B00D18DE60D9B5A1E9341249AD31AFC
:1046B000249386E6FFFFEF7FFFFFEFFFFFF7FFFF8B
:1046C00001FCFFFFFB799F501344D33FB3C8608BBD
:1046D000288AC63F0000F03F0000F83F61436F6347
:1046E000A787D23F71A379094F930A400000E03FAA
:1046F0001655B5BBB16B0240EF39FAFE422EE63FCC
:1047000000002C400000244000001840FF0300007F
:104710002D431CEBE2361A3F80842E41099B002278
:10472000013B09932000164B2900FEF71EFE0A00EC
:10473000010003000A910B9294E7002300240A93DE
:104740000B9400230993249A099B9A4214DDD31AEF
:10475000013B24938023269ADB001A430023002583
:10476000269209932DE6802212069446229B1E0073
:10477000239B63441F0006E600232493EAE7C04618
:1047800000002440F0B54546DE464E465746E0B5AB
:1047900095B08B46904699461E9A1F9B0A90190029
:1047A0001000209DFEF765FE002800D0B0E11E98A5
:1047B0001F990122C74B5242FEF740FE002800D04D
:1047C00037E11E981F990122C34B5242FEF74CFE5F
:1047D000002800D0A7E01E981F990022BF4BFEF7CB
:1047E00043FE002800D088E01E981F990022BC4B91
:1047F000FEF724FE002800D07FE01E981F990022BB
:104800000023FEF71BFE002800D0FAE000230B93E4
:104810008023229C229ADB001C401A4200D102E134
:10482000092D00D87CE106A98C462C001722002314
:104830003021093C62440133D154EF1A202B00D1BE
:1048400032E1A342F7D10022A44B069207931E98AF
:104850001F99FEF737FE0500FEF71CFE02000B0055
:104860001E981F99FEF76FFD069A079BFEF79BFDAA
:1048700008900991FEF74AFE0600FEF707FE0200C7
:104880000B0008980999FEF75EFD0022954B0890F1
:104890000991FEF7E9FD002800D1D2E00136300091
:1048A000FEF7F4FD069A079BFEF7D6FD002801D01F
:1048B00000260135AA46002F00D098E02800FEF718
:1048C000E9FD02000B001E981F99FEF73CFD854B89
:1048D000002206000F00FEF7B1FD0CAB9A4600283F
:1048E00045D10022300039007E4BFEF7BDFD002887
:1048F0003DD1EB073BD5013539E0229B424604937D
:10490000219B594603930A981E9B1F9C0295009376
:1049100001944B46FFF704FD15B0F0BCBB46B24610
:10492000A946A046F0BD229B5B0767D403226E4BCD
:1049300022990192039121990291009342464B469C
:1049400059460A98FFF75EFBE6E706AA9446172346
:10495000280063440A2101341E19FEF791FA303110
:10496000280031700A21FEF78BFA051E76D0202C24
:10497000EBD10323229A1340012B1DD1219B002B45
:104980001AD00B9B002B00D0BBE0229A0C331342B1
:1049900000D0B6E0219BA34200D887E006AB9C463E
:1049A00017223023624404E02199013413558C42CC
:1049B00059D0202CF8D12024229B01940393219BD1
:1049C00002935346B9E706AA944617230A21634483
:1049D000300001341D19FEF77BFA303129703000A8
:1049E0000A21013FFEF774FA092E46D90600202C51
:1049F000E9D155460CAB20249A46B8E704223B4B3C
:104A000096E71E9A1F9B00200021FEF79CFC0123C5
:104A10000B938023229C229ADB001E901F911C4046
:104A20001A4200D0FCE60022314B0627069207937B
:104A30000DE7229B0393219B0293042301932D4BAB
:104A40007BE7002208980999264BFEF7F7FC00281F
:104A500000D02FE7002E4FD101362BE70323229AF7
:104A60001340012B66D0202CA6D00B9B002B1FD00F
:104A70002D235246135501349EE75546202CB9D0BC
:104A800030233A19002F08D0172006A9013409183D
:104A90000B55202CAED09442F6D10CAB9A462E2367
:104AA00052461355013462E72024CCE6202C83D0F3
:104AB000229B5B0708D4229B1B0700D47CE72023A2
:104AC00052461355013477E72B23524613550134D0
:104AD00072E7C046FFFFEFFFFFFFEF7F65CDCD41DF
:104AE00065CDCDC10000E03F48C1021040C10210B9
:104AF00080842E4150C10210F30700D4DAE601365B
:104B0000D8E6219B013B2193A34200D946E7AAE7BF
:104B1000229B0393219B029303230193074B0CE7F2
:104B2000074BEA009B185C681B682F0006930794EC
:104B300000248CE6219B002B95D022E74CC102106B
:104B400038C50210F0B55746DE464E464546E0B53C
:104B5000A5B01F002E9B91460D93CA4ACA4B8246B0
:104B60008B461A60002900D129E200233878984644
:104B7000002800D12BE2C54B44460C93C44B55464C
:104B80004E460E930AE0631C9846220033005946B5
:104B9000A84744463878002800D187E00137252807
:104BA000F1D108239A46043B9946023B9846013BC3
:104BB00000229C460B943878791C0300203BDBB222
:104BC000102B03D80C9C9B00E3589F460300303BFE
:104BD0000B9C0B92092B3AD9002398462A2800D126
:104BE000DDE000239A462E284BD00300683BDBB261
:104BF000122B1ED80E9A9B00D3589F4663460F0077
:104C00001A43D8E743460F001A43D4E74B460F0038
:104C10001A43D0E710230F001A43CCE753460F0086
:104C20001A43C8E780235B000B9A78781A430B92EB
:104C300001310F0067284FD82428A4D90300253B51
:104C4000DBB2422B9FD893499B00CB589F46002351
:104C500098460B9B47469C4600E00131BB00DB19A0
:104C60005B001F180878303F0300303B092BF4D954
:104C700063460B930023B8469A460F0001312E2855
:104C8000B3D180200B9AC00002430B9230225242D3
:104C9000944678780B0084446246092A00D8AAE139
:104CA0002A2800D1B9E10F0001319EE7A046AA46AB
:104CB000B146C84503D301235B424B4498464B465B
:104CC000424659460020D047200025B0F0BCBB46E4
:104CD000B246A946A046F0BD01006939C9B20F2904
:104CE00000D950E701238B409C466B4B99466346A5
:104CF0004A4613400F9362464B461A4200D068E181
:104D00000A2956D0072900D03DE70D9B02CB9846D3
:104D1000002900D092E10B9B10211A008A43100059
:104D200011310843814680201A00C0000240110062
:104D300003421CD114AB9C461F220F2362440D95E5
:104D40009C4615000F9B0B9402E0202B0CD0110009
:104D500064460C4020003730092C00D80738013356
:104D6000E8540A090F29F0D80B9C0D9D0F934B4670
:104D700008220693534605920832039200220493B8
:104D80000F9B029201931CAB220000935946330003
:104D90002800FFF78DF9434604000D93FAE60D9BBA
:104DA00004CB9046002A79DB78780D930F0001310F
:104DB00017E70D9B02CB14930B789C4618005346C3
:104DC000002B00D134E1002815D05346013B0133BC
:104DD00099460D940B9C89444A460B00A14601E07C
:104DE000934203D05C780133002CF9D14A465B1A18
:104DF0000D9C0B920F938023DB0099460B9A134076
:104E00000D934B461A4204D00F9B534501D953468C
:104E10000F93022399460B9A13400B934B46134270
:104E200000D1F5E16346002B00D1D6E10D9B002BAC
:104E300000D182E10B1BD14631009A463B00A144D0
:104E40002E005F464D4622009B46894609E04B46B0
:104E50003900541CB0475346185D002800D192E138
:104E600022009542F3D14B465A46A946BB4635002F
:104E700017001E004C460B9B002B00D0ADE1149B8D
:104E80000D9387E6454B0210881C00209CC302103E
:104E9000E0C302102CC40210419000000B9A283885
:104EA00002430B9242465242787890460F000D938F
:104EB000013196E678786C2800D15DE180230B9A69
:104EC0005B001A430B920131B3E680239B00ABE6F3
:104ED0007878682800D148E180230B9A01311A4381
:104EE0000B92A6E6672800D1B2E0472800D11AE16C
:104EF000452800D11CE10B9A0721049242460D9BE4
:104F00000392073352468B43190002920CC92800C2
:104F1000009201930D91220033005946FFF700FAE9
:104F2000040037E6462800D18DE00B9A0721049251
:104F300042460D9B0392073352468B43190002925F
:104F40000CC92800009201930D91220033005946AC
:104F5000FFF718FC04001DE6631C9846220033008E
:104F600059462520A847444614E60D9B04330F9369
:104F7000631C99460B9B9A0700D40AE10D9B220003
:104F8000187859463300A84743464444012B00D8BB
:104F90006FE1B0462E0025004C46B9465F46220020
:104FA0004346013439002020B047AC42F7D12C00F1
:104FB000BB4635004F4646460F9B0D93EAE5D64B60
:104FC00038789A4600239846002800D0D3E500247C
:104FD0006FE66F2842D000D8FDE11023782800D179
:104FE0009BE00B9A9A430B920A239C46002314934E
:104FF0000A330F9338E057460B9AB900C919490094
:1050000001330F181878303F010030390929F4D9DD
:10501000BA460B921F00591CE7E50D9BB87804CBEC
:105020000237D143C9170A4092460D93791CDCE53B
:10503000002800D1DFE602235B42C8E621200B9A5C
:105040000243914676E620230B9A1A430B926CE7B3
:1050500080230B9A1B011A430B924CE708239C46B2
:105060000023149308330F930B9880230200DB0076
:105070001A4011000200184200D080E00C239A432D
:105080001000802302009B001A400B92184200D0AF
:10509000F1E0802302005B001A4091460D9A043231
:1050A0001492184200D0C3E2430600D5D7E00306AD
:1050B00000D421E30D9B1B880993002B00D02DE128
:1050C00010339843002900D128E100239946434634
:1050D0000593534604930F9B06900393002302937A
:1050E0004B4601931CAB2200009359463300280025
:1050F000FEF7DEFF0400C2E6582809D0622800D07F
:10510000E3E202239C460023149302330F93ABE7A0
:1051100020230B9A1A430B92103B9C4600231493B6
:1051200010330F93A0E780230B9A1B011A430B92B5
:1051300020230B9A1A430B92DDE60B1B9A460F9B1A
:1051400099463B0037005E469B4622003B003100FB
:10515000A84753460134185D0028F6D14B460F93FB
:105160005B46B3463E001F0085E6C0230B9AB87825
:105170001A430B92F91C5CE5C0239B00F6E70D2354
:105180009A4310007DE75B463500BB464E461F0044
:1051900071E64346012B66D9631E434432002E005C
:1051A0001D003B00A2465F4691469B4622004B46AF
:1051B000013439002020B047AC42F7D15B463500BE
:1051C000BB464E46A14654461F000D9B4A461878E2
:1051D000594633004444A847EEE60F9BA146984544
:1051E00000D84CE64444E41AB0462E0025004C4654
:1051F000B9465F4622004346013439002020B047BB
:10520000AC42F7D12C00BB4635004F46464636E649
:105210000F98804500D873E24346E218131A320013
:105220002E001D003B0091465F469B460F912200D9
:105230004B46013439002020B047AC42F7D15B46E1
:10524000BB461F0043460F9901330F930B7835007F
:105250009C464E466046002800D0E7E50FE60D9BD1
:105260001B78099329E70D9B2200187859463300D3
:10527000A8474C46A0E60D9AFA3BFF3B07329A43FB
:105280000133994691444B460D9313685268159229
:105290001A4306D11032904300220992002900D00F
:1052A00083E06122810600D54122D2B20A9214AA7B
:1052B00091460A9A00210A3A0B92424617925246A8
:1052C00018925A46B24609911E001F31149B494458
:1052D000BB4616941A950024674698468946159D44
:1052E00019901B920AE03032D2B24B4601341A5563
:1052F000A8454CD0202C4CD006000D003A000023CD
:1053000030002900FDF722FED2B2092AEBD90B9B0F
:105310009C466244D2B2E8E7014002106123820653
:1053200000D54123DBB20A3B0B93434614A91F224D
:105330008C46159353466244B2460D9417974C46DB
:105340008046A9461700099D0F9E169308E030334A
:10535000DBB201343B55B5420ED3202C0CD00500F6
:1053600031002800FDF7B4FDCBB20929EFD90B9A23
:1053700094466344DBB2ECE7159B40469846169B87
:105380004D465646A1469A460D9C179F9FE6B7424A
:10539000B0D9179B56469846189B5F469A461B9B6A
:1053A00009949B46169C19981A9D434605935346AB
:1053B00004930F9B0690039300230293099B019390
:1053C0001CAB22000093594633002800FEF770FE04
:1053D0000400FFF7DFFB10230B9A9A430F92692812
:1053E00000D091E10B9980230A00DB001A401000E5
:1053F0000A00194203D0112118008A430F920F9A14
:10540000802311009B0019408C461A425BD18023F7
:1054100011005B00194089460D9904310B911A4225
:1054200000D0B2E013005B0600D4EDE00D9B1B78CA
:105430001A00D90F0D91002B00D1A3E0100014AA7F
:10544000944642461F23159252466344A846BA46E4
:105450004D461494B14604001F00169201E0202D21
:105460000FD020000A21FDF733FD01357E193031C0
:10547000317020000A21FDF72BFD26000400092EC3
:10548000EDD8159B4E46A94645469846169B57466D
:105490009A46149C0F9B06934346059353460493E8
:1054A0000A2303930D9B02934B4601931CAB2200EE
:1054B0000093594633002800FEF7FAFD0B9B0400C9
:1054C0000D93FFF767FB07220D9B073393430132D0
:1054D00094469C4462460D920CCBD90F0B9111005F
:1054E000194300D19BE0D9171391129151401091AB
:1054F00013995940119110981199129A139B801A7F
:1055000099411090119114AA944642460023159295
:1055100052469946169232001F336344A8464E46BF
:10552000BA4614941F00109C119D914601E0202E54
:1055300010D0200029000A220023FDF707FD0136C4
:1055400030322B00BA550D0022000400002BEED1A2
:10555000092AECD8159B10941195454698464B4660
:10556000169AB14657461E009246149C0F9B06930E
:1055700043460593534604930A2303930B9B0293DC
:105580004B461CE7002885D159E70D9B1B68DA0FB5
:105590001100002B00D1A6E0DA179818504014AA89
:1055A00091461F2342464B44A8460D94169704008B
:1055B0006546B1461F001491159201E0202D0FD0D1
:1055C00020000A21FDF784FC01357E19303131704D
:1055D00020000A21FDF77CFC26000400092EEDD8EE
:1055E000159BAC4645469846149B4E4619000D9CAB
:1055F000169F0F9B029106934346059353460493CF
:105600000A230393634650E713001B066ED50D9BD8
:1056100000229B5ED9175A184A4092B209E700232C
:1056200099460028A2D100220023109211936AE724
:105630000D9B1B689946002B03D11033984300291A
:1056400038D16123820600D54123DBB20A3B0D939A
:1056500043461693534614A91F228C4617932B00DA
:1056600062444D46B24615941897804617009946F5
:105670000B9C0F9E08E03033DBB201343B55B54242
:105680000ED3202C0CD0050031002800FDF720FCA3
:10569000CBB20929EFD90D9A94466344DBB2ECE70B
:1056A000169B40469846179B56464D469A460B9485
:1056B000189F159C43460593534604930F9B0690F1
:1056C0000393002302930B9B0BE50B9980230A00A5
:1056D000DB001A4010000A00194200D08BE61023AC
:1056E0009A430F928BE6002883D158E70D9B1B68E5
:1056F000D9175A184A409CE60D9B1B680993DCE4B5
:10570000030001330F93A5E50B926DE40EB4012263
:1057100030B584B007AC08CC064D010000942800D9
:1057200052420394FFF70EFA04B030BC08BC03B039
:105730001847C046F93F021010B5054C82B00093DF
:1057400013000A0001002000FFF7FCF902B010BDB1
:10575000F93F021000B585B003910121029000933A
:10576000034813004A4202A9FFF7ECF905B000BD57
:10577000114302100FB430B50C4985B008AA08CA0D
:105780000D680392002D0CD000920122084C524269
:10579000200002A9A847012005B030BC08BC04B015
:1057A0001847180000F0C2F90020F5E7881C002017
:1057B0000143021010B5094A0300146884B0002C9C
:1057C00008D0012200910648524203A9A0470120B7
:1057D00004B010BD00F0AAF90020F9E7881C0020F1
:1057E0000143021000BEFDE7094A030010680028CB
:1057F00005D00849C3188B4207D813607047064884
:105800000449C31810608B42F7D901204042F5E7E4
:10581000841C002000000420E41D002010B5FFF7C8
:10582000E1FFC04630B50D0083B01900002A0BD04F
:10583000074B084C0192009302002B002000FFF759
:1058400099FF0120FFF7CEFF034B1A00F1E7C04696
:1058500058C1021068C10210C0C1021070B5FDF736
:1058600037FA074D074EB54209D20024013E761B98
:10587000B60808CD984723000134B342F9D170BD72
:105880001409002024090020030010B508001100AD
:105890001B68984710BDC046F0B5C64600B5437DAD
:1058A00007000D001600002B38D0002A2EDD002145
:1058B0006A1E90466A5C037D4C1C00200A2A0CD0AC
:1058C000A64216D043461B5D21000D3B5A42534170
:1058D0006A5CDBB24C1C0A2AF2D1002BF0D1884260
:1058E00017DB022110483B689847A64207D02000EA
:1058F000E8E7864203DD311A3B6828189847AD195E
:10590000013D2B780D3B5A4253413B7580BCB84654
:10591000F0BD091A3B6828189847E2E703681100B0
:1059200028009847F2E7C04688C50210F0B5C64681
:105930000B6806000C0000B5802B06D05A1C2260B4
:10594000E418267180BCB846F0BD0F4B1D68002DD1
:1059500016D00B1D98460D4F02E02D69002D0FD07B
:105960002B68002BF9D03B68002B01D0AB42F4D15F
:10597000280041462268FFF78FFF2D69002DEFD1E7
:1059800001220023DBE7C04678180020801C00209D
:10599000F0B5DE4657464E464546E0B585B01700A1
:1059A0001C0006000D00FCF7DBFE0023314A121834
:1059B0004B41802109068B4202D301222E4B5242D9
:1059C0002E4908008A4606F01BFB01906B1C03D190
:1059D000300003F02BF80500002C26D0284B984609
:1059E000284B1C68002C15D0002F21D1264F02E037
:1059F0002469002C0ED02368002BF9D03B68002BC3
:105A000001D09C42F4D120002A003100C047246913
:105A1000002CF0D1019B002B28D1280005B0F0BC50
:105A2000BB46B246A946A046F0BD184B9846D7E7FC
:105A3000154B994602ABDF1D0A239B4602E0246901
:105A4000002CE7D02368002BF9D04B461B68002BB5
:105A500001D0A342F3D12A0031002000C0475B46A9
:105A60000122390020003B70C047E8E7504606F0AD
:105A7000AFFAD2E740420F00FFFFFF7FD0080020BF
:105A80009958021078180020801C002089580210B4
:105A900000207047F0B5CE46474680B583B06B46D0
:105AA0000600DD1D2870FCF75BFE00231A4A121861
:105AB0004B41802109068B4202D30122174B5242EF
:105AC00017490800884606F09BFA164B81461C6869
:105AD000002C14D0144F02E02469002C0FD023684E
:105AE000002BF9D03B68002B01D09C42F4D1200060
:105AF00001222900FFF7D0FE2469002CEFD14B468C
:105B0000002B05D1300003B0C0BCB946B046F0BD93
:105B1000404606F05DFAF5E740420F00FFFFFF7FC9
:105B2000D008002078180020801C002070B50400E8
:105B300002F07CFF01230100050001222000FFF795
:105B400027FF084B1C68002C06D06368002B05D08B
:105B500098472469002CF8D1280070BD2469002CD6
:105B6000F3D1F9E778180020F0B5CE46474680B566
:105B7000A3B004000D00FCF7F3FD0023294A12181E
:105B80004B41802109068B4202D30122264B52420F
:105B9000264F380006F034FA002306000193220055
:105BA0002B00234801A9FFF7D5FD019B8046002B60
:105BB00014D1204B1C68002C06D06368002B0BD03E
:105BC00098472469002CF8D1002E25D1404623B0F7
:105BD000C0BCB946B046F0BD2469ECE7154B1D6862
:105BE0009946002D1CD0144C02E02D69002D0FD0D9
:105BF0002B68002BF9D02368002B01D0AB42F4D1E5
:105C00002800019A02A9FFF747FE2D69002DEFD168
:105C10004B4601951C68CEE7380006F0D9F9D5E768
:105C20000195D1E740420F00FFFFFF7FD008002021
:105C30002D59021078180020801C00200FB400B5E8
:105C400083B004A901C90191FFF78EFF03B008BC1E
:105C500004B0184702781300303BDBB2092B01D99E
:105C6000373AD3B2427810003038C0B2092801D98F
:105C7000373AD0B21B01C018C0B270477047C04657
:105C80007047C0468022054BD20510B500211A602E
:105C900000200022FCF778FFFEE7C04600B0054078
:105CA0000FB4F0B5C646802100B5C2B048AB04CBF6
:105CB00002AC200049000193FFF73EFD2378002B42
:105CC0001CD0124E124932688846124D08E07F2AD5
:105CD00003D8511CAB540A0031602378002B0DD03F
:105CE00001340A2BF3D1002729004046AF5400F0BD
:105CF000EDF9237800223760002BF1D142B080BC4F
:105D0000B846F0BC08BC04B01847C046CC1600200A
:105D1000300900204C16002010B5FFF7B9FE1920FD
:105D2000FCF72CF8D0238022094C1B06920420009B
:105D300008495A6200F00CFE00F068F8FBF77CFCA2
:105D40000121200000F0BAFAFBF778FCF8E7C04622
:105D500030090020200200207047C046F8B5CE462A
:105D60004746984680B5174889461700FFF766FFF3
:105D70004346002B09DD3C00134DDE192178280035
:105D80000134FFF75BFFB442F8D10A20FFF782FE2F
:105D90004B46002B04D13B78422B05D0462B0AD032
:105DA000C0BCB946B046F8BD41460139C9B2781CFD
:105DB000FFF7D2FFF4E7781CFFF74CFF0228EFD182
:105DC000FFF760FF98C10210A8C10210012310B5AF
:105DD000074C82B00093052205330421200000F017
:105DE000E3F802222100034800F030F902B010BDB0
:105DF000C01C00203009002010B50520FCF76CFE07
:105E0000014B186010BDC04648160020802210B516
:105E1000D20005490548FEF7E5F80548FCF700F90A
:105E20000122044B1A7010BD000002107C180020E3
:105E300070180020E11D0020436801209B691B09A8
:105E4000984370471021426893691942FCD1106849
:105E5000C0B27047436801209B695B099843704753
:105E60004268202093691842FCD111607047C046F7
:105E7000436898690007C00F7047C046037B82687B
:105E8000002B01D10133594001239340D022120647
:105E9000002901D0536170479361FCE70B680C4AFD
:105EA0005B69080010B593420FD101238A689340C3
:105EB0000A7B002A05D1D02212065361002000215E
:105EC00010BDD02212069361F8E700219847F5E74C
:105ED0007D5E0210F0B5C64600B5036814005B692C
:105EE0002D4A07000D0086B0934252D101238268EB
:105EF0009340027B002A42D1D02212069361FCF724
:105F0000A1FA0600FCF72CFCA3009C46A4440490D4
:105F1000059161460023CA000498059912184B4167
:105F2000802109068B4202D301221C4B52420121DF
:105F300002911B49300001970091FCF787FA002C71
:105F400019D0184B002698463B68A95DDB6843458D
:105F500019D12022786883691A42FCD10160711C32
:105F600020228C4207DD6E5C83691A42FCD101312C
:105F700006608C42F7DC06B080BCB846F0BDD0228B
:105F800012065361BBE7380001369847B442DBDCA8
:105F9000F1E701219847B2E77D5E0210FFFFFF7F26
:105FA0009D5E0210615E0210F8B5160006AA127816
:105FB0001D4F027380220D001C49040001608360A4
:105FC0004760520000210D30FEF706F888220023BA
:105FD0005200A3500432A35004323800A354182DA9
:105FE00005D8134BEB40DB0701D51248606012491E
:105FF000FCF7F4FB02212800FBF77EFE02213000B3
:10600000FBF77AFEA068FBF7B9FE0123A268934074
:10601000D02212065362217B002902D15361200055
:10602000F8BD9361FBE7C04600400340ACC50210D9
:10603000100110010080034090D003007047C0465B
:1060400010B50800D1B2FBF7DBFC10BD10B5012381
:106050004260802204000160C360002152001030C1
:10606000FDF7BAFF882301225B005242E250114B38
:10607000E21800231360A322D200A21813600E4A74
:10608000A218136092221201A21813600B4AA350A7
:106090000B4A106851680B4AA21810605160932295
:1060A0001201A354A2181361074B9060D160200025
:1060B000A36010BD140500001C09000024090000A5
:1060C00040C302102809000024020020F0B5CE468B
:1060D0004746894680B57F2A47DCA323DB00C718E3
:1060E000264B3D68C3181E68AC1BB54203DA8024FA
:1060F000731BE400E41A224B1B1BDC43E417234010
:106100009A4232DA802398466B1CDC17A40DA44611
:1061100063449C056346A40D9044E41AA6422BD028
:106120008A23414645195B00E9543C60002A21DD81
:106130007F23013A49469846914695339C468944C7
:1061400043460A781A40631CDD17AD0D5B199B05A9
:106150009B0D5B1B9E420DD06546041962553B604A
:10616000894507D01C000131EAE70020C0BCB946D0
:10617000B046F0BD0120F9E72C00D7E71405000078
:10618000FF0300008823F0B5C6465B000500C05839
:1061900000B500280BDD2E00103633000021341826
:1061A0001A78013389189C42FAD14B061ED100237C
:1061B00028182E7C6F7CC373A86803681C681223A0
:1061C0009846164BA8449C421FD16B689E4202D051
:1061D00080BCB846F0BDA868114A03689B6893422A
:1061E00018D139004046FBF70BFCF1E70D48FFF7EB
:1061F00025FD0D4D317828000136FFF71FFDB44213
:10620000F8D10A20FFF746FCE2E73B0042463100A6
:10621000A047DAE73A0041469847D9E73D600210C7
:1062200041600210ACC10210A8C10210F8B5882369
:106230005B000600C05800280BDD350010352B0030
:1062400000212C181A78013389189C42FAD14B0688
:1062500010D100233018357CC373B068124C03682A
:10626000124ADF683159974218D15C68104B9C4242
:106270000FD1F8BD0F48FFF7E1FC0F4E2978300031
:106280000135FFF7DBFCAC42F8D10A20FFF702FC36
:10629000EFE732002B001132A047EAE70122B847AE
:1062A000B06831590368E0E724090000815C0210FE
:1062B0007D5C0210ACC10210A8C10210BE4BF0B54B
:1062C00045469846882357464E46DE465B0099462B
:1062D000BA4BE0B5FA2604008A469B460027A1B0D7
:1062E0008044B600206803681B68984700283AD0AD
:1062F000206803685B689847E3680500012B00D1BC
:10630000CBE0032B00D1B8E0002BEBD1FCF728FA4F
:10631000801979410B008021020009068B4202D3CB
:106320000122A74B524241464B604B46E3580A605C
:10633000812B10DC49465A1CE31862501D74012A57
:1063400000D1FAE0022ACDDD237C02339A42C9D182
:106350002000FFF76BFF01232068E36003681B68E0
:1063600098470028C4D14346964A5868516A1D6828
:10637000E368884200D9B7E0926AAA4200D2B0E04E
:10638000002B00D0B0E0002200234146A0680A6044
:106390004B6003688C4ADB68934200D089E101239B
:1063A000E3605346002B61D09222884B1201E5181E
:1063B000A2182B681068984258D0854A09E001332A
:1063C000D917890D5B189B059B0D5B1A2B608342C7
:1063D0004CD0E1188E5C7F2EF1D9834246D0013338
:1063E000D917890D5B189B059B0D5B1A7E212B60CD
:1063F00031423BD0834239D0E718B95CBA56002A03
:1064000034DB0133DF17BF0DDA197F2392053340E8
:10641000920D013BD21BDBB22A60002B26D0002656
:10642000B2466B4EE946B44690421FD06646A71866
:10643000BE5D4F463E7076B2002E17DB0132D61796
:10644000B60DB04642449205920D921B0126B0460D
:10645000C2442A60C1445345E6DC7F2B06DC6A4611
:10646000200000F051F9E368032B45D021B0F0BCC7
:10647000BB46B246A946A046F0BD582808D1932293
:1064800000231201A3541032A35088225200A350BB
:1064900029005846FFF7D2FB24E702061BD44B46DF
:1064A000E3585A1E812A00D91CE7012B39D04946EE
:1064B0005A1CE31862501874032A00D112E7637C57
:1064C00003339A4200D00DE72000FFF75BFE002364
:1064D0004A46A35006E78822803D5200A350257407
:1064E00000E7884200D04BE75246002ABCD0012B7F
:1064F00000D159E7032BB9D193231B01E35C002B97
:106500002AD11133FF33E358002B47D000DDE5E0FB
:10651000304B9C46304B64441A685B682260636071
:10652000A4E7002804D1227C63689A4200D1D1E01C
:1065300002234A46A3506574D4E6002D00D0D1E66C
:10654000A068214A0368DB68934200D103E7234A2D
:10655000A15801229847FEE61E4BE518194B6968C1
:106560005A6A2868914200D980E79B6A834200D228
:106570009BE094231B01E1580131E1500A2900DD21
:106580009CE01748FFF75AFB932300221B01E254BB
:10659000114B1A685B682A606B6067E7A321C9002A
:1065A0008846A04441468A270E4A0E68A018026811
:1065B0007F00964222D173E028090000BCC102107E
:1065C000FFFFFF7F00400540815C02101C090000B6
:1065D0001C0500003809000040C302102409000017
:1065E000C8C10210140500000132D117890D5218DC
:1065F0009205920D521A0260964251D0A118CD5DBB
:106600007F2DF1D9B2424BD00132D717BF0DD1192E
:106610007F228905890DC91B170001602F402A427E
:106620003ED08A2522006D00AC461032B14237D0F0
:1066300065466118495DD15449B2002930DB4546B1
:1066400001682E68B1424ED00131CD17AD0D491908
:106650008905890D491B013301609F42E6DC8823CF
:106660005B00E7503B0001212000494200F04CF85C
:10667000932301221B01E254FCF772F81C4B1D4AC4
:106680009C460023801859410B008021020064447D
:1066900009068B4202D30122174B52420CC4E5E695
:1066A000882300225B00E25032E7914200D060E78D
:1066B000DCE6124AA1580022984770E61048FFF71E
:1066C00035FAA3230022DB00E3181A600D4BE31810
:1066D0001A6059E7200000F0DDF803E67F2BC7DCE5
:1066E00022001032BFE70133BB429FDBB7E7C04651
:1066F00038090000A0860100FFFFFF7F2409000089
:10670000C4C1021014050000F0B557464E46454678
:10671000DE460C00E0B5904607009946C3B03868E5
:1067200003681B699847FB6800280CD1002B0DD12A
:1067300000213800FFF7C2FD386803681B699847DD
:10674000FB680028F2D0002BE9D1F1E7022BE6D05C
:10675000002C00DA93E0032502200122803CE3B202
:1067600002A90B704C46E4B28C54E4184B46E4B2D8
:106770005A1E002B21D0102A06D90B189B464346DF
:106780005D462B439B0728D045462D1AA84602ADEF
:106790006E1E454681449446884603004A462900B9
:1067A000CD5C01336419F554E4B29342F8D16246EA
:1067B000414601308018451CEDB27F2364422340DE
:1067C0000B5438682A0003689B69984743B0F0BCB3
:1067D000BB46B246A946A046F0BD4B469B089B006F
:1067E0009A4601900800294D51460023BA460026DA
:1067F0004746AC4690465A468346009464466546F2
:10680000F858354004406419214DD050704028405C
:106810004440043326009942F0D14246B8465746D8
:106820008A463304009C1B0EF318E3183402240E2E
:106830001B19360E9B19DCB253464646D31A9C46AA
:106840005346019856445946C318B346D145B0D073
:1068500035785E1C2C19CD546546E4B2002DA8D0C5
:106860005D466D78023364198D556546E4B2012D9D
:106870009FD05D46AD782C19CD54E4B299E702253E
:1068800001200022002302A96CE7C0467F7F7F7FA2
:1068900080808080F0B5C646A3222C4B00B5D20084
:1068A000C418821823681168A2B0994244D08A267D
:1068B000760009E00133DA17920D9B189B059B0DBA
:1068C0009B1A2360994237D0C218955D7F2DF1D96C
:1068D000994231D00133DE17B60D9B199A05920DFE
:1068E000921B7F2633002B40984622602E4223D0F5
:1068F0008A235B0000279C4602AE91421CD063466F
:106900008518ED5C35706DB2002D15DB0132D517A1
:10691000AD0D52199205920D521B013722600136BE
:10692000B845EADC0121434602AA4942FFF7ECFEE2
:1069300022B080BCB846F0BD6B46D91D002300686C
:106940000B70036801229B699847F1E7140500006A
:106950008160704701230121084A1360084A1360CF
:10696000084A080013689843FBD1074A1160802148
:10697000490013680B42FCD07047C04600E000405D
:1069800000F0004008C0004000C004400EB430B524
:1069900081239CB06A461FAC9B0020CC938202905E
:1069A000069002F043F80B4B6A460A9300230E93BD
:1069B0001393013BD382084B039007902A00186879
:1069C00002A92300019400F00BF81CB030BC08BCF5
:1069D00003B01847DD690210A407002000207047AB
:1069E000F0B557464E46DE464546E0B5874C0E00AC
:1069F000A54402AFBB63B865FA650C23CA5E802369
:106A00009B011A4205D113438B81814A4B6E13407F
:106A10004B66602008231B18D81908220021FDF7B7
:106A2000DBFA00239B46BB62BB647B657B64FB6433
:106A3000784B3B65784BFB63784BFB62E4233A6D04
:106A4000D45801F025FF602108225218D219009273
:106A500004310300FA6DB86D7918A047002828DBCF
:106A6000FB6D02009C4684446346FB657B6E002BF5
:106A700058D001282DD0252B33D00028DED0584403
:106A800004005846A0465C46F96D73680D1AAD1AAD
:106A9000002B37DD32682B5D1178994242D1736843
:106AA0000132013B0134736032604445F0D1A346AA
:106AB000C4E75B4B60207B6608231B18D8190822AB
:106AC0000021FDF789FAFB6D0133FB657B6E002B1E
:106AD00028D0FA6AD25C12076CD401220120252B3F
:106AE000CDD1FB6D00241978002394469A46FB6DA6
:106AF0005D1C0B00253BDBB2552B13D8FA6B9B00BA
:106B0000D3589F463100B86D04F0BAFB0028C1D0BD
:106B1000FB6C002B01D101F01BFAB3895B0601D598
:106B200001F016FABB6C002B08D0BB6C1868FB6C2C
:106B3000013314D0002801D0FDF736FABD46F86CB9
:106B4000B9239B009D44F0BCBB46B246A946A04673
:106B5000F0BDFB6C002B02D0B3895B06E5D5BB6CA6
:106B6000DB883B63BB6C18683B6B002B0ED00500C9
:106B700000240026814698462B6801341868FDF7EA
:106B800013FA08CD1E60A045F6DC484601235B429F
:106B9000FB640028D0D1D1E72307C3D1FB6DFD658D
:106BA0005978A4E72307BDD102231C43FB6DFD6583
:106BB00059789CE7FA6A08245D46904673680BE0B2
:106BC000414632681378CB5C1C420DD073680132A9
:106BD000013B013573603260002BF1DC3100B86D90
:106BE00004F04EFB0028EBD0AB4627E78F2323426F
:106BF00098D1534630229B005242534492465B0048
:106C00005B189A44FB6DFD65597870E714FDFFFF32
:106C1000FFDFFFFF38060020E0C50210D1C90210D7
:106C2000FDFF0000042398463D647368002B00DDDF
:106C3000F3E03100B86D04F023FB002800D067E7D3
:106C40003B6CFB65630601D401F0F9FA4346032B64
:106C500000D113E1042B01D100F02CFC012B00D159
:106C600022E3022B00D0CFE15346002B01D1013BA0
:106C70009A46102323409946E30701D400F080FE92
:106C80004B46002B01D001F07EF8BB6B04CB3A647D
:106C9000BB63240601D401F0ADF9002A00D141E71D
:106CA0008020FDF743F98046002801D101F045FA24
:106CB0003B6C1860BB6CDA883A639C88A24201D3B3
:106CC00001F0C8F818683A6BB96C531CCB803B6C68
:106CD00095002B5043463B6320237B633368C64DAE
:106CE0001B78EB5C1B0772D4534600243B6001F019
:106CF000CFFDA04200D10BE7902149008C46C0395E
:106D00008A46BA44D44461463368621C7A621A786F
:106D100001330A55726833607B6D013A39627260E3
:106D2000032B01D001F0D4F8182360229B18DC1942
:106D3000BB6F042B04D0082200212000FDF74CF982
:106D40007B6A4146FB6100943A6AB86D01F072FDBE
:106D50007865431C00D1DBE6002801D001F014F96E
:106D600042461060002004F0C9F8002801D001F06C
:106D7000FDF97B6A9C46E34401235B429C463B68E9
:106D800063443B604B46002B01D001F030F90433E3
:106D90009C463B6CE044002B01D101F028F94346AE
:106DA0003A6B00249B1A7A6B7B629B10934201D34F
:106DB00001F005FA7368002B01DC01F091F93368EA
:106DC0001B78EB5C1B0702D43B68002B8FD14B4632
:106DD000002B00D032E643464A461A603B6C002B3B
:106DE00009D043463A6B991A8B107A6B01339A4259
:106DF00001D901F096F8FB6C0133FB641EE6802399
:106E00003D649B001C437D4BBB6210237B640D3BA8
:106E100098467368002B00DC0BE73268764D1378D8
:106E2000EB5C1B0701D401F018F9082399462B00ED
:106E30005D46A3461C0006E04946013232601378E5
:106E4000E35C194212D073680135013B7360002B7B
:106E5000F2DC3100B86D04F013FA002800D057E6D8
:106E6000494632681378E35C1942ECD13B6C5C46CE
:106E7000FB654346AB46032B00D0EBE6D8231B0152
:106E80001C435346AE220021013B52003964934219
:106E900005D95D3BFF3B3B645E23FF339A460023ED
:106EA00099462133FF339C46C03B9846B844C444BE
:106EB00063467B62524B98465346E2461D00326859
:106EC00011780B002B3BDBB24D2B00D980E1404603
:106ED0009B00C3589F46602220239B18D819290085
:106EE00001F0D2FD40231C433F3B9846F865736890
:106EF000002B00DDA6E6FB6D3B649AE63D64414B4A
:106F0000BB620A237B64073B98468EE6230700D0CA
:106F100008E6FB6D5978682901D100F095FE04233D
:106F2000FD651C43E3E58F2319002140234200D077
:106F3000F8E5BB6C002B01D101F01FF880231C4346
:106F40002CE63D64FD65E30600D577E5BA6B08CA1B
:106F5000BA63220701D400F0C1FF5A461A703B6C95
:106F6000FB656BE5230700D0DCE5FB6D5978022358
:106F70006C2901D100F069FE0123FD651C43B6E5D3
:106F800001233D641C43BAE788233D6439E71B4B6A
:106F90003D64B5E701233D641C43184BBB620823E5
:106FA0007B64053B984640E601231C430133984629
:106FB0003D643AE601233D641C4340231C433B6C83
:106FC000FB650023984692E7534623439A4600D038
:106FD000A8E5FB6D10245978FD6588E56246FD65DE
:106FE0004BE5084BFD65BB6200237B640333984689
:106FF0007DE73D64D1E7C046D1C90210DDA802108B
:1070000038C7021039A102105346D046002B01D1D7
:1070100001339846102323401A003B64E30701D450
:1070200000F005FD002A01D000F0B6FEBB6B04CBDA
:107030007A63BB63240601D400F0F0FF002A00D17C
:1070400070E58020FCF772FF8246002801D101F034
:1070500074F87B6B1860BB6CDA883A639C88A24238
:1070600001D300F0BDFE18683A6BB96C531CCB809D
:1070700093007A6B1A5053467B6220233B63902324
:1070800060225B009B180025DC1935E01823602284
:107090009B18DD19082200212800FCF79DFF0095B0
:1070A0004B4622005146B86D01F0C4FB7865431C85
:1070B00000D12DE5002839D101235B429C463B6C71
:1070C000CB44E044002B10D1524613607B6B002B65
:1070D00008D053467A6A9D1A3A6BAB10934201D39B
:1070E00000F0E2FC04239C46E24473680025002B78
:1070F00030DD4346002B36D001F0CAFBA84200D158
:1071000006E533686A1C91461A7801336255726845
:1071100033607B6D013A7260032BB7D11823602274
:107120009B18DD19BB6F042BB4D1B8E77A6D931CA3
:107130002ED0CB44032A02D12B68042B03D0012389
:107140005B429C46E0443B6C002BBFD0736800253B
:10715000002BCEDC3100B86D04F092F80028C8D0C6
:10716000002D00D0D4E47B6B002B08D053467A6A04
:10717000991A3A6B8B109A4201D900F0DEFE3B6CF3
:107180005A425341FA6C94469C446346FB6455E46E
:1071900073684D46002BAFDC3100B86D04F070F819
:1071A0000028A6D0DCE77B6C0A2B11DDBD4B1C4010
:1071B0005346197001239C46E2447368013B736097
:1071C000002B6ADD01323260013D002D00D076E6F1
:1071D0005246E30509D57B6A9A4201D900F060FD69
:1071E00052467B6A9A4200D19CE410231A00224046
:1071F000234215D15346796A1A70B86D00227B6C10
:10720000BD6AA847BA6B131D9846A30601D400F0C7
:1072100023FD13681860FB6C0133FB644346BB63BA
:1072200052467B6AD51A4D44AB44FFF707FC786C95
:107230009D4B4000C35E7B649A4B1C40B8E7C02363
:107240008020DB00234080008342C1D1974B234044
:10725000A024E4001C4310237B64A9E7802323427D
:10726000B6D09C43A4E7786C8F4B4000C35E7B6430
:10727000082B9BDCACE723059AD57B6C002B05D152
:1072800080239B001C43F93BFF3B7B64630501D4D7
:1072900000F0CDFC864B1C408AE73100B86D03F04E
:1072A000EFFF002890D093E75346002B01D1013B1C
:1072B0009A46102323401A007B63E30700D4DEE2E2
:1072C000002A01D000F055FDBB6B04CB7A62BB6392
:1072D000240601D400F09BFE002A00D122E4802085
:1072E000FCF724FE051E01D100F027FF7B6A186021
:1072F000BB6CDA883A639C88A24201D300F098FD07
:1073000018683A6BB96C531CCB8093007A6A3D6263
:107310001A502023FB610024A946250001F0B8FA89
:10732000A84201D1FFF7F4FB9021602033684900A7
:107330001A780918C91901334A55726833607B6D90
:10734000013A6C1C7260032B00D183E01023984635
:1073500050339C46BC44E044082200214046FCF7E0
:107360003BFE90224346602152003C63521800933A
:1073700049462300B86DD21901F05CFA7865431CC8
:1073800001D1FFF7C5FB00286FD14A4600251060E8
:10739000602018231B1808220021D819FCF71CFEB6
:1073A000E0233A6D6021D258C83B3A6460229B18B2
:1073B000B86D2A00DB193D6C7918A8470025012813
:1073C00002D16023FB181D78202360229B18DB1953
:1073D0005B5D002B01D100F029FE7B6DA344032BE4
:1073E0004BD001235B429C46E2447B6B002B0DD1CA
:1073F00004339C467B6AE144002B07D04B463A6A33
:107400009C1AFA69A310934200D327E273680025FF
:10741000002B3CDD5346002B80D14D467B6B002B6F
:1074200001D0FFF70BFB2B607B6A002B00D1E2E45D
:107430003B6AFA69E91A8B1001339A4200D8DAE400
:107440007C6A04312068FCF78FFD002800D1D2E46B
:107450002060D0E41023984650339C463B6FBC44D8
:10746000E044042B00D077E77BE77B6D023309D043
:107470004B461D686B1C8BD1A6E743461B68042B4B
:10748000AFD1B2E77368002B00DD46E7250031007D
:10749000B86D03F0F5FE0028BCD02C1E4D46BDD0C3
:1074A000FFF736FB7FF4FFFFACC90210FFFDFFFFC3
:1074B0007FFAFFFFB86D01F0F3F90368AE223B627B
:1074C000F023DB00234399465346013B520093428D
:1074D00000D847E35D3BFF3B3B615E23FF339A46A9
:1074E000002319003B647B61BB613B63FB6121337B
:1074F000FF339C46C03B9846B844C44463465C4650
:10750000E046CB4689467B62D04B7B63326811787C
:107510000B002B3BDBB24E2B03D8786B9B00C35880
:107520009F465B469B056ED5386A03788B426AD1CD
:107530004346FB605B46BB605346002580467B604C
:1075400006E043460132326011785B5D994219D101
:107550004346AB4601355B5DA2460134002B00D1AA
:10756000E8E27368013B7360002BEADC3100B86D20
:1075700003F086FE002805D1434632685B5D117832
:107580009942E5D0BB684946994653463B615B4604
:107590008846FD687B63AB46B2467C6B3D6ABE6D38
:1075A000295D5246300003F02BFE013CF8D23B69C6
:1075B0007A6B5D469B1A414656469B4627E05B46E2
:1075C0001B0520D53B6C4B44002B1CD15A46A04BCD
:1075D0001A400023934699463B64434619700123A1
:1075E0005B429C460233E2449C46E04473680134AB
:1075F000013B7360002B00DC20E133680133336012
:107600005346002B82D149464546D946A3463B6B9B
:10761000002B00D198E04A468E4B1A40914693E0E9
:107620005B461B0503D53B6C4B44002BCED03B6C1B
:10763000012BE8D102233B64CFE780235A46134253
:10764000E1D09A439346C8E74B46072BDBD108238A
:107650009946C2E798235A461B01134080225200E4
:107660009342D0D13B6B012BCDD15A46794B1A4076
:107670001300802212011A439346302342461370AE
:10768000313B9C460233E2449C460023E0443B638A
:10769000A3E74B46062BB6D1072399469DE75B46E9
:1076A0001B05B0D5A0225B46D2001340013AFF3A39
:1076B000934205D05B461342A5D03B6B002B3DD0D7
:1076C0005B469B0505D43B6BFA699B1ABB6143463D
:1076D0007B615A46604B1A401300C02252001A4385
:1076E000002393463B6378E73B6C002B00D01AE203
:1076F0003B6B002B07D1E0235A46DB001A409A422D
:1077000001D100F012FD4B46012B02D0042B00D01A
:1077100079E74B460133DBB299465EE74B46002BD7
:1077200000D0F7E13B6B002B00D0A8E2E0235A46E3
:10773000DB001A409A4201D100F0EFFC00234946D9
:107740004546D946A3463B633B6C013B012B01D820
:1077500000F023FD0B00013B062B00D845E24B4611
:10776000DB0500D4B1E14B465B0501D500F039FDE6
:1077700001236C1E5B4221785B44984665290BD03F
:10778000452909D03200B86D03F03AFD02235B426F
:107790005B449846AC1E21783200B86D03F030FD92
:1077A00010234A464946C3461A400B4201D0FFF710
:1077B00045F92270BB69002B01D000F00EFC0022BD
:1077C000796AB86D02F0C0FABA6B0400131D9846CE
:1077D0004B460D00DB0700D446E213681C605D6079
:1077E000FB6C0133FB644346BB63FFF727F95B4641
:1077F0001B0504D53B6C4B44002B00D1E6E64B4601
:10780000022B00D0FFE603239946E6E65B461B0504
:1078100000D447E7D6E65B46DB0500D4D2E68023FA
:107820005A469A433B6B934601333B633B69002BBB
:1078300000D056E2013B9C46E244D7E63100B86DE9
:1078400003F01EFD002800D1DAE6DCE670C8021065
:107850007FFEFFFFFFFEFFFF7FF0FFFF386AD100D2
:107860001500FCF781FB3862002801D100F065FCAF
:1078700081467A6A6B00A1441060FB61C6E57B6BB0
:10788000002B00D031E2BB6B04CB9146BB632406D6
:1078900000D4B7E3002A01D1FFF744F92020FCF718
:1078A00045FB041E00D153E34B46BA6C1860D188E7
:1078B00039639388994200D3A3E210683A6BB96C9C
:1078C000531CCB804B4695002B50202318002022C0
:1078D000944640329046B844C4446246110033682E
:1078E0003A641A788A5C002A01D1FFF71BF95A46DC
:1078F000A046834655467A6313E04346D31A9A4618
:1079000014005B452CD2013D002D00D12DE17368A0
:10791000002B13DD3368396C1A788A5C002A00D199
:1079200023E17268013A72605A1C32601B78621C53
:1079300023704B46002BE0D11400E4E73100B86D12
:1079400003F09EFC0028E5D05B4618007B6B4546A3
:107950009B46444501D1FFF7DBF8631B98460FE1D6
:107960005B465B00404619009B46FCF7FDFA8046EB
:10797000002800D1ECE254464B4644441860C2E76C
:107980004B46002B00D06CE3BB6B04CB9146BB6332
:10799000240600D4ECE2002A01D1FFF7C3F820202E
:1079A000FCF7C4FA041E00D1D2E24B46BA6C186050
:1079B000D18839639388994200D37BE110683A6B90
:1079C000B96C531CCB804B4695002B5020233B6455
:1079D0003368D44D1A78AA5C120700D5D1E1210092
:1079E0007C6354467268013A72605A1C32601B789C
:1079F0004A1C0B704B469046002B07D013007A6B45
:107A00009B1A9A463B6C9A4500D3D7E2013C002C66
:107A100000D1CCE07368002B00DCC1E008213368A2
:107A20001A78AA5C114200D0C1E04146DAE73B6C0B
:107A3000002B00D0B7E1BB6B20CBBB63240600D486
:107A400022E1002D01D1FFF76DF84046FCF76EFAF8
:107A5000041E00D17CE2BA6C2860D1883963938817
:107A6000994200D341E210683A6BB96C531CCB8049
:107A700093001D500096210043460122B86D03F08B
:107A80001FFC041E01D1FFF764F8404506D2210017
:107A90002868FCF769FA002800D02860FB6CA34432
:107AA0000133FB64FEF7CAFF786AD100FCF75CFA89
:107AB0007862002800D140E382463B6B7A6B5B0022
:107AC000AA4410603B63FFF70DFB10234A4649466A
:107AD0001A400B4201D0FEF7B1FFC0232A7080226A
:107AE000DB000B40D200934200D063E6FB693A6BA7
:107AF000934200D163E69A1A60218B4B5B18DB1925
:107B00009D4202D3894B5B18DD1928008849FDF797
:107B1000FDFD54E6FD22033B134200D073E5043320
:107B2000DBB2994659E53B6C022B00D0EBE5032311
:107B30003B6452E5FB6854469846BB6840469B460A
:107B40005A467B68396A9A467A4B1A4093462A000D
:107B500003F0ECF901235B429C463B6B8046E24418
:107B6000FB6143E500233B61BAE45B4645461800F0
:107B70007B6B9B46631B9846AC4201D1FEF7D2FF5C
:107B8000002323704B46002B04D04346591C8842E7
:107B900000D994E2FB6C0133FB64C344FEF74EFF53
:107BA0003100B86D03F06CFB002800D136E7434686
:107BB00044467A6B9B1A591C9B44002323704B4606
:107BC000002B01D1FFF717F93B6C8B4201D8FFF76F
:107BD00012F94B461868FCF7C7F9002801D1FFF7E6
:107BE0000AF94B461860FFF706F9022900D809E3A5
:107BF0002C00032900D1B2E533000E009846013C69
:107C000042462178B86D03F0FBFAA3195B1BDBB287
:107C1000032BF4D1434631001E000B00043BDBB2C2
:107C2000DA43AD185A46013AD31A9B4697E5424BC0
:107C30001C403B6C002B02D0013B3B64013501230F
:107C40009C46E144FFF7B9FA08231C43FB6D997881
:107C50000233FB65FEF74BFF230700D40BE1BB6B40
:107C60001B681870FFF7D7FABB6B1B689A464B4628
:107C70009B0700D417E153461C605D60B0E54946A0
:107C80004546D946A346C6E400964346012229004C
:107C9000B86D03F015FB041E00D0FFE6FEF738FFB9
:107CA0005546013D32002978B86D03F0A9FAAA467D
:107CB000FFF796FA214A934201D9FEF753FF0822B3
:107CC0009046984443469900BB6C1868FCF74CF901
:107CD000BB6C002801D1FEF743FF424618609A8032
:107CE0006DE63B69013B3B6180E420239C464033C9
:107CF0009946B944CC446346190032683B64137812
:107D0000CB5C002B01D1FEF70DFF013232605246F1
:107D10007368013B7360012A00D13EE744463D6C25
:107D20001BE0C046D1C902107302000072020000BD
:107D3000D4C102107FFDFFFF7FFCFFFFF6FF0000B4
:107D400032681378EB5C002B0FD073680132013B73
:107D5000013473603260A24507D0002BF0DC3100A3
:107D6000B86D03F08DFA0028EAD0A046C344FEF7B0
:107D700065FE0023FB613B627B626433FD18FFF705
:107D8000CAFA012119E700237B633B633B64643338
:107D9000FB189846FEF7A2FF00239A463B637B62DE
:107DA0007B63FFF76CF9BB6D4546002498460AE0FB
:107DB000D218310040463260E418ED1A03F060FA40
:107DC000002800D085E1736832689D42F0DCA84647
:107DD0005B1B4244444473603260A344FEF72EFEB2
:107DE000DD4A944200D9A8E1BD6C08342868A1009E
:107DF000FCF7BAF8002800D19FE12860AC80FFF7BB
:107E000033F9D54A934201D9FEF7ACFE08229046D9
:107E1000984443469900BB6C1868FCF7A5F8BB6C06
:107E2000002801D1FEF79CFE424618609A8045E585
:107E3000C94B9C4200D980E1BB6C08341868A10092
:107E4000FCF792F8002800D177E1BB6C18609C80A9
:107E5000FFF757FAC04B9C4200D96EE1BD6C083465
:107E60002868A100FCF780F8002800D165E12860AF
:107E7000AC80FEF728FF63074ED4E30700D547E147
:107E8000A40700D444E1B54BBA6A9A4200D1CAE1D2
:107E900000227B6C796AB86D02F046FFBB6B1B68F1
:107EA00003C3FFF7B8F902000B00FBF7E2FA002862
:107EB00058D120002900FBF76DFB534618608FE472
:107EC00002233D649846FEF7B0FE3D64FFF775F867
:107ED000182360229B18DC19FEF72DFF620700D4DF
:107EE0000CE15A461A80FEF7A9FD9B4A934201D93C
:107EF000FEF738FE082292469A4453469900BB6C1E
:107F00001868FCF731F8BB6C002801D1FEF728FE99
:107F1000524618609A80A7E5BB6B1B681880FFF774
:107F20007AF93C6C04312068FCF71EF8002801D176
:107F3000FEF761FF2060FEF75EFF7C6B2068FCF7B8
:107F400013F8002801D1FFF71AF92060FFF717F99D
:107F5000BB6C002B01D0FEF703FE01235B42FB64E8
:107F6000FEF7ECFD7E4800F0CFFD5346186037E485
:107F70000023140099463B642AE582B002ABBB643F
:107F800002910391FEF7DAFF7B6D023300D1D9E055
:107F90004346186802F0B2FF002800D0E6E07B6A92
:107FA0009C467B6DE344032B01D0FEF7E5FE23687E
:107FB000042B01D0FEF7E0FEFEF7E4FE5B001900A3
:107FC00010003B64FBF7D0FF78630028C0D00200AC
:107FD000524490464A46106018E57D690A23002203
:107FE000B86D691C02F0A8F8BB69C21A84E50024C8
:107FF000FEF7E0FE3B6C984600237B633B633B64EB
:10800000FEF76CFE00231400180099465FE400237D
:108010007D6AFB613B627B62FFF77DF97B6B9A4671
:1080200000233B637B627B63FFF729F84D46002CFE
:1080300001D1FFF7F3F92023FF339B18DC19BB6D47
:10804000250098463C6B295D32004046013C03F018
:10805000D7F8002CF7D1FFF7E0F93B6CFB65FEF792
:10806000F5FD32683F4D1378EB5C1B0701D5FEF739
:10807000E5FC0132326008229046524673680124C2
:10808000013B7360012A0FD1D4E041463268137876
:10809000EB5C194200D0A0E673680132013B013469
:1080A00073603260A24554D0002BEEDC3100B86D15
:1080B00003F0E6F80028E8D0A344FEF7BFFC4B46E7
:1080C0001868FBF751FF002800D163E54B461860A4
:1080D00060E5002C01D1FEF71BFDA344FEF7AEFCCA
:1080E0003100B86D03F0CCF8002801D1FEF767FE2F
:1080F000002C01D0FEF70CFDFEF769FEE20724D448
:10810000A40722D55A461A60D2175A60FEF727FFF5
:10811000BB6B1B681860FFF77EF85A46124B1A407B
:10812000012393469946FFF758FA5A460E4B1A40D8
:10813000012393463B64FFF750FA01235B42FB6443
:10814000FEF7F0FC7C6AFEF735FE5A461A60FEF731
:1081500006FFD344FEF772FCF6FF0000DDA8021014
:10816000C0C10210D1C902107FF8FFFF2023602296
:10817000FF339B18DC197B6A002B01D1FEF727FE29
:10818000BB6DFD699A46615D32005046013D03F0CA
:1081900037F8002DF7D1FEF71AFE7B6A2C009D42BE
:1081A00001D8FEF7BFFC35001E00013C2A002178F3
:1081B000B86D03F025F8B442F7D1FEF7B3FC386B85
:1081C000D100FBF7D1FE38630028B6D084467B6B24
:1081D000796A3A6C61445B00884610607B63FEF705
:1081E000E9FD7A6A954201D8FEF79CFC2C00013C1F
:1081F00032002178B86D03F003F87B6A9C42F6D117
:10820000FEF790FC7A6A2C00954201D8FEF78AFCB2
:10821000013C32002178B86D02F0F2FF7B6A9C428B
:10822000F6D1FEF77FFC00227B6C796AB86D02F014
:1082300061FE33E601239C46E344FEF7FFFBFB6D42
:108240003B64FEF7EAFDC04610B5034B0100186819
:1082500000F00EF810BDC046A407002010B5034B77
:108260000100186801F0D2FD10BDC046A40700202F
:10827000F0B54E464546DE465746E0B50D000B3597
:10828000060085B0162D27D8102900D9DAE000F0B5
:108290005DFB102518230221C74FFB181A005C68EC
:1082A000083A944200D146E103226368A1689343EF
:1082B000E268CA6091600121E3185A6830000A43FD
:1082C0005A6000F04BFB2000083005B0F0BCBB4604
:1082D000B246A946A046F0BD07239D4300D5B1E0B4
:1082E000A94200D9AEE000F031FBFC235B009D42C7
:1082F00000D29AE1690A00D1A8E0042900D94FE12F
:1083000038239846A90988443931CB0008225242C3
:108310009446A94FFB189C446346DC68A44514D0DE
:10832000032399460B0061469C4607E0E068002A5B
:1083300000DBFAE0814200D1FBE004004A466368BA
:1083400093435A1B0F2AF1DD41463A003C6908323B
:10835000944200D1D8E0032063688343581B0F2860
:1083600000DD66E13A617A610028A4DA7A68904615
:1083700080229200934200D3E3E0DA0858090123F7
:108380008340404618438046D300DB199A687860E2
:10839000E360A2609C60D46001208B10984040454F
:1083A0005CD8434603420AD1032399434346400025
:1083B0000431034203D1400004310342FBD00323C4
:1083C000B3469C460E00B8460190F00040440100C0
:1083D000B246CB680BE064465A681F00A243DB68D4
:1083E000541B0F2C00DDF3E0002C00DB0DE1994263
:1083F000F1D101239946CA44534608319B07E8D17D
:10840000032205E003680838013E834200D00AE2F7
:108410003242F7D14346019A5B6893434246536028
:10842000019A520001929A4216D8002A06D113E00E
:1084300004229146019ACA44520001921342F7D095
:108440005646C2E70C23002033603EE780233F22DC
:10845000402190469B0059E75E4647460322BC6890
:10846000636893439946AB4202D35B1B0F2B4EDCF0
:1084700023004B440293514B08201B6810335B19B7
:10848000019300F011FA4E4903900B688B460133BB
:1084900006D08446019B4242013B63441340019352
:1084A0003000019902F0B6FD03008046013300D18F
:1084B000DDE0029B834200D9D7E0019A414B94460C
:1084C00019689A466144039A1960029B0800013AB0
:1084D000434500D0EAE04346134200D0E6E0BB68E3
:1084E000984663464B441A0001231A4343465A6098
:1084F000354B1868884200D21960344B186888429E
:1085000000D219604446B4E07B68984644E70122F3
:10851000290013431143651961603000BD606B6031
:1085200000F01CFA20000830CFE6A268D06082601C
:10853000C1E6614609E7DC680231A34200D104E7E5
:10854000B2E65A0A042A00D888E0142A00D90FE1BA
:1085500010005B3082465C32D200082040428446E4
:10856000BA189444624692680B308146944500D113
:10857000E5E00800A2466146844602E09268914226
:1085800004D04C465068A0439842F7D8D36861465F
:1085900054469C466346A260E3609C60D460FBE660
:1085A000142973D9542900D9EBE06E239846290B7E
:1085B00088446F31CB00A9E6300200200417002068
:1085C00028020020D4160020FC16002000170020EE
:1085D000BA46012051468446491905435046456034
:1085E000856847466046EB605E469D60534639614C
:1085F0007961204308374860CF6030008F609C501D
:1086000000F0ACF9504608305FE6BA4601205E46FD
:108610005244516801435160BA683000D3609A6097
:1086200000F09CF9380008304FE62B00E9080833C9
:1086300032E66119884601218C460D43414665604A
:1086400039617961CA608A60624602434A60E050DB
:10865000300000F083F92000083036E69A09100057
:10866000393238308246D20077E7BC4214D0BC6839
:10867000626803239A43531BAA4202D30F2B00DDE7
:1086800045E7300000F06AF900201EE65B239846BB
:1086900088445C31CB0039E6644B9A461868019BEC
:1086A0009C46534660441860039B5A1E5B461B68F9
:1086B000013371D0434602995B1A51461B180B6077
:1086C00007234146404619400291184240D0039882
:1086D000013384465B1A01999844414401916344F3
:1086E00011405B1A1A4011003000934602F092FCD0
:1086F000431C78D04346C01A03005B4401935346A1
:1087000019680120594419604346019ABB6002432D
:108710005A60BC4200D1EBE64B460F2B40D90722F2
:108720000C3B93436268024005201A436260E218E2
:10873000506090600F2B4BD843465A68D8E653469A
:10874000981001238340404618438046786021E713
:10875000019B039943441340CB1A1A401100300087
:10876000934602F057FC431CC4D100239B46C6E746
:10877000542A18D81A0B10006F326E308246D2007D
:10878000EBE6AA235B00994218D8DD3B9846E90B3B
:1087900088447831CB00B9E55B46414619608FE7E4
:1087A000434658606DE7AA204000824226D8DA0B83
:1087B0001000783277308246D200CEE61C4B9942C8
:1087C00026D87C239846A90C88447D31CB009DE5B2
:1087D00021003000083101F019FB53461968BB68CD
:1087E00098465A6884E6019A029B94464246083BA2
:1087F00063449B1A019300239B4680E70C48824206
:108800000CD89A0C10007D327C308246D200A4E64F
:10881000FE237E227F2190469B0077E5FE227E206C
:108820009200824699E643465B68F9E5D41600203B
:108830005405000070B582B0069C0500002C0BD0DA
:10884000E4260F488659002A0DD028000094B0472E
:10885000431C10D002B070BD0400E4260848F43474
:108860008659002AF1D1012300212800054A0094ED
:10887000B047431CEED1002323608A332B60E9E725
:1088800038060020C0C102107047C0467047C0467D
:108890009422024B5200985C7047C0463806002074
:1088A0000048704728070020802310B55B01082886
:1088B00001D1180010BD02F0BFFB16230360173B67
:1088C000F7E7C046024670B50A4392072AD11E4D0B
:1088D000EE0104C808C9541B9443344017D0D0B2E9
:1088E000D9B2401A2106014310D190B299B2401A70
:1088F000210401430AD110021902000A090A401A90
:108900002102014302D1100E190E401A70BD9A4285
:10891000DFD010BA19BA884201D9012070BD0020F9
:10892000C04370BD02780B7801300131002A09D0B4
:108930009A4207D102780B7801300131002A01D028
:108940009A42EFD0D01A70BD0101010110B5024862
:10895000FFF79AFF10BDC046D016002010B50248A0
:10896000FFF794FF10BDC046D016002070B50B0C69
:108970000024150C002B28D1002D3CD18BB291B2D4
:108980005943FFF775FC051E33D00300083B5A68B6
:1089900003239A43043A242A12D80300132A0AD93B
:1089A0000460446008331B2A05D98460C460242A0B
:1089B0002AD00300103300221A605A609A6002E045
:1089C0000021FBF709FB280070BD002D16D1151CF6
:1089D00089B292B24A43ADB29BB26B43110C5B18A1
:1089E000190C0BD1190492B21143FFF741FC051E7B
:1089F000CBD10025E7E72B1C0D1CE9E702F01CFB9F
:108A00000C2300250360DEE7030004611833446192
:108A1000D1E7C046030010B50A00034908681900F1
:108A200000F076F810BDC046A407002010B58307FB
:108A30000AD00300032102E001330B4205D01A786B
:108A4000002AF9D1181A10BD030019680C4A0D4C00
:108A50008A188A4322420FD15968094A04338A1876
:108A60008A43224208D15968054A04338A188A4346
:108A70002242F1D000E001331A78002AFBD1E1E76D
:108A8000FFFEFEFE8080808070B50D7804005E2DB4
:108A90001BD0481C002600212300621CFF321970E5
:108AA00001339342FBD1002D0DD00122724062555B
:108AB0000378461C2D2B0FD05D2B0BD0002B03D041
:108AC0001D003000F3E7013870BD4D78881C012689
:108AD0000121E1E73000F7E741785D2911D08D42AF
:108AE0000FDC2B0002300133E2549942FBDC6B1C9B
:108AF0008D4203DA491B01395D18D9E700215D1861
:108B0000D6E72D253000D2E7004870470000C07F2F
:108B1000F0B557464E46DE464546E0B50C00060029
:108B2000170083B0002900D1ACE0FFF70FFF082346
:108B30005B429946A1444B465B68032219003D0005
:108B400091430B35CA468846162D67D81025AF428B
:108B500067D8A8456EDA4946C04841444A68009043
:108B600080689346884200D1A0E00120844610002E
:108B70006246904308184068104200D077E05A4699
:108B8000032082439346C3445D454EDD6046184250
:108B900012D14B4648461B68C31A03209B465B68AC
:108BA0008343D21842440092954200DCCCE0434417
:108BB00000939D4200DCCBE039003000FFF758FB0A
:108BC000071E00D11EE14B4601225B689343020061
:108BD0004B44083A934200D1E3E04246043A242A47
:108BE00000D9E3E003002100132A09D923680360B8
:108BF000636843601B2A00D9DCE0030008310833B6
:108C00000A681A604A685A608A689A6030002100CF
:108C100001F0FCF83000FFF7A1FE20E0043295439C
:108C200095D50C230027336019E0D846CB688A68B5
:108C3000D3609A6043465F1B5346012250465B68EF
:108C4000404413400F2F22D841460B4351464B60FE
:108C50004368134343603000FFF780FE270038006D
:108C600003B0F0BCBB46B246A946A046F0BD1A42CE
:108C7000A2D14B464A461B68D31A03229B465B6827
:108C8000934394E71100FFF7F3FA0700E7E7514633
:108C90002B434919554617436B604F6043680831B1
:108CA00013434360300001F0B1F8D4E703218A4355
:108CB00094462900C44410318C4500DB84E0DB0776
:108CC00000D579E74B4648461B68C31A03209B46EC
:108CD0005B688343D21842440192914200DD66E70B
:108CE0005B465A46DB6892685F46D3609A604246AC
:108CF000043A0837242A00D999E03B00132A0AD9FC
:108D0000594623688B606368CB601B2A00D993E0C7
:108D10005B460834103322681A6062685A60A268A1
:108D20009A605B4601225919009B30009960019BB3
:108D30005B1B13434B605B465B6813405A462B43F7
:108D40005360FFF70BFE8AE7CB688A68D3609A60AE
:108D50005B465A46DB6892685F46D3609A6042463B
:108D6000043A0837242A17D83B00132A09D9594650
:108D700023688B606368CB601B2A39D85B46083454
:108D8000103322681A6062685A60A2689A60009B79
:108D90003C009846DA464DE72100380002F004FB1B
:108DA000F5E703225B689343984443E7210002F010
:108DB000FBFA2BE7A3688360E368C360242A26D00C
:108DC0000300103110331BE74B465919009B012259
:108DD000996063465B1B13434B604B465B683000F6
:108DE00013404A462B435360FFF7B8FD270036E790
:108DF000A3680B61E3684B61242A10D05B461034F2
:108E00001833BEE73000FFF7A9FD002727E72369E5
:108E1000183103610300626918334261F0E6236987
:108E20008B615B4662692033CA611834A9E721006F
:108E3000380002F0B9FA74E7A3680B61E3684B618C
:108E4000242A03D05B461034183364E723698B610E
:108E50005B4662692033CA6118345CE73002002047
:108E600070B516000D0002F00DFF002E0DD06B2323
:108E70006A00520D9B1A002B07DD0024034A1B05D4
:108E80009D182B002200FAF78EFA70BD0000F03F0B
:108E9000F0B54546DE4657464E46E0B59FB00792D0
:108EA00000220C001A9200210022804604910592B3
:108EB000210019910A780F002D2A03D8B44D900093
:108EC000285887460021089100210991302A00D1B5
:108ED000B2E015002F2A01D800F044FD0023A4467B
:108EE0003800002619001C000BE08B0001305B18D5
:108EF000199005785B00991830392A0001362F2D1A
:108F00000FDD392D37DC082EEFDDA30001301B19F2
:108F1000199005785B009C18303C2A0001362F2DF3
:108F2000EFDC894601229B49A246644601F0F2FD2E
:108F3000002800D094E0199B0D965A1C19925D7878
:108F40000023129350E00131B3E7002208924F1C36
:108F500019974A78002AB7D1079B00260027002BD3
:108F600000D01C60300039001FB0F0BCBB46B246D8
:108F7000A946A046F0BD894601228649A24664461C
:108F800001F0C8FD00286BD1199A13000132199223
:108F90005D78002E01D000F075FD302D01D000F07D
:108FA0001DFD13001800013319931D78302DF9D0E1
:108FB000801A01302B00313B082B00D9FCE2302213
:108FC00052429446199B421C129200221F00012615
:108FD000AC440D924A4692004A4452006244914683
:108FE00000205A1C19925D782A00303A092A00D9CB
:108FF000E6E29446199B0130002AF2D031188B46E4
:109000000139012801DC00F089FE55464A469A469E
:10901000E1462B0006E09500AA185200B14201D1AA
:1090200000F08FFC35000136082DF4DD102EF5DC44
:109030009D00EB185B00F1E77A7820318A437D1CB4
:10904000582A01D100F023FC2F0019953A780135F8
:10905000302AF9D0002A00D1B4E20123099338E77D
:109060000023002000220D9612932023290099430B
:109070000B0000210C91452B28D0002E00D091E050
:10908000099B034300D09DE2002A00D064E7692DCC
:1090900000D11FE301DD00F075FC492D00D119E37B
:1090A0004E2D00D058E73C4919A801F01BFC0028C0
:1090B00000D151E7199B1B78282B01D100F02BFD23
:1090C000364802F03BFF06000F007DE233000999AD
:1090D00003430B4300D13FE7199C631C1993657848
:1090E0002B2D00D1C4E32D2D00D07BE201230A9368
:1090F000A31C1993A5782B00303B092B00D979E3E9
:109100001999302D0DD14B1C19931D78190001337D
:10911000302DF9D000230C932B00313B082BACD819
:1091200001334D1C1995AC464D780B932F2D01DC66
:1091300000F02EFC0C92624610910C9983468C46EE
:1091400010000B9B0AE09900C918013249001992DE
:109150004B194578303B2F2D02DD1000392DF2DD03
:10916000604694460B93634610990C900C9A5846AF
:10917000591A082901DC00F00BFC094B0C930A9BDF
:10918000002B00D179E70C9B5B420C9375E7C0463E
:10919000D4CA0210DCC1021030C20210C0C10210D9
:1091A0001F4E00000C9B129A9B1A0B930D9B002BD9
:1091B00000D10D963400102E00DD10244846FAF739
:1091C00065F904900591092E17DD2200624B093ADA
:1091D000D2009B181A685B68FAF7E5F804900591CD
:1091E0005046FAF753F902000B0004980599FAF774
:1091F000B3F8049005910F2E25DC0B9B002B00D1BA
:1092000039E30B9B002B00DC4EE2162B00DCC8E39D
:1092100025230B9A9B1B934215DB049A059B0F2475
:109220004D4DA41BE100691808684968FAF7BBF8BE
:109230000B9B1C1BE4002D192A686B68FAF7B3F826
:1092400006000F00C0E10B9B341B9C466444002CBD
:1092500000DCCAE10F231A00224023420AD03E4B11
:10926000D200991808684968049A059BFAF79BF898
:10927000049005910F239C43231E4FD09A22520045
:10928000944200DDA6E324111F2B01DC00F0CBFC8F
:1092900004980599002292460132934652462F4B7C
:1092A000B2461D000993160000235A46224204D0FC
:1092B0002A686B68FAF777F80123013664100835DD
:1092C000012CF2D1320056469246002B01D0049078
:1092D0000591234A059B9446634405935346D90060
:1092E000099B9C46049A059B614408684968FAF703
:1092F0005AF81C4B1C4A049005910B40934200D92C
:1093000068E3D42080048446184A6144059193425E
:1093100004D90123164C5B420493059400230A935D
:109320004B4639000093404633000D9A02F01AF97B
:109330001390002800D14DE30B99129ACB430C985F
:10934000DB17101ACA1719400023104099469B4694
:109350000C901491F0E0C046F8370310D03703109A
:109360000000B0FC0000F07F0000A07C0000907CBA
:10937000FFFFEF7FC91A521A1F2900DD3EE20123C9
:109380008B40109300231593AB189A460A9BA418A0
:109390009C462B006444554500DD5346A34200DD46
:1093A0002300002B04DD5246D21A9246E41AED1A2D
:1093B0000C9B002B00DDB1E15346002B00DDC8E122
:1093C0000B9B002B00DD0BE2002C00DDFCE1002DEF
:1093D00008DD49462A00404602F0DEFA81460028B0
:1093E00000D1FAE140461A99099A02F071FB8346CE
:1093F000002800D1F1E1C368494612930023C360FD
:1094000002F048FB002800DAC8E3059B0D9300D169
:109410004AE34946584602F017FD80230022DB0547
:1094200004000D00FAF710F8002800D168E1129B43
:10943000002B00D0EFE1049B002B00D074E20D9BC9
:109440001B0300D01AE2002220002900D34BF9F7B9
:10945000F5FF002800D01EE30022D14B2000290098
:10946000F9F7A1FF0A0001001300109111920E906C
:1094700080221206944663440F930D9BC94A0E9CAA
:109480000F9D13409A46C84B9A4500D1CAE10A9BEA
:10949000002B28D0D423DB049A4524D810981199A6
:1094A000C24AC34BF9F7D0FF002817D01098119982
:1094B000FAF72CF8002800D10130F9F7E7FF129BEA
:1094C00010901191002B00D0D7E2802212060B00E1
:1094D0009446634416901793169C179DD6235246C4
:1094E000DB04EB189D1A3000390002F0CBFB0200C0
:1094F0000B0020002900F9F756FF32003B00F9F776
:109500002BFF0E00049005910A9B002B04D1A54B64
:1095100033409A4500D1D5E140461A9901F0C4FF85
:109520004046099901F0C0FF4946404601F0BCFFA2
:109530005946404601F0B8FF139C4046616801F06F
:109540008BFF031E099000D147E122690C330232E0
:109550000C34210018009200FAF744FD049E059F88
:109560001CAB01931BAB009332003B00404602F062
:1095700005FC1A90002800D1F4E00121404602F0D9
:109580009DF88146002800D127E11B9B002B00DAC3
:10959000DBE00C9A149C9D180A991C9A5B1A3621E0
:1095A0009B188A1A8349013B8B4200DAE2E60023CA
:1095B000159301331093E7E6002300260D931293D1
:1095C000012252E500260027079A002A01D0199BA4
:1095D0001360089B002B00D1C4E4802109067B188E
:1095E0001F00BFE400230A9385E5002C00D195E617
:1095F0000F231A006442224023420AD0049805999E
:109600006D4BD2009B181A685B68F9F7AEFE0490A8
:109610000591241100D181E61F2C3FDC10231A0094
:1096200022400A92234201D05A330A93012204981D
:10963000059900239246614D5246224204D02A6881
:109640006B68F9F7B0FE012364100835002CF3D1E4
:10965000002B01D0049005910A9B002B15D0049B90
:10966000059C6B236200520D21009B1A002B0ADD22
:109670001F2B00DC14E300200490342B00DC16E3E5
:10968000DC239B0405936A230A930022049805991E
:109690000023F9F7CBFE002800D141E62223424601
:1096A0000026002713608FE70B9B163300DACAE50C
:1096B0000C99129A404B521AD2009B181A685B6898
:1096C00004980599F9F751FE06000F007CE7012286
:1096D00008923CE43A4919A801F004F9002800D1A5
:1096E0003AE4199B3749013B19A8199301F0FAF89C
:1096F000002802D1199B013319930026294F63E7F3
:10970000274B002220002900F9F74DFE129B1090F4
:109710001191002B7AD10B000E90A9E649461A0050
:10972000404602F0D1F88146002856D001001A9A2E
:10973000404601F0F3FF0D9000284ED040461A99A4
:1097400001F0B2FE0D9B1A9336E6149A0C9DD41AC2
:1097500022E7524640461A9902F01EF91A90002854
:1097600000D02DE6DA462223424600260D4F136034
:109770000100404601F098FE4046099901F094FE30
:109780004946404601F090FE4046139901F08CFE98
:109790005146404601F088FE16E7C0460000F03F03
:1097A0000000E03F0000F07F0000E07F0000C0FF0D
:1097B000FFFFDF4102FCFFFFF8370310D0CB0210A0
:1097C00024C2021028C2021022004046099902F069
:1097D000E3F80990002800D0F9E5DA461A98C2E7C4
:1097E0004046149A099902F06FF80990002800D0B9
:1097F000EAE5F2E7002319940C933EE4CF49CB1A33
:1098000001219940012315911093BDE5109B119CF6
:109810000E930F9431E60023C94C0E930F941093CE
:1098200011942AE6C74A0D9B944663440593049C11
:10983000059D2000290002F025FA0E9A0F9BF9F7EA
:10984000B2FD22002B00F9F787FDBF4BBF4A049001
:1098500005910B40934200D88FE0BD4A974201D159
:109860000136BAD00123BA4C5B420493059453E607
:1098700000230A933CE4049E059FA5E60023B54C13
:109880000E930F940023AE4C10931194F5E50293C0
:10989000089B404601931AAB0093AF4A1BAB19A932
:1098A00000F0A6FC0F231E0004000640034200D176
:1098B00088E6062E00D09EE000230026002719959A
:1098C000089381E6109C119D20002900F9F736FECF
:1098D000F9F728FE02000B0020002900F9F733FDFC
:1098E000049A129B36031343360B04000D009B4A67
:1098F00033430AD19A4BF9F7A1FD002800D10BE6BA
:10990000DA46049E059F1A9832E7964BF9F796FDC2
:109910000028F5D120002900934A944BF9F7A4FDC3
:10992000002800D1F8E5EBE7012BA7D10D9B002B18
:10993000A4D1DA4622234246002600271A98136053
:1099400016E749461D00914653460A00AA46594665
:10995000129DAB46834458461290082E2EDC0E0012
:10996000FFF738FB01223800814901F0D3F80028C5
:1099700037D000200022FFF783FBD4239B04CE18AE
:109980000596C1E56E2D01D1FFF78DFBFFF7E4FAD7
:109990000B99784B0C91994201DCFFF7F0FBFFF734
:1099A000EDFB0B9A744BD100591808684968049A6A
:1099B000059BF9F7F8FC06000F0005E6102966DCA8
:1099C0005046800050449246400082440E000020E1
:1099D000FFF707FB2223424613608EE60020FFF7C5
:1099E000E9FA199A1300013219925D780023994619
:1099F0009A46FFF7D2FA1A9A002A07D035211CA8F6
:109A000002F056FA40461A9901F04EFD1B9A052EB7
:109A100000D981E1594BB6009B599F461C9B584980
:109A200004931D9B0B4057498C4662441205134317
:109A30000593E40503D58022120613430593424A99
:109A4000049E059F134200D0BEE501F0F5FA2223E3
:109A50000360B9E501224C4B524204920593E405A0
:109A600000D408E7059BE6E7374B0593F7E71C9919
:109A70001D9A1D9B04910592DBE7109B119C169388
:109A8000179429E500230D961293FFF7ADFA0E0007
:109A90000020FFF7A6FA00233C4C0E930F940023FE
:109AA000324C10931194E8E4159B12999C460D9B3F
:109AB000DA461A03120B002900D1A0E034498A4289
:109AC00000D1D3E06246002A01D1109B049A1342D0
:109AD0000CD0049805990A9AFFF7C2F902000B000E
:109AE00030003900F9F738FC06000F000A9B002B04
:109AF00000D108E730003900264B0022F9F753FC6B
:109B0000114B06000F000B4200D0FCE62223424618
:109B10001A9813602CE620491CAA19A800F0F8FE38
:109B2000052801D0FFF7CCFA1D9B074A1A431C9B5E
:109B300005920493049E059F46E5C046E2FBFFFFA5
:109B40000000F03F0000B0FC0000F07FFFFF9F7CB2
:109B5000FFFFEF7F0000F0BFB8CB02109535A09457
:109B6000FFFFCF3FFFFFDF3F35E5AF350000E03FB0
:109B7000DCC102101F4E0000F83703108CCB02101E
:109B8000FFFFEFFF33040000FFFFFF7F0000E0BF97
:109B9000FFFF0F0000005039A4CB0210129B049964
:109BA000059ADA460B43A1D113039FD1D623614C0A
:109BB000DB0414409C4299D95B465B69002B03D1BE
:109BC0005B461B69012B91DD51460122404601F0A5
:109BD000E3FE4946824601F05DFF002800DC85E790
:109BE0000A9B002B71D0544B544A9C460123644479
:109BF00022435B4205920493049E059F7AE7002A64
:109C000017D1049A002A59D10A9A002A5DD0494CEA
:109C10001C40D623DB049C42E5D8DC239B049C42F9
:109C200000D967E786E600239A46454B0993FFF77C
:109C300050FB6246002A01D1109B049A134200D1C6
:109C400054E7049805990A9AFFF70AF902000B00F5
:109C500030003900F9F777FB0022002306000F00DF
:109C6000F9F7E4FB002800D140E763E60A9A04987C
:109C7000002A49D0D4212F4AC9041A408A4243D825
:109C80006B21120D8A1A6C39914088422DD06246A0
:109C9000002A00D01BE7109B034200D126E718E7FB
:109CA000012252429A40049B13400493EBE44B235D
:109CB0009A1A4C3B934019400591E4E4614600290F
:109CC00025D00B4200D111E7BBE7059A194B1A9832
:109CD0001340194A9446194A63441A4301235B42CC
:109CE00005920493049E059F42E5164A934217D0BD
:109CF000104A134080225203944663440593002384
:109D00000493049E059FF1E601214942BDE7109BA3
:109D1000134200D1EAE694E700238AE6711C17E6B5
:109D20000130E5D12223424600261A98014F1360E4
:109D30001EE5C0460000F07F0000F0FFFFFF0F00AF
:109D4000D0370310FFFFEF7F10B5024BFFF7A0F8ED
:109D500010BDC04638060020F0B5C646060000B566
:109D600008200D00FEF7A0FD04003000FEF7EEFD18
:109D7000234B210098469B685F6803239F4338006C
:109D80001138401B0019F9F7A3F8451E6543AC4292
:109D900008DC0021300001F03DF943469B68DB19E7
:109DA000984206D03000FEF7D9FD002080BCB846AE
:109DB000F0BD3000694201F02DF901300ED00122D2
:109DC00043467F1B9B6817430E4A5F601368300051
:109DD0005B1B1360FEF7C2FD0120E7E700213000A6
:109DE00001F018F943469A68831A0F2BDADD064C06
:109DF00004492468001B086001210B435360D1E72C
:109E000030020020D416002028020020F8B5CE46EB
:109E1000474605000C0080B5002957D0FEF796FD97
:109E2000012321009C460839486862460300032448
:109E30009343CF187A68654EA243B468BC4200D100
:109E400070E0BC18A14664467A60044221D10868DB
:109E5000091A1B188868804648464068204034002C
:109E600008348146A04551D04046CC68C460A0600B
:109E70004846002811D19B185548BA68824200D143
:109E80007FE0F868D060826001221A434A60CB50BC
:109E900007E0484640682042EDD062461A434A60D7
:109EA0003B6080229200934214D2DA0858090123C1
:109EB0008340706803437360D3009B199A68CB603A
:109EC0008A609960D1602800FEF748FDC0BCB946A1
:109ED000B046F8BD5C0A042C3DD89C0920003934FA
:109EE0003830E40034192268083C0327944203D137
:109EF00040E09268944203D05068B8439842F8D842
:109F0000D468CC608A60A160D160DCE7002858D1B9
:109F1000B868D218FB68C3609860634613434B600F
:109F20008A50D0E79A186346034206D10B68C91AD3
:109F30008868D218CB68C3609860012313434B60D4
:109F4000244BB1601B689342BDD8234B280019688D
:109F5000FFF702FFB7E7142C07D9542C1AD81C0BB3
:109F600020006F346E30E400BCE720005C345B30CE
:109F7000E400B7E7012380108340706803437360F7
:109F8000BFE7D1609160CA608A6001221A434A60CB
:109F9000CB5098E7AA225200944205D8DC0B20004F
:109FA00078347730E4009DE70C4A944205D89C0C45
:109FB00020007D347C30E40094E7FE247E20A40061
:109FC00090E762461A434A603B607CE7300200201B
:109FD000380200202C020020041700205405000045
:109FE000F0B557464E464546DE46E0B582460F0080
:109FF00090461E00994683B0242B43D8012B41D0B4
:10A000000B0008204A4D1A0014780133295D0842DC
:10A01000F9D11D002D2C00D176E02B2C3ED0454BE4
:10A020009B4600230193002E53D1302C00D173E0C6
:10A030000A2399460A3649465846F8F749FF2B0045
:10A040008C463D000200270000214C460020E146DE
:10A05000AC463D00303D092D07D9113D192D03D9DE
:10A060003D00613D192D20D80A35AE421DDD4F1C43
:10A0700005D082422AD327D00121604328181F78B7
:10A080000133E6E700F0D8FF16230360002003B099
:10A09000F0BCBB46B246A946A046F0BD1C78254B95
:10A0A000951C9B4600230193BDE767464A1C21D0BF
:10A0B000019A002A00D040424246002AE7D00029F7
:10A0C00033D143461F60E2E7A945D5DA0121494271
:10A0D000D5E7102EAFD110239946302CABD12022DA
:10A0E0002B789343582BA6D110236C7899461026D1
:10A0F0000235A0E7222251460A6042465846002A0D
:10A10000C5D058465F1EDCE71C7880231B069B46A3
:10A110000123951C019386E720222B789343582B2B
:10A12000E2D008230826994685E78346E9E7C0463A
:10A13000D1C90210FFFFFF7F10B5FFF751FF10BD1F
:10A14000F0B5D6464F4646460369C0B50A009A4662
:10A150004F11BB4208DC0023036100234361E0BCD4
:10A16000BA46B146A846F0BD1F218C46060064469B
:10A1700014369D00BB007519F318114014421FD00E
:10A180002022521A944604CBCA4090469D4228D9B8
:10A19000B14664461A68A240444622434C4604C471
:10A1A00004CBA146CA4090469D42F2D85346DC1BE0
:10A1B000A400043C34192260002A0CD004340AE0C4
:10A1C00032009D42C7D902CB02C29D42FBD8534602
:10A1D000DC1BA4003419A31B9B100361B442BED145
:10A1E000BBE74261002AB6D034000434F3E7C0462E
:10A1F000F0B5DE46454657464E46E0B58846096806
:10A2000093468A7887B003900593302A00D006E2FF
:10A21000CB1C1D0001335A1E1278302AF9D0691A5E
:10A220008B1E9A46C04FBB5C002B00D100E1002280
:10A2300000242B789146BD4AFB5C0292002B00D192
:10A2400070E12E0073780136FB5C002BFAD10122FD
:10A250003000029900F05EFC0190002852D00022EC
:10A2600033780192002C02D0A41BA200019220227C
:10A2700034009343502B51D043461E604B46002B75
:10A280007DD1631B013B0021072B03DD01315B10F6
:10A29000072BFBDC039801F0DFF88246002800D191
:10A2A00069E2142353440493AC4200D8C6E19846B3
:10A2B000002399463B0000264746A8464D4699464E
:10A2C0000CE0202E19D03200043649462378CB5CAE
:10A2D0000F210B4093401D4344455ED0013C237841
:10A2E0002E2BEED14445ECD301222000029900F040
:10A2F00011FC0028F0D0202EE5D120C70022042632
:10A300000025E2E7002C00D17CE12022A41BA30061
:10A310000193337834009343502BADD163782B2BCA
:10A3200000D15FE12D2B00D0DCE00122A378A11C3D
:10A33000FB5C2600581E18289ED84E1C4978103BFE
:10A34000795C180000290AD10CE083001B185B001F
:10A350000136581833781038F95C002901D01929D2
:10A36000F3DD0300002A00D05B42019A94469C442E
:10A370006346019343461E604B46002B81D05346F3
:10A380005A42534106245B421C40200007B0F0BCF7
:10A39000BB46B246A946A046F0BDB846A9464646C9
:10A3A0004B4608C6049B4846F61A5346B6101E6133
:10A3B00001F030F95B461D687601301AA84270DC66
:10A3C0000026A84200DA0FE15B46019A9B6893429F
:10A3D00000DA28E15B46019A5B68934246DD9C1AED
:10A3E000A54200DD81E05A46D268022A00D1ECE0A5
:10A3F000032A00D13BE1012A00D0EAE0A54200D0C7
:10A40000E7E0012D08D05046691E01F071FD0028DB
:10A4100000D1DEE05B465B68059A6224136001238D
:10A4200052461361049A13605246109B1A60ACE7BF
:10A430003E4B012219002800029300F06BFB81467D
:10A44000002875D16B786C1CFA5C002A72D025004C
:10A45000302B00D033E16B780135302BFBD0FB5C27
:10A4600059425941012289469246E7E60124002ECD
:10A4700010D05B46DB68022B64D0032B66D0012B27
:10A4800006D1B20704D5049A12681643334260D14C
:10A4900010231C435246109B1A60059B019A1A60B8
:10A4A00073E7441B2100504601F022FD061E0FD029
:10A4B0001F210123601E01408B404211049992002C
:10A4C0008A5801261A4203D0012800DDC1E0022685
:10A4D00021005046FFF734FE019B9C46A44463468E
:10A4E000019371E70022611C22E7671E002E00D055
:10A4F000A2E0002F00D0A6E01F21012339408B40AD
:10A500007A11049992008A581A4201D002231E43FC
:10A5100021005046FFF714FE5B465B682D1B01933C
:10A520000224A4E72E0092E6F8CB0210DCC1021050
:10A530002C002B7820229343502B00D192E04346ED
:10A540001C601CE70123119A9B1A1193119B002B8D
:10A550009ED053461F69049BBA0091461800984646
:10A560000021484403E002C3984200D883E01A68FF
:10A57000561CF8D001321A60022C00D18BE01F2348
:10A580001E0021242E402B4200D183E74B4643443A
:10A59000043B186801F03EF820239B1B984200DB27
:10A5A00078E753461B69002B00DDB2E000235246DA
:10A5B00013610023524653615B46019A9B68013246
:10A5C000019293422FDB212464E7119A002A00D1E3
:10A5D00022E75146039800F067FF0023109A5024A9
:10A5E0001360D2E60022A1E62C1A514622000398FD
:10A5F00001F0D2F9019B82461B1B019314235344A3
:10A600000493E1E67378741CFA5C2600002A00D1FA
:10A610002DE673780136FA5C002AFAD124E600238D
:10A620008D1C9A46FEE55146039800F03DFF00233D
:10A63000109AA3241360A8E601265DE7049B9846C0
:10A6400000239946ABE63900504601F051FC060064
:10A6500052E75046A11E01F04BFC002800D136E71E
:10A66000032635E7002301930133994656E6119AF4
:10A67000002AAED0D0E653469B689F4222DA52466B
:10A6800001217B1C04371361BA0052445160049AC3
:10A690009046022C87D15B461B682224013BAB42CB
:10A6A00000D0F7E61F21012329408B4041466A1163
:10A6B000920054581C4063425C412134EAE6012375
:10A6C0009A46BEE5534659680398013100F0C4FE2E
:10A6D000061E56D0534651461A690C31023292007A
:10A6E0000C30F9F77FFC5146039800F0DDFE0121A4
:10A6F0003269B246531C04329200B2183361516081
:10A7000014229046B044022CC5D09F4200DB36E7AD
:10A7100049E79B0043441A00534650465B69183092
:10A720005B0882421DD9444619000368DB070B43CE
:10A7300008C402C849088242F7D80B005146521A91
:10A74000193A92080132920042441360002B0DD155
:10A7500043465146D31A9B100B61424500D02BE76C
:10A7600027E742461360002B02D042460432EFE74F
:10A77000524613611DE70022E421054B0548FBF713
:10A7800051F800228421024B0248FBF74BF8C046E7
:10A7900034C2021048C20210F0B557464E46454634
:10A7A000DE468846E0B50C0092461E00082183B0C4
:10A7B0000190464823001D780134425D1142F9D1D1
:10A7C0002D2D5ED0002293462B2D33D0002E07D1A5
:10A7D000302D62D00A23052199463D4F0A360DE0FF
:10A7E000102E53D0012031004042F8F771FB0700D2
:10A7F000012031004042B146F8F76AFB00220020F8
:10A800002B00303B092B07D9113B192B03D92B0007
:10A81000613B192B11D80A339E420EDD551C06D020
:10A82000B84221D81ED04A46504301221818257834
:10A830000134E5E725789C1CC8E7531C17D05B461C
:10A84000002B00D040425346002B04D0002A15D1E3
:10A85000534642461A6003B0F0BCBB46B246A94616
:10A86000A046F0BD8B42DEDD01225242DFE722230B
:10A87000019910000B605346002BECD0631E9846E4
:10A88000E6E725789C1C01239B469FE7302D0FD0DF
:10A8900010230F2199460F4FB0E7202223789343CE
:10A8A000582B0AD008230721994608260A4FA5E706
:10A8B000202223789343582BEAD1102365780F2167
:10A8C00099461026034F023498E7C046D1C90210BA
:10A8D00099999919FFFFFF0FFFFFFF1F10B5FFF7B1
:10A8E0005BFF10BD30B5026808E013781D00413DE4
:10A8F000192D00D820330131A34206D10C78013242
:10A90000002CF2D10260012030BD0020FCE7C046DF
:10A91000F0B54546DE4657464E461F240300080064
:10A92000E0B525001100006887B042119200054093
:10A930008A180395044200D0A1E01000171F021FDF
:10A94000914600224846026018684678002E00D1E1
:10A95000B2E001906E48049380464B460F200024DD
:10A960000022834601980193434602963D0026004B
:10A970008946B846390092461F00029C15E0202CFB
:10A9800000D98DE052450CDDA94201D9072E58DDD2
:10A990000826A94505D2291F002392460D0000264E
:10A9A0000B6084780130002C12D03B5D002BE6D088
:10A9B00001360132082E3CDC2C682401A4465C469A
:10A9C0002340644623432B6084780130002CECD173
:10A9D000019B8C463400494647469946002A6BD075
:10A9E000654502D2072C00DC74E0A9424AD20A0075
:10A9F0002B0001CB01C29F42FBD26A1C781C0423AE
:10AA0000904262D20022CB1804C39F42FCD24B4634
:10AA10001B68002B05D1B94250D0043F3B68002B86
:10AA2000F9D0052007B0F0BCBB46B246A946A04607
:10AA3000F0BDA945B5D20024043DA44601262C60F2
:10AA4000BDE708239B1B9B009C46202364462E00E9
:10AA50001C1B02952B6865460590944620002A0031
:10AA600075682C0084401C432B00D3403460736015
:10AA70000436B142F4D86246029D059888E7170073
:10AA8000101D5CE74B46039A1B68002AC7D02020A4
:10AA9000801A01225242C24013404A461360BEE768
:10AAA000A246340056464746804601988C46049B91
:10AAB00049468146292E04D00420B3E701233B6098
:10AAC000AFE740460230186088E77D1BAD080135CE
:10AAD000AB0097E708262023361BB6009B1B984641
:10AAE0002B6828001A000B0031006646AC4645462C
:10AAF000984644682300AB4013432200CA400360D9
:10AB0000426004308642F4D8654641466DE7C0464F
:10AB1000F8CB021030B5002A26D003000B439B0768
:10AB200024D1032A22D9164D0BE0043A002A1BD067
:10AB3000144C1C199C432C4216D104300431032AB6
:10AB400014D903680C68A342EFD004780D78A542AD
:10AB500013D1012306E0C45CCD5CAC420DD10133BE
:10AB60009A4201D0002CF6D1002030BD04780D7837
:10AB7000AC4202D1012AECD1F6E7601BF5E7C046F2
:10AB800080808080FFFEFEFEF0B5DE464E464546E4
:10AB90005746E0B589B00D00059193461E00082187
:10ABA00007905F482B001C780135025D1142F9D1F6
:10ABB0002D2C00D184E02B2C4BD001235B4203933E
:10ABC000584B049300230693002E08D1302C00D15B
:10ABD00080E00A239A4600230A36994605E0102EA3
:10ABE00000D182E0F317B246994652464B4603988D
:10ABF0000499F8F7ABF923000F0080460292002079
:10AC00000022002113E0B94201D140451ED8804501
:10AC100043D052464B46F9F74DF8E31700940193A1
:10AC2000009B019C0122C01861412B7801351C005A
:10AC3000303C092C04D9113C192C0DD8373B1C0091
:10AC4000A64211DD531CF0D0B942DCD90122524298
:10AC5000EBE72C789D1CB0E71C00613C192C03D855
:10AC6000573B1C00A642EDDC531C1ED0069B002B5C
:10AC700004D003000C0000215842A1415B46002B88
:10AC800004D0002A48D15B46059A1A6009B0F0BC8E
:10AC9000BB46B246A946A046F0BD8F42B9D1029B41
:10ACA000A342B6DA01225242BFE72223079A136079
:10ACB0005B46002B2DD06B1E039804990593E2E7A9
:10ACC0002C789D1C0023039380231B0604930123EF
:10ACD000069379E720222B789343582B11D0082331
:10ACE0009A460023082699467FE7302C04D010238B
:10ACF0009A460023994678E720222B789343582BD5
:10AD0000F5D110239A4600236C7899461026023517
:10AD10006BE703980499B9E703900491CBE7C04629
:10AD2000D1C90210FFFFFF7F10B5FFF72DFF10BD47
:10AD3000F0B54546DE4657464E46E0B587B00D00B5
:10AD40000391984608210590654801922B001C78D4
:10AD50000135025D1142F9D12D2C00D188E000228D
:10AD600004922B2C67D04346002B0FD1302C00D1FE
:10AD700083E0053302935B4B9A465B4B99460A236B
:10AD8000009300239B460A33984615E0102B00D110
:10AD900085E04246009301204042C117DB179B46E5
:10ADA000F8F7D4F84246824689465B460120404285
:10ADB000C117F8F7CBF8029200220020002116E01C
:10ADC0001C00A0451EDD531C0FD049453BD801D1C6
:10ADD000504538D8504531D0009A5B46F8F76AFFA5
:10ADE0002600E7178019794101222C7801352300CC
:10ADF000303B092BE4D92300413B192B26D8373CA3
:10AE0000A045E0DC531C27D0049B002B04D003009A
:10AE10000C0000215842A141019B002B04D0002AC4
:10AE200023D1019B039A1A6007B0F0BCBB46B2461F
:10AE3000A946A046F0BD2C789D1C94E74945CBD18E
:10AE4000029B9C42C8DD01225242CEE72300613BB7
:10AE5000192BD7D8573CB4E72223059A012040424A
:10AE6000C1171360019B002BDED06B1E0393D8E744
:10AE70002C789D1C0123049375E720222B789343A3
:10AE8000582B1ED007230293083B9A46174B99462E
:10AE90000823009300239B46083398468CE7302C08
:10AEA0000AD00F230293103B9A46114B9946102368
:10AEB000009300239B467FE720222B789343582B57
:10AEC000EFD10F230293103B9A46094B6C789946B9
:10AED0001023009300239B461033984602356BE7FE
:10AEE000D1C902109999999999999919FFFFFF1F52
:10AEF000FFFFFF0F10B5FFF71BFF10BD10B50021BE
:10AF000000F002F810BDC04610B500F045F904008D
:10AF100000F056F81A38C0B2022805D900200423E0
:10AF2000093CA342404110BD0120FCE70300F0B5FD
:10AF3000070008003843800701D1032A1CD83800D5
:10AF4000002308E0CC5C561EFC54451C0133002C49
:10AF500004D032002800002AF4D1F0BD2B000021DB
:10AF6000AC19002E04D019700133A342FBD185180F
:10AF70000028F2D12800F0E7084C05E03B00043A35
:10AF8000043101C3032A07D908681F00044BC31802
:10AF900083432342F2D0D2E71F00D0E78080808035
:10AFA000FFFEFEFE002909D0FF2A02D801200A7008
:10AFB00070478A23036001204042F9E70020F7E749
:10AFC000114BF0B598421BD80025104E104F02E0EF
:10AFD000551CAE4214DB7319DA0FD218521053000D
:10AFE0009B185B00FB1859885C78090221439C88F8
:10AFF0006418A042ECD8884204D2561EAE42EADA67
:10B00000FF20F0BD1878FCE7EF010E00F908000002
:10B01000F8CC0210002370B5064C05000800236030
:10B02000FAF7E2FB431C00D070BD2368002BFBD075
:10B030002B60F9E77C1C0020014B18687047C04664
:10B04000A4070020030A30B5DBB20500C4B2022910
:10B0500022D0032903D0803B803CDBB2E4B21A004B
:10B060005032D2B21F2A0AD91A003032D2B2242A60
:10B0700035D83C4A95422FD90120404230BD3A4A4A
:10B080009542F9D83949B03BD801C01A4000A13CDB
:10B0900000194000405AF1E79E2C0ED9233480223B
:10B0A000E4B29F2B0ED8703B5B00D318DBB21A00C2
:10B0B0005032D2B21F2AD7D8E1E77E3C7F22E4B2D9
:10B0C0009F2BF0D950335B00D318DBB21A005032FB
:10B0D000D2B21F2AC8D8D2E72549D03BD4E75F3384
:10B0E000DAB2072AC8D8234B92009B589F46F12C0E
:10B0F000C2D8214AA13C6000805A0028BED1013844
:10B10000BCE7D82CB8D81D4AA13C6000805A002862
:10B11000B4D10138B2E7F62CAED8C0239B01E018B9
:10B12000ACE7F32CA8D8164BE018A7E7154BE35C67
:10B13000002BA1D0144BE018A0E7144AA13C6000FA
:10B14000805A00289AD1013898E7114AA13C600042
:10B15000805A93E7C02C00D98EE70E4AA13C6000CC
:10B16000805A8BE7A6F40000D3CF0000701D0310B7
:10B17000F4020310D4020310DC34031080350310F2
:10B18000A02F00004F35031060FE00004C36031066
:10B19000083703109C34031070B50500002918D03F
:10B1A0002B31FF310C0020001149FDF78BFB0028EB
:10B1B00004D101212800FFF745FF70BD20000D4993
:10B1C000FDF780FB002806D102212800FFF73AFF97
:10B1D000F3E7094CE7E720000849FDF773FB03009C
:10B1E0002800002BE9D10321FFF72CFFE5E7C0463B
:10B1F000ACC20210B0C2021062070020B8C2021036
:10B2000070B514004B1C1BD093892022FF2593435B
:10B21000226BA381CEB263680D40002A13D0626B0B
:10B220009A4208DD2368013B23601E706368013386
:10B230006360280070BD210000F086FE0028F1D078
:10B2400001256D42F5E721692268002905D0914268
:10B2500003D2511E0878A8420ED0E3632300403386
:10B260002363032363633F33A263E6542300423323
:10B27000236001236360DCE7013321606360D8E76A
:10B2800010B50C00096B00290FD023004033994200
:10B2900001D0FEF7BBFD00232363E36B6360002B4B
:10B2A00003D00020A36B236010BD002220210120C9
:10B2B0006260A28923690A43A2814042F3E7C04643
:10B2C000F0B5DE4657464E46454683461800E0B583
:10B2D000504385B00F000E9C0193002835D0002309
:10B2E000984640339946656806002168A144A84203
:10B2F00020D90290039238002A00F8F773FE2368E1
:10B30000216B5B1923604346B24663607F19761B4D
:10B31000002921D0494502D05846FEF777FD434623
:10B320002363E36B6360002B16D0A16B1D002160CB
:10B33000B342E0D332003800F8F754FE6368019856
:10B340009B1B636023689B19236005B0F0BCBB4660
:10B35000B246A946A046F0BD236920212360002300
:10B360006360A38902980B43A3815346039A401953
:10B370001100C01AF7F7ACFDE7E7C04682B000291C
:10B380000AD0002A0BD0002B0BD013780B6010785A
:10B39000431E984102B0704701A9002AF3D1002052
:10B3A000F8E702204042F5E7F0B588420AD98B1849
:10B3B000984207D2531E002A03D0CA5CC254013BF4
:10B3C000FBD2F0BD05000F2A0AD8561E002AF8D07D
:10B3D0000023CC5C1A00EC5401339642F9D1F0E71B
:10B3E00003273E000D430C0003002E402F422DD1B9
:10B3F0001500103D2D09AC462F013F1825681D6032
:10B4000065685D60A5689D60E5681034DD601D00BD
:10B410001033BD42F2D165460F230C2401352D01B6
:10B42000491913404519144213D0043B9B080133BA
:10B430009B008C59AC5104369E42FAD103231A402A
:10B44000AD198919561E002AC2D1BAE70500561E49
:10B45000BEE71A00B9E7C046436C70B504000D00A2
:10B46000002B0AD0AA009B18186800280ED002688A
:10B470001A6000230361C36070BD21220421FDF71F
:10B4800075FA031E6064EDD10020F5E70126AE4099
:10B49000721D012120009200FDF768FA0028F3D008
:10B4A00045608660E5E7C046002906D04A68436CDF
:10B4B00092009B181A680A6019607047F0B5C6467A
:10B4C0001F008046002300B50E000D6914310C6882
:10B4D00001332004000C5043240C5443C019070CC2
:10B4E000E4190004270C000C2404241810C19D4208
:10B4F000EDDC002F08D0B368AB4209DD2B1D9B00AB
:10B50000F31801355F603561300080BCB846F0BD8E
:10B51000716840460131FFF79FFF041E17D03100CC
:10B5200032690C31023292000C30F8F75BFD434671
:10B5300072685B6C92009B181A6832601E6026006D
:10B540002B1D9B00F31801355F603561DCE700229D
:10B55000BA21024B0248FAF765F9C04634C202101C
:10B56000C0C20210F8B54746CE460600180080B5A6
:10B570000C00083009211F009046F7F781FC092FC5
:10B580003BDD012500216D000131A842FBDC3000CC
:10B59000FFF762FF011E32D0089B43610123036164
:10B5A0004346092B16DC092398460A3447450CDD2F
:10B5B0004346E719FF1A23780A223000303BFFF791
:10B5C0007DFF01340100BC42F5D10800C0BCB94682
:10B5D000B046F8BD09239946A1444D4644442B7812
:10B5E0000A223000303BFFF769FF01350100A54218
:10B5F000F5D14446083C4C44D8E70021C7E7002277
:10B60000024B0348D331FAF70DF9C04634C2021099
:10B61000C0C202108022030052020020934201D2D5
:10B620001B04103080225204934201D208301B02C6
:10B6300080225205934201D204301B018022D205A0
:10B64000934203D3DB43DB0FC018704799009B0084
:10B6500004D403301142F8D12020F6E70230F4E799
:10B6600003680200590707D0D9071ED4990720D5CF
:10B670005B080360012070470020190401D11B0CF6
:10B680001030FF21194201D108301B0A190701D1DE
:10B6900004301B09990701D102309B08D90702D455
:10B6A00001305B0803D01360E5E70020E3E72020CA
:10B6B000E1E79B0803600220DDE7C046436C70B5FC
:10B6C00004000D00002B0AD05868002815D002682D
:10B6D0005A600023C36001334561036170BD2122BC
:10B6E0000421FDF743F9031E6064EDD146210022D9
:10B6F000084B0948FF31FAF795F81C220121200078
:10B70000FDF734F90028F1D0012343600133836051
:10B71000DFE7C04634C20210C0C20210F0B54E4688
:10B7200057464546DE46E0B50B6916698A4691469E
:10B73000984685B0B34204DB3300894646469246BC
:10B7400098464B4659684346F5184B469B68AB42B2
:10B7500000DA0131FFF780FE071E00D1A9E01423B3
:10B760009C4684446346AC00644418000022A34213
:10B7700002D204C39C42FCD814234B449B4643464C
:10B7800051469B0098461431B60088445E444145BA
:10B7900074D204239A464B4615339E4200D380E070
:10B7A0005B460193434600935346B446A246AB46DC
:10B7B000B9460C00029306E02D0C31D1009B0434F5
:10B7C0000430A34257D925682B04190C002BF3D061
:10B7D000019D5346A04600260C0082462F0003938D
:10B7E00008CF01681A04120C62431B0C0D0463435A
:10B7F0002D0C52199219090C5B18110C5B181204CC
:10B800001E0C120C1B04134308C0BC45E8D850465C
:10B810004446039B9A46029BC65025682D0CCDD00A
:10B82000060000220368A046604619001400B446D2
:10B83000019F3A88090C6A43121952181B0411041B
:10B840001B0C0B43336010CF7168240C6C430B044A
:10B850001B0CE318120C9B181C0C0436B842E8D8D9
:10B860006246844610004446029A04348350009B8A
:10B870000430A342A7D854465D464F46002D03DC52
:10B8800006E0013D002D03D0043C2368002BF8D0D6
:10B8900038003D6105B0F0BCBB46B246A946A046A3
:10B8A000F0BD4B46F31A153B9B0801339B009A46AB
:10B8B00076E7B1210022024B02484900F9F7B2FFB6
:10B8C00034C20210C0C20210F8B503234746140068
:10B8D000CE461A0080B50E0007002240234234D124
:10B8E000A41023D03D6C002D38D0012398460023AE
:10B8F00099464346234208D1641017D0286800288F
:10B9000019D0050043462342F6D02A003100380002
:10B91000FFF704FF002E06D072687B6C92009B1824
:10B920001A6832601E6006006410E7D13000C0BCA7
:10B93000B946B046F8BD2A0029003800FFF7EEFEF0
:10B940004B46286005000360DCE70F4B013A92008C
:10B95000D2580023FFF7B2FD0600C1E701213800ED
:10B96000FFF77AFD051E07D0084B436101230361F1
:10B97000002338640360B8E746210022044B0548E1
:10B98000FF31F9F74FFFC046C437031071020000C2
:10B9900034C20210C0C20210F0B54546DE4657461A
:10B9A0004E46E0B50D002B6954119846A04443461D
:10B9B0005E1CAB6883461700496883B09E4203DD76
:10B9C00001315B009E42FBDC5846FFF745FD844693
:10B9D000002853D0010014310B000191002C0CDD24
:10B9E000A400220000201432624401C39342FCD11F
:10B9F000019B9946A1444B4601931F222B00110045
:10BA00002C691433A40039408A461C193A422FD0BD
:10BA10000132521A91460027019851461A688A400D
:10BA20003A4304C04A4680CBD7409C42F5D82A000E
:10BA300015320423944204D3631B153B9B08013346
:10BA40009B00019AD750002F00D1464663461E61E5
:10BA50005B4660466A685B6C92009B181A682A60B5
:10BA60001D6003B0F0BCBB46B246A946A046F0BD7F
:10BA7000019904CB04C19C42FBD8E6E7EF210022E8
:10BA8000024B03484900F9F7CDFEC04634C202100C
:10BA9000C0C2021002690B6930B50500D01A9A4283
:10BAA00014D19B0014351431EA18CB1801E09542EB
:10BAB0000CD2043A043B146819688C42F7D0002376
:10BAC0008C425B4102205B421840013830BDC046C9
:10BAD000F0B5454690465746DE464E464346E0B5ED
:10BAE0000A691B690F0083B0D11A9A4200D098E00E
:10BAF0003D0042469900143514326B18521802E08A
:10BB00009D4200D395E0043B043A1C6811688C42C6
:10BB1000F6D001258C4203D343460025B8461F00CA
:10BB200043465968FFF798FC8446002800D194E00A
:10BB300014224244914614224346390062449246FC
:10BB40000022C56038691B69143180004D46081811
:10BB50009C004C44BB4614260700994610000A007E
:10BB600000950194434602CA9D590B042C041B0CFA
:10BB7000240CE41A63462418090C2D0C6D1A2114A8
:10BB8000691824040814240C09040C439C5104363D
:10BB90009742E7D8020038005F4600994B46894635
:10BBA00039000026153188427641C01B15388008BF
:10BBB000250083460427019CF1B2002E36D1484669
:10BBC000C0195744B8463E009946070084423BD905
:10BBD000130020CF2904090C891809142A0CED1828
:10BBE00089182D040A142D0C09040D4320C6BC42EB
:10BBF000EED8013C221A9208920042444B461600AD
:10BC0000002D04D1043E3268013B002AFAD062467E
:10BC10001361604603B0F0BCBB46B246A946A046DD
:10BC2000F0BD0125002900DB76E779E7471CBF005E
:10BC3000C5E70021FFF710FC8446002813D001233C
:10BC4000036100234361E4E70026002901D1564443
:10BC5000D6E75A4696005644D2E70022054B0648DE
:10BC60000649F9F7DFFD0022024B03480449F9F7C2
:10BC7000D9FDC04634C20210C0C202104502000005
:10BC8000370200000D4A0E4B94460B4063440022DD
:10BC9000002B02DD1900100070475B4219151329B3
:10BCA00003DC80231B030B41F4E7143901221E2916
:10BCB00002DC80221206CA400023EBE70000C0FC31
:10BCC0000000F07FF8B506004746CE4604691436FA
:10BCD000A4003419231F1D6880B528000F00984662
:10BCE000FFF798FC2022111A030039600A282EDD84
:10BCF00007000B3F464519D208235B429C46A444EB
:10BD000063461B68002F1AD01900D21BD140BD40DA
:10BD10009146194A0D432A431100BB40664511D292
:10BD20004A460C3C2468D44023430BE00B2805D042
:10BD3000BD40114B2B431900002303E000230E4AA2
:10BD40002A4311001800C0BCB946B046F8BD2F0008
:10BD5000153A121AD7409146074A3A431100002774
:10BD6000464503D24A46083C2768D74015339D40D4
:10BD70002B003B43E6E7C0460000F03FF0B5012151
:10BD800083B014001D00FFF767FB061E4AD02B038B
:10BD90006F001B0B7F0D02D08022520313430193CF
:10BDA000002C16D101A8FFF75BFC0124019B203079
:10BDB00073613461002F24D01D4B35249C46089BB1
:10BDC00067443F181F60241A3000099B1C6003B0B1
:10BDD000F0BD68460094FFF743FC019C00281FD08B
:10BDE000202322001B1A9A40C4401300009A019499
:10BDF00013437361B461631E9C4101343461002FAD
:10BE0000DAD10C4B9C46089B604418600A4BE3183F
:10BE10009B00F3185869FFF7FDFB6401241AD3E770
:10BE2000009BE6E70022054B05480649F9F7FAFCB6
:10BE3000CDFBFFFFCEFBFFFFFFFFFF3F34C2021031
:10BE4000C0C202100F030000F0B5CE46474680B5D1
:10BE500085B0884602A98146FFF734FF04000D0033
:10BE6000404603A9FFF72EFF02000B00404649465B
:10BE70000069096900920193091A490188460298EC
:10BE80000399401A0100414400290BDD09054F19AF
:10BE90003D0020002900F7F768FA05B0C0BCB9469C
:10BEA000B046F0BD09055B1A0193009A019BF0E7CB
:10BEB0001300013970B54C11116901341433890034
:10BEC000A400591804198B420AD2050040CB40C582
:10BED0009942FBD88B1A153B9B0801339B00C01875
:10BEE000844203D9002308C08442FCD870BDC046F8
:10BEF00010B5040002691434481182420ADA920033
:10BF0000A31803E0043B1A68002A14D1A342F9D80D
:10BF1000002010BD8300E3188242F7DD1F221000CD
:10BF200008400A42F2D019680A00C240824001204B
:10BF30009142EED1EAE70120EBE7C046002001493B
:10BF40007047C0460000F87FF0B50C002300C646DD
:10BF5000096B403300B5994215D0666B77003A0003
:10BF6000FCF7D6FD051E27D0831998460100320044
:10BF70001800F8F737F8434625632360676300200D
:10BF800080BCB846F0BD8025ED002900FCF770F9B3
:10BF9000002811D0422320636563E25C084BC25441
:10BFA0004123E25C074BC2544023E25C064B9C46B3
:10BFB000C25460442060E2E701204042E0E7C0460E
:10BFC000FF030000FE030000FD030000F8B5C046BB
:10BFD00001B40248844601BC604700BFA5010020AF
:10BFE00001B40248844601BC604700BFCD01002077
:10BFF00001B40248844601BC604700BFCD01002067
:10C0000001B40248844601BC604700BF090100201A
:10C0100001B40248844601BC604700BFC100002053
:10C020002530345800000000737065656420256673
:10C030000A0000006465616474696D655F6E732059
:10C0400025640A006465616474696D655F73746575
:10C0500070732025640A00004D2074656D703A20CD
:10C060002564206375723A2025640A004525730A09
:10C070000000000025303258253031366C6C5800F5
:10C0800068616C6C7320253031366C6C580A000086
:10C090000A2A2A2A2050414E4943202A2A2A0A00E5
:10C0A0004E6F207370696E6C6F636B732061726585
:10C0B00020617661696C61626C6500004861726440
:10C0C0007761726520616C61726D20256420616CFE
:10C0D000726561647920636C61696D65640000005C
:10C0E0004861726420617373657274004F757420C7
:10C0F0006F66206D656D6F727900000052656C652A
:10C1000061736500626F6F74325F773235713038FA
:10C1100030000000322E312E310000007069636F54
:10C12000000000006D61696E626F6172645F667726
:10C130000000000053657020323420323032360067
:10C14000666E692B00000000666E69006E616E000D
:10C15000666E692D000000002C2066756E637469A0
:10C160006F6E3A2000000000617373657274696F2E
:10C170006E2022257322206661696C65643A206610
:10C18000696C6520222573222C206C696E65202540
:10C1900064257325730A00006C2073656E745F74E8
:10C1A0006F2025643A20000025642000652062612C
:10C1B000642073756D2025643A2000006225630AAF
:10C1C00000000000624500006C20726574727920E6
:10C1D00025640A0065256C64000000002E00000044
:10C1E0004C435F434F4C4C41544500004C435F432C
:10C1F00054595045000000004C435F4D4F4E45548C
:10C20000415259004C435F4E554D45524943000041
:10C210004C435F54494D45004C435F4D455353419A
:10C22000474553006E660000696E6974790000002E
:10C23000616E000042616C6C6F63207375636365AF
:10C2400065646564000000002F646174612F6A6595
:10C250006E6B696E732F776F726B73706163652F8E
:10C26000474E552D746F6F6C636861696E2F6172F4
:10C270006D2D31332F7372632F6E65776C69622D6C
:10C2800063796777696E2F6E65776C69622F6C6969
:10C2900062632F7374646C69622F6764746F612DBD
:10C2A0006765746865782E63000000004A49530092
:10C2B000534A4953000000004555434A50000000CE
:10C2C0002F646174612F6A656E6B696E732F776F6F
:10C2D000726B73706163652F474E552D746F6F6C71
:10C2E000636861696E2F61726D2D31332F737263D4
:10C2F0002F6E65776C69622D63796777696E2F6E33
:10C3000065776C69622F6C6962632F7374646C6902
:10C31000622F6D707265632E6300000000000000E4
:10C3200000000000091202100D130210D5110210B6
:10C33000DD110210E9110210F5110210F9110210BD
:10C34000FFFFFFFFFFFFFF7F06005250D3F0754253
:10C35000FCC0021006005250E182887F04C1021026
:10C3600006005250ABB3605314C102100600525085
:10C37000BBFF3CB61CC1021006005250861C0302D3
:10C3800024C10210060052505422A29D34C1021052
:10C3900005005250DE65F468404103101C4C021049
:10C3A000CC4B0210CC4B0210144C0210CC4B0210A0
:10C3B000CC4B0210CC4B0210CC4B0210CC4B0210D9
:10C3C000CC4B0210CC4B02100C4C0210CC4B021088
:10C3D000044C0210CC4B0210CC4B0210FC4B021050
:10C3E000D04E0210324C0210CA4E0210324C0210D3
:10C3F000B44E0210324C0210324C0210324C021079
:10C40000324C0210324C0210324C0210324C0210EC
:10C41000244C0210324C0210324C0210324C0210EA
:10C42000324C0210324C0210244C0210584F0210B1
:10C43000864B0210864B0210864B0210864B021070
:10C44000864B0210864B0210864B0210864B021060
:10C45000864B0210864B0210864B0210864B021050
:10C46000864B0210864B0210864B0210864B021040
:10C47000864B0210864B0210864B0210864B021030
:10C48000864B0210864B0210864B0210864B021020
:10C49000864B0210864B0210864B0210864B021010
:10C4A000864B0210864B0210864B0210E44E02109F
:10C4B000244F0210E44E0210864B0210864B0210ED
:10C4C000864B0210864B0210864B0210864B0210E0
:10C4D000864B0210864B0210864B0210864B0210D0
:10C4E000864B0210864B0210864B0210864B0210C0
:10C4F000864B0210864B0210F8500210864B021039
:10C50000864B0210864B0210864B0210864B02109F
:10C51000864B0210864B0210864B0210864B02108F
:10C52000F85002106A4F0210F8500210E44E021048
:10C53000244F0210E44E0210000000000000F03F03
:10C5400000000000000024400000000000005940EE
:10C550000000000000408F40000000000088C34041
:10C5600000000000006AF8400000000080842E41B6
:10C5700000000000D01263410000000084D7974102
:10C580000000000065CDCD410D0A00000000000054
:10C59000000000005D5D02107D5C02104160021031
:10C5A000815C02100000000000000000395E0210F3
:10C5B000455E0210555E0210615E0210715E02104F
:10C5C0007D5E0210D55E0210000000000000000039
:10C5D0003D6002107D5C021041600210815C02101F
:10C5E000DC6F0210246B0210246B0210246B02100B
:10C5F000246B0210C86F0210246B0210246B02100F
:10C60000246B0210246B0210246B0210EC6B0210DE
:10C61000EC6B0210EC6B0210EC6B0210EC6B021076
:10C62000EC6B0210EC6B0210EC6B0210EC6B021066
:10C63000EC6B0210246B0210246B0210246B0210AE
:10C64000246B0210246B0210246B0210246B021066
:10C65000246C0210246B0210B46F0210806F021061
:10C66000246C0210246C0210246C0210246B021043
:10C67000246B0210246B0210246B0210A46B0210B6
:10C68000246B0210246B0210946F0210246B0210B2
:10C69000246B0210246B0210A86F0210246B02108E
:10C6A000246B0210246B0210246B0210FE6D02102A
:10C6B000246B0210246B0210D66E0210246B021041
:10C6C000246B0210246B0210246B0210246B0210E6
:10C6D000246C0210246B0210CA7E0210FC6E021041
:10C6E000246C0210246C0210246C02100C6F0210D7
:10C6F000E26F0210A46B0210246B0210646F021030
:10C70000266F0210426F0210F26F0210886F021043
:10C71000246B0210246B0210C07E0210986B021072
:10C720008E6F0210246B0210246B0210FE6D02103B
:10C73000246B0210986B02105C720210D071021010
:10C740005C720210D0710210D07102107672021069
:10C750002E7202102E7202102E7202102E72021011
:10C760002E7202102E7202102E72021066720210C9
:10C7700066720210D0710210D0710210D0710210D6
:10C78000D0710210D0710210D0710210D07102105D
:10C79000A6710210A6710210A6710210A6710210F5
:10C7A000A6710210A6710210D0710210D071021091
:10C7B000D0710210D0710210D0710210D07102102D
:10C7C000D0710210D0710210D0710210D07102101D
:10C7D000D0710210D0710210D0710210D07102100D
:10C7E000D0710210D0710210D07102103E7202108E
:10C7F000D0710210D0710210D0710210D0710210ED
:10C80000D0710210D0710210D0710210D0710210DC
:10C81000A6710210A6710210A6710210A671021074
:10C82000A6710210A6710210D0710210D071021010
:10C83000D0710210D0710210D0710210D0710210AC
:10C84000D0710210D0710210D0710210D07102109C
:10C85000D0710210D0710210D0710210D07102108C
:10C86000D0710210D0710210D07102103E7202100D
:10C870003A760210227502103A76021022750210E2
:10C880002275021016780210C4750210C4750210C9
:10C89000C4750210C4750210C4750210C47502106C
:10C8A000C4750210C4750210C475021022750210FE
:10C8B00022750210227502102275021022750210D4
:10C8C000227502102275021020760210BE75021029
:10C8D000BE750210BE7502100C780210EE770210C1
:10C8E00022750210227502101C77021022750210A8
:10C8F000227502102275021022750210E8760210CD
:10C90000227502109E760210227502102275021006
:10C910002275021092760210227502102275021002
:10C920002275021054760210487602102275021009
:10C930002275021022750210227502102275021053
:10C94000227502102275021020760210BE750210A8
:10C95000BE750210BE7502100C780210EE77021040
:10C9600022750210227502101C7702102275021027
:10C97000227502102275021022750210E87602104C
:10C98000227502109E760210227502102275021086
:10C990002275021092760210227502102275021082
:10C9A0002275021054760210487602100A00010027
:10C9B000020003000400050006000700080009004B
:10C9C0000A000B000C000D000E000F00100000000C
:10C9D000002020202020202020202828282828204F
:10C9E0002020202020202020202020202020202047
:10C9F00020881010101010101010101010101010AF
:10CA0000100404040404040404040410101010109E
:10CA10001010414141414141010101010101010168
:10CA200001010101010101010101010110101010BA
:10CA3000101042424242424202020202020202023A
:10CA4000020202020202020202020202101010108E
:10CA500020000000000000000000000000000000B6
:10CA600000000000000000000000000000000000C6
:10CA700000000000000000000000000000000000B6
:10CA800000000000000000000000000000000000A6
:10CA90000000000000000000000000000000000096
:10CAA0000000000000000000000000000000000086
:10CAB0000000000000000000000000000000000076
:10CAC0000000000000000000000000000000000066
:10CAD00000000000588F0210C48E0210C48E021095
:10CAE000C48E0210C48E0210C48E0210C48E0210B6
:10CAF000C48E0210C48E0210468F0210468F0210A0
:10CB0000468F0210468F0210468F0210C48E02100C
:10CB1000C48E0210C48E0210C48E0210C48E021085
:10CB2000C48E0210C48E0210C48E0210C48E021075
:10CB3000C48E0210C48E0210C48E0210C48E021065
:10CB4000C48E0210C48E0210C48E0210C48E021055
:10CB5000C48E0210468F0210C48E0210C48E0210C2
:10CB6000C48E0210C48E0210C48E0210C48E021035
:10CB7000C48E0210C48E0210C48E0210C48E021025
:10CB80004A8F0210C48E0210CE960210189D021019
:10CB90001C9A02106E9A0210689A0210549A02109F
:10CBA0001C9A021034000000CEFBFFFFCB030000F4
:10CBB000010000000000000035000000CEFBFFFF78
:10CBC000CB03000001000000000000000000000096
:10CBD000BC89D897B2D29C3C33A7A8D523F6493953
:10CBE0003DA7F444FD0FA5329D978CCF08BA5B2575
:10CBF000436FAC64280668110000000000000000CC
:10CC00000000000000000000000000000000000024
:10CC10000000000000000000000000000000000014
:10CC20000000000000000000101112131415161768
:10CC30001819000000000000001A1B1C1D1E1F0018
:10CC400000000000000000000000000000000000E4
:10CC50000000000000000000001A1B1C1D1E1F0029
:10CC600000000000000000000000000000000000C4
:10CC700000000000000000000000000000000000B4
:10CC800000000000000000000000000000000000A4
:10CC90000000000000000000000000000000000094
:10CCA0000000000000000000000000000000000084
:10CCB0000000000000000000000000000000000074
:10CCC0000000000000000000000000000000000064
:10CCD0000000000000000000000000000000000054
:10CCE0000000000000000000000000000000000044
:10CCF0000000000000000000000000001F001C20D9
:10CD000000000000142100000200162400000000B2
:10CD10001425000002001528000000001129000061
:10CD20000000142A00000000182B00000000142C42
:10CD300000000000102D00000000142E0000010073
:10CD40000C3000000900143A00000100183C0000FB
:10CD50000200143F00000100034100001900155BB0
:10CD600000000000145C00000000115D00000000E5
:10CD7000175E000000000F5F000000001760000059
:10CD80000000036100001900157B00000000187C02
:10CD900000000000117D00000000187E000000006F
:10CDA000007F000020001CA00000000014A1000073
:10CDB000000016A20000030019A60000000014A73E
:10CDC0000000000017A80000000019A900000000E2
:10CDD00006AA0000000013AB0000000018AC000021
:10CDE000000001AD0000000019AE0000000017AF08
:10CDF0000000000019B00000000018B100000000A1
:10CE00000EB20000010017B40000000003B50000DE
:10CE1000000014B60000010017B8000000000EB9B1
:10CE20000000000006BA0000000012BB0000000075
:10CE30000EBC0000020014BF0000000003C0000090
:10CE4000160018D70000000003D80000060004DF19
:10CE50000000000003E00000160018F700000000CA
:10CE600003F800003F00043801000000033901000E
:10CE70000F00044901000000034A01004200048D34
:10CE800001000000038E01000C00049B0100000063
:10CE9000039C01000D0004AA0100010003AC010085
:10CEA0000D0004BA0100000006BB0100000003BC35
:10CEB0000100010004BE0100000003BF01000000EA
:10CEC00006C00100030003C40100000007C5010003
:10CED000000003C60100010007C80100000003C9EB
:10CEE0000100010007CB0100000003CC010023007A
:10CEF00004F00100000003F10100000007F201004E
:10CF0000000003F301002D000421020000000322B1
:10CF100002001100043402000500033A02001A0066
:10CF200004550200000003560200010004580200EC
:10CF30000000035902000000045A02000000035BD5
:10CF400002000100045D0200020003600200010013
:10CF50000462020000000363020000000464020097
:10CF6000000003650200010004670200000003687E
:10CF700002000400046D02000100036F02000000C3
:10CF8000047002000000037102000100047302003B
:10CF90000100037502000000047602000600037D14
:10CFA00002000000047E0200010003800200000075
:10CFB00004810200000003820200010004840200D8
:10CFC0000200038702000500048D020004000392A2
:10CFD000020000000493020000000694020000001A
:10CFE000049502000700039D02000100049F020057
:10CFF000100005B00200110017C20200030005C6B0
:10D0000002000B0017D202000D0005E00200040030
:10D0100017E50200060005EC0200000017ED020013
:10D02000000005EE0200000017EF020010000B00E8
:10D0300003006F0003700300030005740300000089
:10D04000177503000000037603000100057A030052
:10D050000000037B03000200147E03000000037F36
:10D060000300000017840300010003860300000092
:10D07000148703000000038803000200038C0300F0
:10D080000000038E030001000490030000000391E0
:10D090000300100003A303000C0004B00300000011
:10D0A00003B10300200008D20300020003D50300EF
:10D0B000200018F60300000003F70300040004FC3E
:10D0C0000300000003FD0300840019820400000037
:10D0D0000B83040004000A8804000100038A040092
:10D0E000A500033105002500055905000000145A6C
:10D0F000050005000460050000000361050025002F
:10D10000048705000100148905000000108A05004D
:10D110000000198D05000100168F050000000B911D
:10D1200005002C0010BE050000000BBF050000002C
:10D1300014C0050000000BC10500010014C3050068
:10D1400000000BC40500010014C6050000000BC759
:10D150000500000006D005001A0006EF05000300D8
:10D1600014F3050001000100060005001806060082
:10D170000200140906000100160B06000000140C42
:10D1800006000100190E060001000B1006000A003F
:10D19000141B06000000011C06000000141D060000
:10D1A0000200062006001F000540060000000641A0
:10D1B000060009000B4B060014000C600600090075
:10D1C000146A06000300066E060001000B700600DC
:10D1D000000006710600620014D40600000006D5A7
:10D1E000060000000BD60600060001DD0600000068
:10D1F00019DE060000000BDF0600050005E506004D
:10D2000001000BE70600010019E9060000000BEA27
:10D210000600030006EE060001000CF006000900FF
:10D2200006FA0600020019FD0600010006FF0600CE
:10D230000000140007000D00010F07000000061099
:10D24000070000000B1107000000061207001D0078
:10D250000B3007001A00064D070058000BA6070008
:10D260000A0006B1070000000CC00700090006CA4A
:10D27000070020000BEB0700080005F40700010081
:10D2800019F60700000014F70700020005FA07006E
:10D2900000000BFD0700000016FE0700010006005D
:10D2A000080015000B1608000300051A080000000E
:10D2B0000B1B080008000524080000000B250800CF
:10D2C00002000528080000000B29080004001430A3
:10D2D00008000E000640080018000B590800020064
:10D2E000145E08000000066008000A0006700800CE
:10D2F0001700178808000000068908000500019043
:10D30000080001000B980800070006A0080028008C
:10D3100005C9080000000BCA0800170001E2080058
:10D3200000000BE308001F000903090000000604C9
:10D33000090035000B3A09000000093B0900000014
:10D340000B3C09000000063D09000000093E0900F1
:10D3500002000B41090007000949090003000B4DB9
:10D3600009000000094E09000100065009000000F4
:10D370000B51090006000658090009000B6209005C
:10D3800001001464090001000C6609000900147012
:10D3900009000000057109000000067209000E0076
:10D3A0000B810900000009820900010006850900BF
:10D3B0000700068F0900010006930900150006AA60
:10D3C0000900060006B20900000006B609000300C5
:10D3D0000BBC0900000006BD0900000009BE0900E1
:10D3E00002000BC10900030009C70900010009CBB5
:10D3F000090001000BCD0900000006CE0900000065
:10D4000009D70900000006DC0900010006DF090059
:10D4100002000BE2090001000CE60900090006F019
:10D420000900010016F2090001000EF409000500D0
:10D4300019FA0900000016FB0900000006FC0900AB
:10D44000000014FD090000000BFE090000000B01A4
:10D450000A00010009030A00000006050A00050091
:10D46000060F0A00010006130A001500062A0A002A
:10D47000060006320A00010006350A0001000638DF
:10D480000A0001000B3C0A000000093E0A000200ED
:10D490000B410A0001000B470A0001000B4B0A0078
:10D4A00002000B510A00000006590A000300065E44
:10D4B0000A0000000C660A0009000B700A00010057
:10D4C00006720A0002000B750A00000014760A00BA
:10D4D00000000B810A00010009830A000000068594
:10D4E0000A000800068F0A00020006930A001500D1
:10D4F00006AA0A00060006B20A00010006B50A00E4
:10D5000004000BBC0A00000006BD0A00000009BEB2
:10D510000A0002000BC10A0004000BC70A00010048
:10D5200009C90A00000009CB0A0001000BCD0A005E
:10D53000000006D00A00000006E00A0001000BE22D
:10D540000A0001000CE60A00090014F00A000000BD
:10D5500016F10A00000006F90A0000000BFA0A00A2
:10D5600005000B010B00000009020B00010006057D
:10D570000B000700060F0B00010006130B0015003F
:10D58000062A0B00060006320B00010006350B00D0
:10D5900004000B3C0B000000063D0B000000093EA0
:10D5A0000B0000000B3F0B00000009400B000000C7
:10D5B0000B410B00030009470B000100094B0B0056
:10D5C00001000B4D0B0000000B550B00010009572B
:10D5D0000B000000065C0B000100065F0B00020060
:10D5E0000B620B0001000C660B00090019700B00A8
:10D5F000000006710B0000000E720B0005000B828C
:10D600000B00000006830B00000006850B000500E0
:10D61000068E0B00020006920B00030006990B0019
:10D620000100069C0B000000069E0B00010006A3F3
:10D630000B00010006A80B00020006AE0B000B0059
:10D6400009BE0B0001000BC00B00000009C10B005C
:10D65000010009C60B00020009CA0B0002000BCD35
:10D660000B00000006D00B00000009D70B000000E3
:10D670000CE60B0009000EF00B00020019F30B0082
:10D68000050016F90B00000019FA0B0000000B0052
:10D690000C00000009010C0002000B040C0000004B
:10D6A00006050C000700060E0C00020006120C0016
:10D6B0001600062A0C000F000B3C0C000000063D73
:10D6C0000C0000000B3E0C00020009410C0003009E
:10D6D0000B460C0002000B4A0C0003000B550C001B
:10D6E000010006580C000200065D0C0000000660F8
:10D6F0000C0001000B620C0001000C660C0009001C
:10D7000014770C0000000E780C000600197F0C0046
:10D71000000006800C0000000B810C000000098254
:10D720000C00010014840C00000006850C000700AA
:10D73000068E0C00020006920C00160006AA0C00D1
:10D74000090006B50C0004000BBC0C00000006BD6F
:10D750000C00000009BE0C0000000BBF0C00000014
:10D7600009C00C0004000BC60C00000009C70C0027
:10D77000010009CA0C0001000BCC0C00010009D506
:10D780000C00010006DD0C00010006E00C000100A9
:10D790000BE20C0001000CE60C00090006F10C0085
:10D7A000010009F30C0000000B000D00010009024C
:10D7B0000D00010006040D000800060E0D00020019
:10D7C00006120D0028000B3B0D000100063D0D0068
:10D7D0000000093E0D0002000B410D000300094648
:10D7E0000D000200094A0D0002000B4D0D00000063
:10D7F000064E0D000000194F0D00000006540D00EC
:10D80000020009570D0000000E580D000600065FCB
:10D810000D0002000B620D0001000C660D000900F6
:10D820000E700D00080019790D000000067A0D0039
:10D8300005000B810D00000009820D000100068526
:10D840000D001100069A0D00170006B30D00080028
:10D8500006BD0D00000006C00D0006000BCA0D003D
:10D86000000009CF0D0002000BD20D0002000BD604
:10D870000D00000009D80D0007000CE60D0009009E
:10D8800009F20D00010014F40D00000006010E0065
:10D890002F000B310E00000006320E0001000B3489
:10D8A0000E000600163F0E00000006400E000500A8
:10D8B00005460E0000000B470E000700144F0E0037
:10D8C00000000C500E000900145A0E0001000681E1
:10D8D0000E00010006840E00000006860E00040003
:10D8E000068C0E00170006A50E00000006A70E000D
:10D8F00009000BB10E00000006B20E0001000BB4CF
:10D900000E00080006BD0E00000006C00E00040058
:10D9100005C60E0000000BC80E0006000CD00E005D
:10D92000090006DC0E00030006000F0000001901CC
:10D930000F00020014040F000E0019130F00000066
:10D9400014140F00000019150F0002000B180F002F
:10D950000100191A0F0005000C200F0009000E2A03
:10D960000F00090019340F0000000B350F000000F4
:10D9700019360F0000000B370F00000019380F0098
:10D9800000000B390F000000153A0F000000113B9A
:10D990000F000000153C0F000000113D0F000000BB
:10D9A000093E0F00010006400F00070006490F0066
:10D9B00023000B710F000D00097F0F0000000B808A
:10D9C0000F00040014850F0000000B860F000100FB
:10D9D00006880F0004000B8D0F000A000B990F0042
:10D9E000230019BE0F0007000BC60F00000019C767
:10D9F0000F00050019CE0F00010014D00F00040025
:10DA000019D50F00030014D90F0001000600100003
:10DA10002A00092B100001000B2D10000300093112
:10DA2000100000000B321000050009381000000043
:10DA30000B3910000100093B100001000B3D1000E4
:10DA40000100063F100000000C4010000900144ABD
:10DA500010000500065010000500095610000100D6
:10DA60000B5810000100065A100003000B5E100056
:10DA70000200066110000000096210000200066545
:10DA800010000100096710000600066E1000020079
:10DA90000B7110000300067510000C000B821000C3
:10DAA00000000983100001000B85100001000987A8
:10DAB000100005000B8D10000000068E1000000005
:10DAC000098F100000000C9010000900099A100046
:10DAD00002000B9D10000000199E1000010003A021
:10DAE0001000250003C71000000003CD1000000047
:10DAF00003D010002A0014FB1000000005FC1000E9
:10DB0000000003FD10000200060011004801064A53
:10DB10001200030006501200060006581200000012
:10DB2000065A12000300066012002800068A12003E
:10DB3000030006901200200006B21200030006B88F
:10DB40001200060006C01200000006C21200030008
:10DB500006C812000E0006D8120038000612130084
:10DB600003000618130042000B5D1300020014604E
:10DB7000130008000E6913001300068013000F0045
:10DB800019901300090003A01300550003F81300B7
:10DB90000500100014000000060114006B02196D4E
:10DBA00016000000146E16000000066F160010002C
:10DBB0001C8016000000068116001900159B160037
:10DBC0000000119C1600000006A016004A0014EB8D
:10DBD000160002000DEE1600020006F11600070006
:10DBE0000600170011000B1217000200091517009C
:10DBF0000000061F170012000B3217000100093445
:10DC0000170000001435170001000640170011002E
:10DC10000B5217000100066017000C00066E17007B
:10DC200002000B72170001000680170033000BB4CE
:10DC30001700010009B6170000000BB71700060017
:10DC400009BE170007000BC61700000009C7170020
:10DC500001000BC917000A0014D41700020005D7F1
:10DC60001700000014D81700020016DB1700000090
:10DC700006DC170000000BDD170000000CE01700A9
:10DC800009000EF017000900140018000500100626
:10DC9000180000001407180003000B0B1800020006
:10DCA000010E180000000B0F180000000C101800E7
:10DCB0000900062018002200054318000000064451
:10DCC000180034000680180004000B8518000100BD
:10DCD0000687180021000BA91800000006AA1800EA
:10DCE000000006B018004500060019001E000B20B9
:10DCF000190002000923190003000B271900010075
:10DD00000929190002000930190001000B3219001D
:10DD100000000933190005000B39190002001940F1
:10DD2000190000001444190001000C4619000900F4
:10DD3000065019001D000670190004000680190025
:10DD40002B0006B0190019000CD0190009000EDADA
:10DD50001900000019DE1900210006001A00160043
:10DD60000B171A00010009191A0001000B1B1A00F9
:10DD70000000141E1A00010006201A003400095584
:10DD80001A0000000B561A00000009571A00000084
:10DD90000B581A0006000B601A00000009611A00F7
:10DDA00000000B621A00000009631A0001000B65F5
:10DDB0001A000700096D1A0005000B731A0009000C
:10DDC0000B7F1A0000000C801A0009000C901A004A
:10DDD000090014A01A00060005A71A00000014A8E4
:10DDE0001A0005000BB01A000D000ABE1A00000050
:10DDF0000BBF1A000F000B001B00030009041B00DF
:10DE0000000006051B002E000B341B000000093526
:10DE10001B0000000B361B000400093B1B00000028
:10DE20000B3C1B000000093D1B0004000B421B00C3
:10DE3000000009431B00010006451B0007000C50B1
:10DE40001B000900145A1B00060019611B00090081
:10DE50000B6B1B00080019741B000800147D1B00CD
:10DE600001000B801B00010009821B0000000683DB
:10DE70001B001D0009A11B0000000BA21B000300DA
:10DE800009A61B0001000BA81B00010009AA1B002A
:10DE900000000BAB1B00020006AE1B0001000CB023
:10DEA0001B00090006BA1B002B000BE61B0000003C
:10DEB00009E71B0000000BE81B00010009EA1B003A
:10DEC00002000BED1B00000009EE1B0000000BEF31
:10DED0001B00020009F21B00010014FC1B000300E0
:10DEE00006001C00230009241C0007000B2C1C004A
:10DEF000070009341C0001000B361C000100143B14
:10DF00001C0004000C401C000900064D1C0002000F
:10DF10000C501C000900065A1C001D0005781C004E
:10DF20000500147E1C00010003801C000800039003
:10DF30001C002A0003BD1C00020014C01C000700C6
:10DF40000BD01C00020014D31C0000000BD41C00DA
:10DF50000C0009E11C0000000BE21C00060006E9B1
:10DF60001C0003000BED1C00000006EE1C00050069
:10DF70000BF41C00000006F51C00010009F71C0052
:10DF800000000BF81C00010006FA1C000000040051
:10DF90001D002B00052C1D003E00046B1D000C0015
:10DFA00005781D00000003791D000000047A1D00A3
:10DFB0000200037D1D000000047E1D000F00038E83
:10DFC0001D000000048F1D000B00059B1D00240098
:10DFD0000BC01D003F0003001E00950004961E00AC
:10DFE0000400039B1E000000049C1E000100039E11
:10DFF0001E000000049F1E00000003A01E0075000C
:10E0000003181F00050003201F00250003481F0000
:10E01000050004501F00000003511F0000000452BF
:10E020001F00000003531F00000004541F000000E5
:10E0300003551F00000004561F00000003571F0077
:10E04000000003591F000000035B1F000000035D78
:10E050001F000000035F1F001E0003801F00070059
:10E0600007881F00070003901F00070007981F0084
:10E07000070003A01F00070007A81F00070003B048
:10E080001F00010004B21F00000003B31F000000C6
:10E0900004B41F00000004B61F00010003B81F00F5
:10E0A000030007BC1F00000017BD1F00000003BED7
:10E0B0001F00000017BF1F00020004C21F00000065
:10E0C00003C31F00000004C41F00000004C61F009B
:10E0D000010003C81F00030007CC1F00000017CD7C
:10E0E0001F00020003D01F00010004D21F00010026
:10E0F00004D61F00010003D81F00030017DD1F0016
:10E10000020003E01F00010004E21F00020003E51B
:10E110001F00000004E61F00010003E81F000400C8
:10E1200017ED1F00020004F21F00000003F31F00A0
:10E13000000004F41F00000004F61F00010003F8B3
:10E140001F00030007FC1F00000017FD1F00010057
:10E150001C0020000A00010B200004001010200009
:10E1600005001416200001001318200000001219E9
:10E1700020000000151A20000000131B20000100E1
:10E18000121D20000000151E20000000131F20009B
:10E1900000001420200007001A28200000001B297E
:10E1A00020000000012A200004001C2F2000000095
:10E1B000143020000800133920000000123A20001B
:10E1C0000000143B200003000F3F20000100144119
:10E1D0002000020018442000000015452000000027
:10E1E000114620000000144720000A0018522000A9
:10E1F00000001453200000000F54200000001455AC
:10E20000200009001C5F20000000016020000400C5
:10E210000166200009000E7020000000057120003A
:10E2200000000E7420000500187A20000200157D01
:10E2300020000000117E20000000057F200000006B
:10E240000E8020000900188A20000200158D200091
:10E250000000118E20000000059020000C0016A088
:10E26000200020000BD020000C000ADD200003005D
:10E270000BE1200000000AE2200002000BE5200074
:10E280000B00190021000100080221000000190301
:10E2900021000300080721000000190821000100E7
:10E2A000040A21000000080B21000200040E2100D6
:10E2B00001000810210002000413210000001914BD
:10E2C000210000000815210000001916210001009E
:10E2D000181821000000081921000400191E21004F
:10E2E0000500082421000000192521000000032654
:10E2F000210000001927210000000828210000004B
:10E30000192921000000032A21000100082C210006
:10E310000100192E21000000042F21000000083008
:10E320002100010003322100000008332100000019
:10E3300004342100000006352100030004392100C7
:10E340000000193A21000100043C21000100083EB0
:10E3500021000100184021000400084521000000B0
:10E36000044621000300194A21000000184B210037
:10E370000000194C21000100034E21000000194F3C
:10E38000210000000E5021000F000D60210022002E
:10E390000383210001000D85210003000E89210067
:10E3A0000000198A2100010018902100040019952D
:10E3B00021000400189A21000100199C210003008B
:10E3C00018A02100000019A12100010018A32100BC
:10E3D000000019A42100010018A62100000019A7BF
:10E3E0002100060018AE2100000019AF21001E0018
:10E3F00018CE2100010019D02100010018D22100FF
:10E40000000019D32100000018D42100000019D504
:10E4100021001E0018F421000B0119002300070041
:10E42000150823000000110923000000150A23002D
:10E430000000110B23000000190C2300130018200A
:10E4400023000100192223000600152923000000E3
:10E45000112A23000000192B23005000187C2300F0
:10E460000000197D23001D00189B2300180019B41B
:10E470002300270018DC2300050019E223004400D4
:10E48000194024000A000E6024003B00199C24005F
:10E490004D000EEA2400150019002500B60018B73B
:10E4A0002500000019B82500080018C1250000004B
:10E4B00019C22500350018F82500070019002600AC
:10E4C0006E00186F2600000019702600F70015680E
:10E4D00027000000116927000000156A27000000CE
:10E4E000116B27000000156C27000000116D27003C
:10E4F0000000156E27000000116F27000000157046
:10E50000270000001171270000001572270000008D
:10E5100011732700000015742700000011752700F3
:10E5200000000E7627001D00199427002B0018C04C
:10E530002700040015C52700000011C627000000B1
:10E5400018C727001E0015E62700000011E7270066
:10E55000000015E82700000011E92700000015EA77
:10E560002700000011EB2700000015EC2700000039
:10E5700011ED2700000015EE2700000011EF270025
:10E58000000018F027000F0019002800FF001800F5
:10E590002900820015832900000011842900000051
:10E5A0001585290000001186290000001587290023
:10E5B0000000118829000000158929000000118A37
:10E5C00029000000158B29000000118C2900000093
:10E5D000158D29000000118E29000000158F2900DB
:10E5E00000001190290000001591290000001192EF
:10E5F0002900000015932900000011942900000053
:10E600001595290000001196290000001597290092
:10E610000000119829000000189929003E0015D823
:10E620002900000011D92900000015DA2900000096
:10E6300011DB2900000018DC29001F0015FC29004F
:10E64000000011FD2900000018FE29000101190039
:10E650002B002F0018302B00140019452B0001004F
:10E6600018472B000500194D2B00260019762B00AA
:10E670001F0019972B00680003002C007000047124
:10E680002C00000003722C00010004742C00000018
:10E6900003752C00010004772C000400057C2C007D
:10E6A0000100037E2C00650004E42C00000019E545
:10E6B0002C00050003EB2C0003000BEF2C000200E4
:10E6C00003F22C00010014F92C0003000EFD2C00B5
:10E6D000000014FE2C00010003002D00250003277C
:10E6E0002D000000032D2D00000006302D00370006
:10E6F000056F2D00000014702D0000000B7F2D0011
:10E70000000006802D00160006A02D00060006A8B9
:10E710002D00060006B02D00060006B82D000600EC
:10E7200006C02D00060006C82D00060006D02D00EC
:10E73000060006D82D0006000BE02D001F00140077
:10E740002E00010013022E00000012032E00000014
:10E7500013042E00000012052E00000014062E00E7
:10E76000020013092E000000120A2E000000140BF4
:10E770002E000000130C2E000000120D2E000000D1
:10E78000140E2E00080010172E00000014182E0082
:10E790000100101A2E000000141B2E000000131C94
:10E7A0002E000000121D2E000000141E2E0001007D
:10E7B00013202E00000012212E00000015222E0032
:10E7C000000011232E00000015242E00000011254A
:10E7D0002E00000015262E00000011272E0000003C
:10E7E00015282E00000011292E000000142A2E00EA
:10E7F0000400052F2E00000014302E000900103AEE
:10E800002E000100143C2E00030010402E000000DA
:10E8100014412E00000015422E00000014432E006B
:10E820000C0019502E00010014522E000200155544
:10E830002E00000011562E00000015572E0000007B
:10E8400011582E00000015592E000000115A2E00FC
:10E850000000155B2E000000115C2E000000105D12
:10E860002E00000019802E001900199B2E00580060
:10E8700019002F00D50019F02F000B001C003000EC
:10E8800000001401300002001904300000000505EA
:10E89000300000000606300000000D0730000000C8
:10E8A000150830000000110930000000150A300082
:10E8B0000000110B30000000150C30000000110D9D
:10E8C00030000000150E30000000110F3000000075
:10E8D0001510300000001111300000001912300036
:10E8E000010015143000000011153000000015164D
:10E8F0003000000011173000000015183000000033
:10E90000111930000000151A30000000111B3000F2
:10E910000000101C30000000151D30000000111E0A
:10E92000300001001920300000000D2130000800E7
:10E930000B2A30000300092E300001001030300097
:10E9400000000531300004001936300001000D3898
:10E9500030000200053B30000000063C30000000A3
:10E96000143D30000000193E300001000641300027
:10E9700055000B9930000100179B30000100059DE8
:10E9800030000100069F3000000010A030000000A1
:10E9900006A13000590014FB3000000005FC3000D7
:10E9A000020006FF30000000060531002A00063193
:10E9B00031005D001990310001000E92310003001A
:10E9C00019963100090006A031001F0019C031005E
:10E9D000230006F031000F00190032001E000E2047
:10E9E00032000900192A32001D000E4832000700CB
:10E9F0001950320000000E5132000E001960320032
:10EA00001F000E8032000900198A320026000EB164
:10EA100032000E0019C032003F0106003400BF1959
:10EA200019C04D003F0006004E0014520515A0000D
:10EA300000000616A00076041990A400360006D047
:10EA4000A400270005F8A400050014FEA40001009E
:10EA50000600A5000B01050CA6000000140DA60081
:10EA600002000610A6000F000C20A6000900062ACE
:10EA7000A60001000340A6002D00066EA6000000BF
:10EA80000B6FA60000000A70A60002001473A60017
:10EA900000000B74A6000900147EA6000000057F8C
:10EAA000A60000000380A6001B00059CA600010034
:10EAB0000B9EA600010006A0A60045000DE6A600DC
:10EAC00009000BF0A600010014F2A60005001700D3
:10EAD000A70016000517A70008001720A7000100CF
:10EAE0000322A7000D000430A70001000332A70095
:10EAF0003D000570A70000000471A700070003791E
:10EB0000A7000E000588A70000001789A7000100D4
:10EB1000038BA7000200048EA7000000068FA70049
:10EB200000000390A70004000495A70000000396CE
:10EB3000A700180004AFA700000003B0A7001A0048
:10EB400003D0A700010004D3A700000004D5A7004C
:10EB5000000003D6A700030005F2A700020003F59A
:10EB6000A700010006F7A700000005F8A7000100B4
:10EB700004FAA700000006FBA70006000B02A8008D
:10EB800000000603A80002000B06A800000006070C
:10EB9000A80003000B0BA8000000060CA80016003C
:10EBA0000923A80001000B25A80001000927A800DF
:10EBB00000001928A80003000B2CA80000000E304C
:10EBC000A80005001936A80001001638A8000000AA
:10EBD0001939A80000000640A80033001474A800EA
:10EBE00003000980A80001000682A800310009B4D2
:10EBF000A8000F000BC4A800010014CEA80001005B
:10EC00000CD0A80009000BE0A800110006F2A80033
:10EC1000050014F8A800020006FBA800000014FC80
:10EC2000A800000006FDA80001000BFFA8000000DE
:10EC30000C00A9000900060AA9001B000B26A90068
:10EC40000700142EA90001000630A90016000B478A
:10EC5000A9000A000952A9000100145FA9000000E0
:10EC60000660A9001C000B80A90002000983A9000E
:10EC700000000684A9002E000BB3A900000009B40F
:10EC8000A90001000BB6A900030009BAA900010000
:10EC90000BBCA900010009BEA900020014C1A90013
:10ECA0000C0005CFA90000000CD0A900090014DE5B
:10ECB000A900010006E0A90004000BE5A90000007E
:10ECC00005E6A900000006E7A90008000CF0A9006D
:10ECD000090006FAA90004000600AA0028000B2972
:10ECE000AA000500092FAA0001000B31AA000100AB
:10ECF0000933AA0001000B35AA0001000640AA0052
:10ED000002000B43AA0000000644AA0007000B4CB7
:10ED1000AA000000094DAA0000000C50AA0009003A
:10ED2000145CAA0003000660AA000F000570AA0088
:10ED300000000671AA0005001977AA000200067AF1
:10ED4000AA000000097BAA0000000B7CAA000000BA
:10ED5000097DAA000000067EAA0031000BB0AA00BF
:10ED6000000006B1AA0000000BB2AA00020006B51E
:10ED7000AA0001000BB7AA00010006B9AA0004000E
:10ED80000BBEAA00010006C0AA0000000BC1AA0029
:10ED9000000006C2AA00000006DBAA00010005DD93
:10EDA000AA00000014DEAA00010006E0AA000A0082
:10EDB00009EBAA0000000BECAA00010009EEAA0072
:10EDC000010014F0AA00010006F2AA00000005F3F9
:10EDD000AA00010009F5AA0000000BF6AA00000035
:10EDE0000601AB0005000609AB0005000611AB00EB
:10EDF00005000620AB0006000628AB000600043024
:10EE0000AB0022000353AB0000000454AB0006002B
:10EE1000175BAB000000055CAB0003000460AB00B7
:10EE200008000569AB000000176AAB000100037021
:10EE3000AB004F0006C0AB00220009E3AB000100AD
:10EE40000BE5AB00000009E6AB0001000BE8AB00EE
:10EE5000000009E9AB00010014EBAB00000009EC75
:10EE6000AB0000000BEDAB0000000CF0AB000900A4
:10EE70000600AC00A32B06B0D700160006CBD700C7
:10EE800030000200D800FF070600F9006D0106708F
:10EE9000FA0069000400FB0006000413FB000400F4
:10EEA000061DFB0000000B1EFB000000061FFB0000
:10EEB00009001829FB000000062AFB000C00063898
:10EEC000FB000400063EFB0000000640FB000100C2
:10EED0000643FB0001000646FB006B0017B2FB0077
:10EEE000100006D3FB006A01113EFD000000153F33
:10EEF000FD0000001940FD000F000650FD003F001E
:10EF00000692FD00350019CFFD00000006F0FD005F
:10EF10000B0016FCFD00000019FDFD0002000B00B7
:10EF2000FE000F001410FE0006001517FE00000082
:10EF30001118FE0000001419FE0000000B20FE0056
:10EF40000F001430FE0000001031FE0001000F33EE
:10EF5000FE0001001535FE0000001136FE00000025
:10EF60001537FE0000001138FE0000001539FE00C4
:10EF70000000113AFE000000153BFE000000113CAD
:10EF8000FE000000153DFE000000113EFE000000E6
:10EF9000153FFE0000001140FE0000001541FE007C
:10EFA00000001142FE0000001543FE000000114465
:10EFB000FE0000001445FE0001001547FE000000A1
:10EFC0001148FE0000001449FE0003000F4DFE0032
:10EFD00002001450FE0002001454FE0003001058FA
:10EFE000FE0000001559FE000000115AFE0000004E
:10EFF000155BFE000000115CFE000000155DFE00C8
:10F000000000115EFE000000145FFE0002001862A6
:10F01000FE0000001063FE0000001864FE00020005
:10F020001468FE0000001669FE000000146AFE006D
:10F0300001000670FE0004000676FE00860001FF57
:10F04000FE0000001401FF0002001604FF00000093
:10F050001405FF0002001508FF0000001109FF0061
:10F060000000140AFF000000180BFF000000140C41
:10F07000FF000000100DFF000000140EFF00010053
:10F080000C10FF000900141AFF000100181CFF00FB
:10F090000200141FFF0001000321FF001900153BAF
:10F0A000FF000000143CFF000000113DFF000000C5
:10F0B000173EFF0000000F3FFF0000001740FF0059
:10F0C00000000341FF001900155BFF000000185C01
:10F0D000FF000000115DFF000000185EFF0000004F
:10F0E000155FFF0000001160FF0000001461FF00C9
:10F0F00000001562FF0000001163FF0000001464AF
:10F10000FF0001000666FF0009000570FF00000017
:10F110000671FF002C00059EFF00010006A0FF0005
:10F120001E0006C2FF00050006CAFF00050006D249
:10F13000FF00050006DAFF00020016E0FF000100F4
:10F1400018E2FF00000017E3FF00000019E4FF00D1
:10F15000000016E5FF00010019E8FF00000018E9B3
:10F16000FF00030019EDFF00010001F9FF0002009C
:10F1700019FCFF000100060000010B00060D000154
:10F180001900062800011200063C00010100063F9C
:10F1900000010E00065000010D00068000017A00FB
:10F1A0001400010102000E0701012C0019370101B2
:10F1B00008000D40010134000E75010103001979AA
:10F1C000010110000E8A01010100198C01010200E9
:10F1D000199001010C0019A00101000019D00101D2
:10F1E0002C000BFD01010000068002011C0006A09E
:10F1F000020130000BE0020100000EE102011A00E2
:10F20000060003011F000E2003010300062D030169
:10F2100013000D41030100000642030107000D4ADF
:10F22000030100000650030125000B7603010400D2
:10F23000068003011D00149F0301000006A00301C6
:10F24000230006C80301070014D0030100000DD1FC
:10F2500003010400030004014F00065004014D00A7
:10F260000CA00401090003B00401230003D8040129
:10F270002300060005012700063005013300146F46
:10F2800005010000037005010A00037C05010E0062
:10F29000038C050106000394050101000397050195
:10F2A0000A0003A305010E0003B30501060003BB1A
:10F2B00005010100060006013601064007011500A0
:10F2C00006600701070005800701050005870701A3
:10F2D000290005B20701080006000801050006081C
:10F2E00008010000060A08012B000637080101008A
:10F2F000063C08010000063F0801160014570801EB
:10F3000000000E5808010700066008011600197772
:10F31000080101000E7908010600068008011E00A0
:10F320000EA70801080006E00801120006F4080113
:10F3300001000EFB080104000600090115000E166D
:10F3400009010500141F0901000006200901190028
:10F35000143F090100000680090137000EBC0901B5
:10F36000010006BE090101000EC009010F000ED206
:10F3700009012D0006000A0100000B010A0102002C
:10F380000B050A0101000B0C0A01030006100A011B
:10F39000030006150A01020006190A011C000B38B9
:10F3A0000A0102000B3F0A0100000E400A0108009A
:10F3B00014500A01080006600A011C000E7D0A01B3
:10F3C0000100147F0A01000006800A011C000E9D46
:10F3D0000A01020006C00A01070019C80A0100005C
:10F3E00006C90A011B000BE50A0101000EEB0A0128
:10F3F000040014F00A01060006000B013500143960
:10F400000B01060006400B0115000E580B0107000A
:10F4100006600B0112000E780B01070006800B013D
:10F42000110014990B0103000EA90B010600060040
:10F430000C01480003800C01320003C00C013200B3
:10F440000EFA0C01050006000D0123000B240D012E
:10F4500003000C300D0109000E600E011E00068035
:10F460000E0129000BAB0E01010010AD0E010000D2
:10F4700006B00E0101000BFD0E01020006000F0197
:10F480001C000E1D0F01090006270F0100000630A9
:10F490000F0115000B460F010A000E510F0103006A
:10F4A00014550F01040006700F0111000B820F01AB
:10F4B000030014860F01030006B00F0114000EC5EF
:10F4C0000F01060006E00F01160009001001000000
:10F4D0000B011001000009021001000006031001D9
:10F4E00034000B3810010E001447100106000E52B4
:10F4F000100113000C66100109000B7010010000D0
:10F500000671100101000B73100101000675100156
:10F5100000000B7F10010200098210010000068329
:10F5200010012C0009B0100102000BB31001030000
:10F5300009B7100101000BB91001010014BB100143
:10F54000010001BD1001000014BE100103000BC238
:10F550001001000001CD1001000006D010011800BC
:10F560000CF0100109000B0011010200060311014B
:10F5700023000B2711010400092C110100000B2DA1
:10F58000110107000C36110109001440110103009C
:10F59000064411010000094511010100064711014F
:10F5A00000000650110122000B73110100001474B9
:10F5B000110101000676110100000B80110101000C
:10F5C000098211010000068311012F0009B3110106
:10F5D00002000BB61101080009BF1101010006C1AC
:10F5E0001101030014C5110103000BC9110103002F
:10F5F00014CD1101000009CE110100000BCF110143
:10F6000000000CD01101090006DA1101000014DB22
:10F610001101000006DC1101000014DD11010200DF
:10F620000EE1110113000600120111000613120170
:10F630001800092C120102000B2F120102000932DE
:10F64000120101000B341201000009351201000003
:10F650000B36120101001438120105000B3E120195
:10F660000000063F120101000B411201000006805C
:10F6700012010600068812010000068A120103002A
:10F68000068F12010E00069F1201090014A9120133
:10F69000000006B012012E000BDF1201000009E08D
:10F6A000120102000BE3120107000CF01201090025
:10F6B0000B001301010009021301010006051301EB
:10F6C0000700060F13010100061313011500062A97
:10F6D0001301060006321301010006351301040070
:10F6E0000B3B13010100063D13010000093E13010D
:10F6F00001000B40130100000941130103000947F9
:10F7000013010100094B1301020006501301000010
:10F71000095713010000065D13010400096213017B
:10F7200001000B66130106000B70130104000600B4
:10F73000140134000935140102000B3814010700CC
:10F740000940140101000B42140102000945140193
:10F7500000000B4614010000064714010300144B7F
:10F76000140104000C5014010900145A1401010082
:10F77000145D140100000B5E14010000065F14010B
:10F780000200068014012F0009B0140102000BB31F
:10F790001401050009B9140100000BBA140100009E
:10F7A00009BB140103000BBF1401010009C11401BE
:10F7B00000000BC21401010006C41401010014C6AC
:10F7C0001401000006C7140100000CD01401090048
:10F7D000068015012E0009AF150102000BB21501BC
:10F7E000030009B8150103000BBC1501010009BE97
:10F7F000150100000BBF1501010014C11501160011
:10F8000006D8150103000BDC1501010006001601E6
:10F810002F000930160102000B3316010700093BC7
:10F82000160101000B3D16010000093E1601000003
:10F830000B3F160101001441160102000644160197
:10F8400000000C5016010900146016010C0006801F
:10F8500016012A000BAB1601000009AC16010000CE
:10F860000BAD1601000009AE160101000BB0160128
:10F87000050009B6160100000BB71601000006B816
:10F880001601000014B9160100000CC01601090091
:10F89000060017011A000B1D1701020009201701AD
:10F8A00001000B22170103000926170100000B2796
:10F8B000170104000C30170109000E3A170101006E
:10F8C000143C17010200193F170100000640170100
:10F8D0000600060018012B00092C180102000B2F4E
:10F8E000180108000938180100000B39180101003F
:10F8F000143B1801000003A018013F000CE01801A0
:10F9000009000EEA1801080006FF180107000609A1
:10F9100019010000060C1901070006151901010064
:10F9200006181901170009301901050009371901D6
:10F9300001000B3B19010100093D190100000B3EBC
:10F9400019010000063F19010000094019010000DB
:10F950000641190100000942190100000B43190179
:10F9600000001444190102000C501901090006A0FE
:10F970001901070006AA1901260009D11901020080
:10F980000BD4190103000BDA1901010009DC19017C
:10F9900003000BE01901000006E11901000014E268
:10F9A0001901000006E31901000009E41901000033
:10F9B00006001A0100000B011A010900060B1A01CA
:10F9C00027000B331A01050009391A010000063A15
:10F9D0001A0100000B3B1A010300143F1A01070033
:10F9E0000B471A01000006501A0100000B511A01C2
:10F9F000050009571A0101000B591A010200065CA3
:10FA00001A012D000B8A1A010C0009971A01000037
:10FA10000B981A010100149A1A010200069D1A019E
:10FA20000000149E1A01040006B01A0148001400D8
:10FA30001B01090006001C010800060A1C01240025
:10FA4000092F1C0100000B301C0106000B381C01A3
:10FA50000500093E1C0100000B3F1C010000064090
:10FA60001C01000014411C0104000C501C01090081
:10FA70000E5A1C01120014701C01010006721C01B8
:10FA80001D000B921C01150009A91C0100000BAA06
:10FA90001C01060009B11C0100000BB21C01010091
:10FAA00009B41C0100000BB51C01010006001D017A
:10FAB000060006081D010100060B1D0125000B3183
:10FAC0001D0105000B3A1D0100000B3C1D0101004A
:10FAD0000B3F1D01060006461D0100000B471D01DE
:10FAE00000000C501D01090006601D01050006679D
:10FAF0001D010100066A1D011F00098A1D01040085
:10FB00000B901D01010009931D0101000B951D01C2
:10FB1000000009961D0100000B971D0100000698CA
:10FB20001D0100000CA01D01090006E01E011200CD
:10FB30000BF31E01010009F51E01010014F71E015F
:10FB400001000B001F01010006021F010000090354
:10FB50001F01000006041F010C0006121F012100F6
:10FB600009341F0101000B361F010400093E1F016B
:10FB700001000B401F01000009411F0100000B4262
:10FB80001F01000014431F010C000C501F0109004D
:10FB900006B01F0100000EC01F01140019D51F017F
:10FBA000070016DD1F01030019E11F01100014FFFB
:10FBB0001F0100000600200199030D0024016E00C2
:10FBC00014702401040006802401C30006902F0154
:10FBD000600014F12F010100060030012F040130F4
:10FBE00034010F000B4034010000064134010500D0
:10FBF0000B4734010E00060044014602060068016E
:10FC0000380206406A011E000C606A010900146E89
:10FC10006A01010006706A014E000CC06A01090009
:10FC200006D06A011D000BF06A01040014F56A0198
:10FC3000000006006B012F000B306B01060014372B
:10FC40006B010400193C6B01030005406B010300CC
:10FC500014446B01000019456B0100000C506B014E
:10FC600009000E5B6B01060006636B011400067D44
:10FC70006B01120003406E013F000E806E01160002
:10FC800014976E01030006006F014A000B4F6F01CD
:10FC9000000006506F01000009516F0136000B8F04
:10FCA0006F01030005936F010C0005E06F01010077
:10FCB00014E26F01000005E36F0100000BE46F0127
:10FCC000000009F06F01010006007001F71706003F
:10FCD0008801D50406008D01080005F0AF0103007E
:10FCE00005F5AF01060005FDAF0101000600B001FA
:10FCF00022010632B10100000650B1010200065592
:10FD0000B10100000664B10103000670B1018B016E
:10FD10000600BC016A000670BC010C000680BC0134
:10FD200008000690BC010900199CBC0100000B9D55
:10FD3000BC010100149FBC01000001A0BC01030034
:10FD40000B00CF012D000B30CF0116001950CF0151
:10FD500073001900D001F5001900D10126001929FE
:10FD6000D1013B000965D10101000B67D1010200FF
:10FD7000196AD1010200096DD10105000173D10199
:10FD800007000B7BD10107001983D10101000B850E
:10FD9000D1010600198CD1011D000BAAD10103006D
:10FDA00019AED1013C001900D20141000B42D20131
:10FDB00002001945D20100000EC0D20113000EE06E
:10FDC000D20113001900D30156000E60D3011800B0
:10FDD0000800D4011900041AD40119000834D40110
:10FDE0001900044ED40106000456D401110008681D
:10FDF000D40119000482D4011900089CD401000028
:10FE0000089ED401010008A2D401000008A5D40175
:10FE1000010008A9D401030008AED401070004B60C
:10FE2000D401030004BBD401000004BDD4010600CA
:10FE300004C5D4010A0008D0D401190004EAD40191
:10FE400019000804D50101000807D5010300080DB9
:10FE5000D50107000816D5010600041ED5011900BA
:10FE60000838D5010100083BD50103000840D50141
:10FE700004000846D5010000084AD50106000452D6
:10FE8000D5011900086CD50119000486D5011900A7
:10FE900008A0D501190004BAD501190008D4D5016C
:10FEA000190004EED50119000808D6011900042232
:10FEB000D6011900083CD60119000456D6011900D4
:10FEC0000870D6011900048AD6011B0008A8D601C3
:10FED000180018C1D601000004C2D601180018DBB2
:10FEE000D601000004DCD601050008E2D6011800A6
:10FEF00018FBD601000004FCD60118001815D70124
:10FF000000000416D7010500081CD7011800183599
:10FF1000D70100000436D7011800184FD7010000A0
:10FF20000450D70105000856D7011800186FD701F3
:10FF300000000470D70118001889D7010000048A56
:10FF4000D70105000890D701180018A9D7010000B3
:10FF500004AAD701180018C3D701000004C4D701B0
:10FF6000050008CAD701000004CBD70100000CCE61
:10FF7000D70131001900D801FF010B00DA0136006A
:10FF80001937DA0103000B3BDA013100196DDA0190
:10FF900007000B75DA0100001976DA010D000B84F9
:10FFA000DA0100001985DA0101001487DA01040082
:10FFB0000B9BDA0104000BA1DA010E000400DF0143
:10FFC0000900060ADF010000040BDF01130004250D
:10FFD000DF0105000B00E00106000B08E001100046
:10FFE0000B1BE00106000B23E00101000B26E001E2
:10FFF00004000530E0013D000B8FE0010000060029
:020000041003E7
:10000000E1012C000B30E10106000537E10106009B
:100010000C40E1010900064EE1010000194FE10129
:1000200000000690E2011D000BAEE201000006C0D8
:10003000E2012B000BECE20103000CF0E2010900ED
:1000400016FFE201000006D0E4011A0005EBE4010E
:1000500000000BECE40103000CF0E401090006E0F1
:10006000E701060006E8E701030006EDE7010100ED
:1000700006F0E7010E000600E801C4000EC7E80123
:1000800008000BD0E80106000300E90143000B441F
:10009000E9010600054BE90100000C50E9010900E7
:1000A000145EE90101000E71EC013A0019ACEC019B
:1000B00000000EADEC01020016B0EC0100000EB124
:1000C000EC0103000E01ED012C00192EED010000E2
:1000D0000E2FED010E000600EE0103000605EE01F5
:1000E0001A000621EE0101000624EE010000062799
:1000F000EE0100000629EE0109000634EE010300BE
:100100000639EE010000063BEE0100000642EE015A
:1001100000000647EE0100000649EE010000064B14
:10012000EE010000064DEE0102000651EE01010055
:100130000654EE0100000657EE0100000659EE01DC
:100140000000065BEE010000065DEE010000065FA8
:10015000EE0100000661EE0101000664EE01000000
:100160000667EE010300066CEE0106000674EE0160
:1001700003000679EE010300067EEE010000068012
:10018000EE010900068BEE01100006A1EE0102004F
:1001900006A5EE01040006ABEE01100018F0EE011A
:1001A00001001900F0012B001930F001630019A0C3
:1001B000F0010E0019B1F0010E0019C1F0010E009E
:1001C00019D1F00124000E00F1010C00190DF1010C
:1001D000A00019E6F1011C001910F2012B001940D2
:1001E000F20108001950F20101001960F201050046
:1001F0001900F301FA0017FBF30104001900F401E0
:10020000D70219DCF601100019F0F6010C001900F4
:10021000F7017600197BF7015E0019E0F7010B008A
:1002200019F0F70100001900F8010B001910F8018E
:1002300037001950F80109001960F80127001990DA
:10024000F8011D0019B0F80101001900F90153016E
:100250001960FA010D001970FA010C001980FA01F9
:1002600008001990FA012D0019BFFA01060019CEF5
:10027000FA010D0019E0FA01080019F0FA0108006E
:100280001900FB0192001994FB0136000CF0FB01F0
:10029000090006000002DFA60600A702391006408A
:1002A000B702DD000620B802811606B0CE02301D6E
:1002B0000600F8021D02060000034A13065013034D
:1002C0005F100101000E00000120000E5F000B0016
:1002D000010EEF004AB102103AB102102CB1021027
:1002E00022B1021016B1021002B10210EEB00210DB
:1002F00054B102100C5F104E154E2A4E314E364E40
:100300003C4E3F4E424E564E584E824E854E6B8C62
:100310008A4E12820D5F8E4E9E4E9F4EA04EA24E72
:10032000B04EB34EB64ECE4ECD4EC44EC64EC24E5D
:10033000D74EDE4EED4EDF4EF74E094F5A4F304F3F
:100340005B4F5D4F574F474F764F884F8F4F984FBA
:100350007B4F694F704F914F6F4F864F964F18519B
:10036000D44FDF4FCE4FD84FDB4FD14FDA4FD04F66
:10037000E44FE54F1A50285014502A50255005508C
:100380001C4FF64F215029502C50FE4FEF4F11506B
:1003900006504350475003675550505048505A50EC
:1003A00056506C50785080509A508550B450B2508E
:1003B000C950CA50B350C250D650DE50E550ED502F
:1003C000E350EE50F950F5500951015102511651C8
:1003D000155114511A5121513A5137513C513B5149
:1003E0003F51405152514C5154516251F87A695128
:1003F0006A516E5180518251D8568C5189518F511A
:100400009151935195519651A451A651A251A95180
:10041000AA51AB51B351B151B251B051B551BD51C7
:10042000C551C951DB51E0515586E951ED51F051AB
:10043000F551FE5104520B5214520E5227522A52B9
:100440002E52335239524F5244524B524C525E52FA
:1004500054526A527452695273527F527D528D5275
:1004600094529252715288529152A88FA78FAC52D7
:10047000AD52BC52B552C152CD52D752DE52E352A8
:10048000E652ED98E052F352F552F852F952065303
:10049000085338750D5310530F5315531A532353E4
:1004A0002F53315333533853405346534553174E0C
:1004B00049534D53D6515E5369536E5318597B536C
:1004C000775382539653A053A653A553AE53B053BC
:1004D000B653C353127CD996DF53FC66EE71EE53CC
:1004E000E853ED53FA5301543D5440542C542D54C9
:1004F0003C542E54365429541D544E548F54755424
:100500008E545F5471547754705492547B54805479
:100510007654845490548654C754A254B854A55465
:10052000AC54C454C854A854AB54C254A454BE547C
:10053000BC54D854E554E6540F551455FD54EE54AC
:10054000ED54FA54E2543955405563554C552E55E7
:100550005C55455556555755385533555D55995544
:100560008055AF548A559F557B557E5598559E555D
:10057000AE557C558355A9558755A855DA55C555AF
:10058000DF55C455DC55E455D4551456F755165669
:10059000FE55FD551B56F9554E565056DF713456D3
:1005A0003656325638566B5664562F566C566A5627
:1005B000865680568A56A05694568F56A556AE56E5
:1005C000B656B456C256BC56C156C356C056C85687
:1005D000CE56D156D356D756EE56F9560057FF563B
:1005E0000457095708570B570D57135718571657E5
:1005F000C7551C572657375738574E573B57405704
:100600004F576957C057885761577F578957935736
:10061000A057B357A457AA57B057C357C657D45774
:10062000D257D3570A58D657E3570B5819581D5865
:100630007258215862584B587058C06B52583D58E8
:1006400079588558B9589F58AB58BA58DE58BB5896
:10065000B858AE58C558D358D158D758D958D85883
:10066000E558DC58E458DF58EF58FA58F958FB5869
:10067000FC58FD5802590A5910591B59A6682559AA
:100680002C592D59325938593E59D27A5559505909
:100690004E595A5958596259605967596C59695994
:1006A000785981599D595E4FAB4FA359B259C659DC
:1006B000E859DC598D59D959DA59255A1F5A115A16
:1006C0001C5A095A1A5A405A6C5A495A355A365ABB
:1006D000625A6A5A9A5ABC5ABE5ACB5AC25ABD5A20
:1006E000E35AD75AE65AE95AD65AFA5AFB5A0C5BD9
:1006F0000B5B165B325BD05A2A5B365B3E5B435B1F
:10070000455B405B515B555B5A5B5B5B655B695B63
:10071000705B735B755B785B88657A5B805B835B22
:10072000A65BB85BC35BC75BC95BD45BD05BE45BB8
:10073000E65BE25BDE5BE55BEB5BF05BF65BF35B92
:10074000055C075C085C0D5C135C205C225C285C2B
:10075000385C395C415C465C4E5C535C505C4F5C81
:10076000715B6C5C6E5C624E765C795C8C5C915CFF
:10077000945C9B59AB5CBB5CB65CBC5CB75CC55C19
:10078000BE5CC75CD95CE95CFD5CFA5CED5C8C5DD1
:10079000EA5C0B5D155D175D5C5D1F5D1B5D115DAA
:1007A000145D225D1A5D195D185D4C5D525D4E5DF4
:1007B0004B5D6C5D735D765D875D845D825DA25D82
:1007C0009D5DAC5DAE5DBD5D905DB75DBC5DC95DC1
:1007D000CD5DD35DD25DD65DDB5DEB5DF25DF55D3C
:1007E0000B5E1A5E195E115E1B5E365E375E445EFE
:1007F000435E405E4E5E575E545E5F5E625E645E68
:10080000475E755E765E7A5EBC9E7F5EA05EC15E70
:10081000C25EC85ED05ECF5ED65EE35EDD5EDA5E4F
:10082000DB5EE25EE15EE85EE95EEC5EF15EF35E99
:10083000F05EF45EF85EFE5E035F095F5D5F5C5F25
:100840000B5F115F165F295F2D5F385F415F485F67
:100850004C5F4E5F2F5F515F565F575F595F615F1F
:100860006D5F735F775F835F825F7F5F8A5F885FA3
:10087000915F875F9E5F995F985FA05FA85FAD5FA4
:10088000BC5FD65FFB5FE45FF85FF15FDD5FB36085
:10089000FF5F216060601960106029600E60316048
:1008A0001B6015602B6026600F603A605A604160E3
:1008B0006A6077605F604A6046604D606360436075
:1008C000646042606C606B60596081608D60E7605D
:1008D00083609A6084609B60966097609260A76076
:1008E0008B60E160B860E060D360B460F05FBD60D1
:1008F000C660B560D8604D6115610661F660F7604D
:100900000061F460FA6003612161FB60F1600D61D8
:100910000E6147613E61286127614A613F613C6128
:100920002C6134613D61426144617361776158615A
:1009300059615A616B6174616F61656171615F6179
:100940005D6153617561996196618761AC61946184
:100950009A618A619161AB61AE61CC61CA61C96122
:10096000F761C861C361C661BA61CB61797FCD614E
:10097000E661E361F661FA61F461FF61FD61FC61CA
:10098000FE610062086209620D620C6214621B6201
:100990001E6221622A622E623062326233624162DA
:1009A0004E625E6263625B62606268627C62826207
:1009B00089627E62926293629662D462836294627A
:1009C000D762D162BB62CF62FF62C662D464C86282
:1009D000DC62CC62CA62C262C7629B62C9620C639B
:1009E000EE62F162276302630863EF62F5625063AF
:1009F0003E634D631C644F6396638E638063AB6399
:100A00007663A3638F6389639F63B5636B63696375
:100A1000BE63E963C063C663E363C963D263F6631D
:100A2000C4631664346406641364266436641D6506
:100A3000176428640F6467646F6476644E642A6583
:100A400095649364A564A9648864BC64DA64D26420
:100A5000C564C764BB64D864C264F164E764098296
:100A6000E064E164AC62E364EF642C65F664F46412
:100A7000F264FA640065FD6418651C65056524650B
:100A800023652B65346535653765366538654B7587
:100A90004865566555654D6558655E655D65726569
:100AA0007865826583658A8B9B659F65AB65B76555
:100AB000C365C665C165C465CC65D265DB65D965AE
:100AC000E065E165F16572670A660366FB65736759
:100AD0003566366634661C664F664466496641660E
:100AE0005E665D666466676668665F6662667066B7
:100AF000836688668E668966846698669D66C1662A
:100B0000B966C966BE66BC66C466B866D666DA668D
:100B1000E0663F66E666E966F066F566F7660F67CB
:100B200016671E672667276738972E673F67366701
:100B300041673867376746675E676067596763670D
:100B4000646789677067A9677C676A678C678B676A
:100B5000A667A1678567B767EF67B467EC67B36798
:100B6000E967B867E467DE67DD67E267EE67B96784
:100B7000CE67C667E7679C6A1E6846682968406852
:100B80004D6832684E68B3682B6859686368776847
:100B90007F689F688F68AD6894689D689B6883686C
:100BA000AE6AB9687468B568A068BA680F698D687C
:100BB0007E680169CA680869D86822692669E1689F
:100BC0000C69CD68D468E768D5683669126904692C
:100BD000D768E3682569F968E068EF6828692A69D9
:100BE0001A6923692169C668796977695C697869D6
:100BF0006B6954697E696E69396974693D695969BF
:100C0000306961695E695D6981696A69B269AE6905
:100C1000D069BF69C169D369BE69CE69E85BCA6939
:100C2000DD69BB69C369A7692E6A9169A0699C697E
:100C30009569B469DE69E869026A1B6AFF690A6B33
:100C4000F969F269E769056AB1691E6AED69146AB2
:100C5000EB690A6A126AC16A236A136A446A0C6AF7
:100C6000726A366A786A476A626A596A666A486A64
:100C7000386A226A906A8D6AA06A846AA26AA36A44
:100C8000976A1786BB6AC36AC26AB86AB36AAC6AF3
:100C9000DE6AD16ADF6AAA6ADA6AEA6AFB6A056B07
:100CA0001686FA6A126B166B319B1F6B386B376BAB
:100CB000DC76396BEE98476B436B496B506B596B25
:100CC000546B5B6B5F6B616B786B796B7F6B806B6D
:100CD000846B836B8D6B986B956B9E6BA46BAA6B0F
:100CE000AB6BAF6BB26BB16BB36BB76BBC6BC66B03
:100CF000CB6BD36BDF6BEC6BEB6BF36BEF6BBE9E75
:100D0000086C136C146C1B6C246C236C5E6C556C3F
:100D1000626C6A6C826C8D6C9A6C816C9B6C7E6C64
:100D2000686C736C926C906CC46CF16CD36CBD6C21
:100D3000D76CC56CDD6CAE6CB16CBE6CBA6CDB6C28
:100D4000EF6CD96CEA6C1F6D4D88366D2B6D3D6D67
:100D5000386D196D356D336D126D0C6D636D936D5E
:100D6000646D5A6D796D596D8E6D956DE46F856DFD
:100D7000F96D156E0A6EB56DC76DE66DB86DC66D11
:100D8000EC6DDE6DCC6DE86DD26DC56DFA6DD96D13
:100D9000E46DD56DEA6DEE6D2D6E6E6E2E6E196E74
:100DA000726E5F6E3E6E236E6B6E2B6E766E4D6E48
:100DB0001F6E436E3A6E4E6E246EFF6E1D6E386E61
:100DC000826EAA6E986EC96EB76ED36EBD6EAF6E30
:100DD000C46EB26ED46ED56E8F6EA56EC26E9F6EEF
:100DE000416F116F4C70EC6EF86EFE6E3F6FF26EDD
:100DF000316FEF6E326FCC6E3E6F136FF76E866F92
:100E00007A6F786F816F806F6F6F5B6FF36F6D6F4D
:100E1000826F7C6F586F8E6F916FC26F666FB36F0A
:100E2000A36FA16FA46FB96FC66FAA6FDF6FD56F85
:100E3000EC6FD46FD86FF16FEE6FDB6F09700B70D2
:100E4000FA6F117001700F70FE6F1B701A70746F63
:100E50001D7018701F7030703E703270517063706A
:100E600099709270AF70F170AC70B870B370AE7072
:100E7000DF70CB70DD70D9700971FD701C71197154
:100E8000657155718871667162714C7156716C71C2
:100E90008F71FB7184719571A871AC71D771B97143
:100EA000BE71D271C971D471CE71E071EC71E7710C
:100EB000F571FC71F971FF710D7210721B7228725D
:100EC0002D722C72307232723B723C723F724072E1
:100ED00046724B72587274727E728272817287721D
:100EE00092729672A272A772B972B272C372C6720D
:100EF000C472CE72D272E272E072E172F972F7726B
:100F00000F5017730A731C7316731D7334732F738A
:100F1000297325733E734E734F73D89E57736A734C
:100F200068737073787375737B737A73C873B373F4
:100F3000CE73BB73C073E573EE73DE73A274057476
:100F40006F742574F87332743A7455743F745F7417
:100F5000597441745C746974707463746A747674DF
:100F60007E748B749E74A774CA74CF74D474F17336
:100F7000E074E374E774E974EE74F274F074F1747D
:100F8000F874F7740475037505750C750E750D7599
:100F9000157513751E7526752C753C7544754D7544
:100FA0004A7549755B7546755A75697564756775D7
:100FB0006B756D75787576758675877574758A75B8
:100FC0008975827594759A759D75A575A375C27599
:100FD000B375C375B575BD75B875BC75B175CD758F
:100FE000CA75D275D975E375DE75FE75FF75FC752A
:100FF0000176F075FA75F275F3750B760D76097654
:101000001F762776207621762276247634763076FF
:101010003B764776487646765C7658766176627699
:10102000687669766A7667766C76707672767676AA
:1010300078767C768076837688768B768E769676D2
:10104000937699769A76B076B476B876B976BA769B
:10105000C276CD76D676D276DE76E176E576E7761E
:10106000EA762F86FB760877077704772977247747
:101070001E77257726771B773777387747775A7724
:1010800068776B775B7765777F777E7779778E7711
:101090008B779177A0779E77B077B677B977BF7760
:1010A000BC77BD77BB77C777CD77D777DA77DC7733
:1010B000E377EE77FC770C781278267920782A7916
:1010C00045788E78747886787C789A788C78A3784E
:1010D000B578AA78AF78D178C678CB78D478BE784E
:1010E000BC78C578CA78EC78E778DA78FD78F47857
:1010F00007791279117919792C792B7940796079EE
:1011000057795F795A79557953797A797F798A79DC
:101110009D79A7794B9FAA79AE79B379B979BA79D4
:10112000C979D579E779EC79E179E379087A0D7AAB
:10113000187A197A207A1F7A8079317A3B7A3E7A46
:10114000377A437A577A497A617A627A697A9D9FC7
:10115000707A797A7D7A887A977A957A987A967A77
:10116000A97AC87AB07AB67AC57AC47ABF7A8390F7
:10117000C77ACA7ACD7ACF7AD57AD37AD97ADA7A17
:10118000DD7AE17AE27AE67AED7AF07A027B0F7B19
:101190000A7B067B337B187B197B1E7B357B287B88
:1011A000367B507B7A7B047B4D7B0B7B4C7B457B7A
:1011B000757B657B747B677B707B717B6C7B6E7BE7
:1011C0009D7B987B9F7B8D7B9C7B9A7B8B7B927B93
:1011D0008F7B5D7B997BCB7BC17BCC7BCF7BB47BD7
:1011E000C67BDD7BE97B117C147CE67BE57B607C48
:1011F000007C077C137CF37BF77B177C0D7CF67BF4
:10120000237C277C2A7C1F7C377C2B7C3D7C4C7C80
:10121000437C547C4F7C407C507C587C5F7C647C5D
:10122000567C657C6C7C757C837C907CA47CAD7CDE
:10123000A27CAB7CA17CA87CB37CB27CB17CAE7C74
:10124000B97CBD7CC07CC57CC27CD87CD27CDC7C7B
:10125000E27C3B9BEF7CF27CF47CF67CFA7C067DA6
:10126000027D1C7D157D0A7D457D4B7D2E7D327D69
:101270003F7D357D467D737D567D4E7D727D687DDB
:101280006E7D4F7D637D937D897D5B7D8F7D7D7DD3
:101290009B7DBA7DAE7DA37DB57DC77DBD7DAB7DDC
:1012A0003D7EA27DAF7DDC7DB87D9F7DB07DD87D0C
:1012B000DD7DE47DDE7DFB7DF27DE17D057E0A7EC8
:1012C000237E217E127E317E1F7E097E0B7E227E52
:1012D000467E667E3B7E357E397E437E377E327E1D
:1012E0003A7E677E5D7E567E5E7E597E5A7E797E30
:1012F0006A7E697E7C7E7B7E837ED57D7D7EAE8FA1
:101300007F7E887E897E8C7E927E907E937E947E88
:10131000967E8E7E9B7E9C7E387F3A7F457F4C7F7B
:101320004D7F4E7F507F517F557F547F587F5F7F29
:10133000607F687F697F677F787F827F867F837F1A
:10134000887F877F8C7F947F9E7F9D7F9A7FA37FFE
:10135000AF7FB27FB97FAE7FB67FB87F718BC57F1D
:10136000C67FCA7FD57FD47FE17FE67FE97FF37FA9
:10137000F97FDC98068004800B8012801880198029
:101380001C80218028803F803B804A80468052809C
:1013900058805A805F80628068807380728070801D
:1013A000768079807D807F808480868085809B8028
:1013B00093809A80AD809051AC80DB80E580D980AD
:1013C000DD80C480DA80D6800981EF80F1801B81C6
:1013D000298123812F814B818B9646813E815381C8
:1013E0005181FC8071816E81658166817481838108
:1013F00088818A8180818281A0819581A481A38155
:101400005F819381A981B081B581BE81B881BD81A1
:10141000C081C281BA81C981CD81D181D981D88170
:10142000C881DA81DF81E081E781FA81FB81FE8179
:1014300001820282058207820A820D821082168250
:1014400029822B82388233824082598258825D827F
:101450005A825F826482628268826A826B822E8292
:101460007182778278827E828D829282AB829F8225
:10147000BB82AC82E182E382DF82D282F482F38299
:10148000FA8293830383FB82F982DE820683DC8205
:101490000983D98235833483168332833183408331
:1014A0003983508345832F832B8317831883858348
:1014B0009A83AA839F83A283968323838E838783C1
:1014C0008A837C83B58373837583A0838983A88390
:1014D000F4831384EB83CE83FD830384D8830B844E
:1014E000C183F7830784E083F2830D842284208400
:1014F000BD8338840685FB836D842A843C845A85A9
:10150000848477846B84AD846E8482846984468409
:101510002C846F8479843584CA846284B984BF84BE
:101520009F84D984CD84BB84DA84D084C184C6846A
:10153000D684A1842185FF84F484178518852C85A1
:101540001F8515851485FC844085638558854885ED
:10155000418502864B8555858085A4858885918542
:101560008A85A8856D8594859B85EA8587859C8578
:1015700077857E859085C985BA85CF85B985D085E3
:10158000D585DD85E585DC85F9850A8613860B869C
:10159000FE85FA85068622861A8630863F864D8627
:1015A000554E54865F86678671869386A386A98684
:1015B000AA868B868C86B686AF86C486C686B0869B
:1015C000C9862388AB86D486DE86E986EC86DF86EC
:1015D000DB86EF8612870687088700870387FB86EE
:1015E000118709870D87F9860A8734873F873787F0
:1015F0003B87258729871A8760875F8778874C878D
:101600004E877487578768876E87598753876387A4
:101610006A870588A2879F878287AF87CB87BD8728
:10162000C087D087D696AB87C487B387C787C6875E
:10163000BB87EF87F287E0870F880D88FE87F687E4
:10164000F7870E88D2871188168815882288218806
:1016500031883688398827883B8844884288528870
:1016600059885E8862886B8881887E889E887588A4
:101670007D88B5887288828897889288AE88998894
:10168000A2888D88A488B088BF88B188C388C488A0
:10169000D488D888D988DD88F9880289FC88F488BC
:1016A000E888F28804890C890A89138943891E898C
:1016B00025892A892B89418944893B89368938893A
:1016C0004C891D8960895E89668964896D896A890A
:1016D0006F89748977897E89838988898A899389C2
:1016E0009889A189A989A689AC89AF89B289BA8963
:1016F000BD89BF89C089DA89DC89DD89E789F489F8
:10170000F889038A168A108A0C8A1B8A1D8A258A00
:10171000368A418A5B8A528A468A488A7C8A6D8ADE
:101720006C8A628A858A828A848AA88AA18A918A36
:10173000A58AA68A9A8AA38AC48ACD8AC28ADA8AA4
:10174000EB8AF38AE78AE48AF18A148BE08AE28AD8
:10175000F78ADE8ADB8A0C8B078B1A8BE18A168B61
:10176000108B178B208B338BAB97268B2B8B3E8B61
:10177000288B418B4C8B4F8B4E8B498B568B5B8BC5
:101780005A8B6B8B5F8B6C8B6F8B748B7D8B808B91
:101790008C8B8E8B928B938B968B998B9A8B3A8CAE
:1017A000418C3F8C488C4C8C4E8C508C558C628C70
:1017B0006C8C788C7A8C828C898C858C8A8C8D8CC4
:1017C0008E8C948C7C8C988C1D62AD8CAA8CBD8C7C
:1017D000B28CB38CAE8CB68CC88CC18CE48CE38C90
:1017E000DA8CFD8CFA8CFB8C048D058D0A8D078DAF
:1017F0000F8D0D8D108D4E9F138DCD8C148D168DEC
:10180000678D6D8D718D738D818D998DC28DBE8D1E
:10181000BA8DCF8DDA8DD68DCC8DDB8DCB8DEA8DCB
:10182000EB8DDF8DE38DFC8D088E098EFF8D1D8E77
:101830001E8E108E1F8E428E358E308E348E4A8EC6
:10184000478E498E4C8E508E488E598E648E608E97
:101850002A8E638E558E768E728E7C8E818E878ECA
:10186000858E848E8B8E8A8E938E918E948E998E99
:10187000AA8EA18EAC8EB08EC68EB18EBE8EC58E57
:10188000C88ECB8EDB8EE38EFC8EFB8EEB8EFE8EB7
:101890000A8F058F158F128F198F138F1C8F1F8F33
:1018A0001B8F0C8F268F338F3B8F398F458F428F45
:1018B0003E8F4C8F498F468F4E8F578F5C8F628F34
:1018C000638F648F9C8F9F8FA38FAD8FAF8FB78FE8
:1018D000DA8FE58FE28FEA8FEF8F8790F48F059094
:1018E000F98FFA8F1190159021900D901E901690FF
:1018F0000B902790369035903990F88F4F905090FC
:10190000519052900E9049903E90569058905E9013
:1019100068906F907690A896729082907D9081905A
:1019200080908A9089908F90A890AF90B190B59058
:10193000E290E4904862DB90029112911991329109
:1019400030914A9156915891639165916991739143
:1019500072918B9189918291A291AB91AF91AA9151
:10196000B591B491BA91C091C191C991CB91D091E7
:10197000D691DF91E191DB91FC91F591F6911E9268
:10198000FF9114922C92159211925E925792459269
:1019900049926492489295923F924B9250929C92B7
:1019A000969293929B925A92CF92B992B792E99261
:1019B0000F93FA9244932E93199322931A9323939D
:1019C0003A9335933B935C9360937C936E935693D9
:1019D000B093AC93AD939493B993D693D793E89384
:1019E000E593D893C393DD93D093C893E4931A946B
:1019F0001494139403940794109436942B94359470
:101A000021943A944194529444945B9460946294E7
:101A10005E946A9429927094759477947D945A9404
:101A20007C947E9481947F94829587958A959495F1
:101A3000969598959995A095A895A795AD95BC95DF
:101A4000BB95B995BE95CA95F66FC395CD95CC95C6
:101A5000D595D495D695DC95E195E595E2952196B9
:101A600028962E962F9642964C964F964B967796A2
:101A70005C965E965D965F96669672966C968D966F
:101A8000989695969796AA96A796B196B296B0967E
:101A9000B496B696B896B996CE96CB96C996CD968C
:101AA0004D89DC960D97D596F99604970697089779
:101AB00013970E9711970F971697199724972A97B0
:101AC000309739973D973E97449746974897429766
:101AD00049975C976097649766976897D2526B971F
:101AE0007197799785977C9781977A9786978B9747
:101AF0008F9790979C97A897A697A397B397B4971B
:101B0000C397C697C897CB97DC97ED974F9FF297EF
:101B1000DF7AF697F5970F980C98389824982198C3
:101B200037983D9846984F984B986B986F98709857
:101B3000719874987398AA98AF98B198B698C49809
:101B4000C398C698E998EB98039909991299149942
:101B5000189921991D991E99249920992C992E99AB
:101B60003D993E9942994999459950994B99519976
:101B700052994C99559997999899A599AD99AE997B
:101B8000BC99DF99DB99DD99D899D199ED99EE99B6
:101B9000F199F299FB99F899019A0F9A059AE299AD
:101BA000199A2B9A379A459A429A409A439A3E9AA2
:101BB000559A4D9A5B9A579A5F9A629A659A649A77
:101BC000699A6B9A6A9AAD9AB09ABC9AC09ACF9A5F
:101BD000D19AD39AD49ADE9ADF9AE29AE39AE69A55
:101BE000EF9AEB9AEE9AF49AF19AF79AFB9A069B7F
:101BF000189B1A9B1F9B229B239B259B279B289B03
:101C0000299B2A9B2E9B2F9B329B449B439B4F9B44
:101C10004D9B4E9B519B589B749B939B839B919B8D
:101C2000969B979B9F9BA09BA89BB49BC09BCA9B8A
:101C3000B99BC69BCF9BD19BD29BE39BE29BE49B32
:101C4000D49BE19B3A9CF29BF19BF09B159C149CCE
:101C5000099C139C0C9C069C089C129C0A9C049C4E
:101C60002E9C1B9C259C249C219C309C479C329C38
:101C7000469C3E9C5A9C609C679C769C789CE79C0A
:101C8000EC9CF09C099D089DEB9C039D069D2A9D64
:101C9000269DAF9D239D1F9D449D159D129D419D99
:101CA0003F9D3E9D469D489D5D9D5E9D649D519DD1
:101CB000509D599D729D899D879DAB9D6F9D7A9D7D
:101CC0009A9DA49DA99DB29DC49DC19DBB9DB89D9B
:101CD000BA9DC69DCF9DC29DD99DD39DF89DE69D81
:101CE000ED9DEF9DFD9D1A9E1B9E1E9E759E799EED
:101CF0007D9E819E889E8B9E8C9E929E959E919E9F
:101D00009D9EA59EA99EB89EAA9EAD9E6197CC9EC3
:101D1000CE9ECF9ED09ED49EDC9EDE9EDD9EE09E1B
:101D2000E59EE89EEF9EF49EF69EF79EF99EFB9E32
:101D3000FC9EFD9E079F089FB776159F219F2C9FB5
:101D40003E9F4A9F529F549F639F5F9F609F619FEA
:101D5000669F679F6C9F6A9F779F729F769F959FF4
:101D60009C9FA09F2F58C76959906474DC5199714A
:101D70009C4E1655035A3F96C0541B612863F65972
:101D8000229075841C83507AAA60E163256EED650C
:101D90006684A682F59B93682757A16571629B5B59
:101DA000D0597B86F498627DBE7D8E9B16629F7CA7
:101DB000B788895BB55E096397664868C7958D9754
:101DC0004F67E54E0A4F4D4F9D4F4950F2563759D8
:101DD000D459015A095CDF600F61706113660569AF
:101DE000BA704F757075FB79AD7DEF7DC3800E8441
:101DF0006388028B55907A903B53954EA54EDF57E2
:101E0000B280C190EF78004EF158A26E3890327ACD
:101E100028838B822F9C41517053BD54E154E0566E
:101E2000FB59155FF298EB6DE4802D8562967096F4
:101E3000A096FB970B54F353875BCF70BD7FC28F87
:101E4000E8966F535C9DBA7A114E9378FC81266EAA
:101E5000185604551D6B1A853B9CE559A953666DB0
:101E6000DC748F954256914E4B90F2964F830C99AD
:101E7000E153B655305B715F2066F3660468386CD9
:101E8000F36C296D5B74C8764E7A3498F1825B8866
:101E9000608AED92B26DAB75CA76C599A660018B6A
:101EA0008A8DB2958E69AD53865112573058445978
:101EB000B45BF65E2860A963F463BF6C146F8E7028
:101EC00014715971D5713F73017E7682D1829785E5
:101ED00060905B921B9D6958BC655A6C2575F951E1
:101EE0002E596559805FDC5FBC62FA652A6A276BF0
:101EF000B46B8B73C17F56892C9D0E9DC49EA15CD3
:101F0000966C7B8304514B5CB661C68176686172C6
:101F1000594EFA4F78536960296E4F7AF3970B4EFA
:101F20001653EE4E554F3D4FA14F734FA052EF53F6
:101F300009560F59C15AB65BE15BD17987669C6738
:101F4000B6674C6BB36C6B70C2738D79BE793C7A9B
:101F5000877BB182DB8204837783EF83D3836687B9
:101F6000B28A2956A88CE68F4E901E978A86C44F57
:101F7000E85C116259723B75E581BD82FE86C08CBA
:101F8000C5961399D599CB4E1A4FE389DE564A5818
:101F9000CA58FB5EEB5F2A6094606260D061126297
:101FA000D0623965419B6666B068776D70704C751C
:101FB0008676757DA582F9878B958E969D8CF151DD
:101FC000BE521659B354B35B165D68618269AF6D3A
:101FD0008D78CB845788728AA793B89A6C6DA8992C
:101FE000D986A357FF67CE860E9283528756045434
:101FF000D35EE162B9643C683868BB6B7273BA78CF
:102000006B7A9A89D2896B8D038FED90A395949604
:102010006997665BB35C7D694D984E989B63207BA6
:102020002B6A7F6AB6680D9C5F6F72529D55706017
:10203000EC623B6D076ED16E5B841089448F144E49
:10204000399CF6531B693A6A84972A685C51C37AB3
:10205000B284DC918C935B56289D22680583318481
:10206000A57C0852C582E6747E4E834FA051D25B98
:102070000A52D852E752FB5D9A552A58E6598C5BB2
:10208000985BDB5B725E795EA3601F616361BE611A
:10209000DB636265D1675368FA683E6B536B576CBC
:1020A000226F976F456FB0741875E3760B77FF7AE0
:1020B000A17B217CE97D367FF07F9D8066829E83B7
:1020C000B389CC8AAB8C8490519493959195A295C9
:1020D0006596D39728991882384E2B54B85CCC5DFE
:1020E000A9734C763C77A95CEB7F0B8DC196119858
:1020F00054985898014F0E4F71539C556856FA5793
:102100004759095BC45B905C0C5E7E5ECC5FEE63FE
:102110003A67D765E2651F67CB68C4685F6A305E5F
:10212000C56B176C7D6C7F754879635B007A007DA9
:10213000BD5F8F89188AB48C778DCC8E1D8FE29805
:102140000E9A3C9B804E7D50005193599C5B2F62B0
:102150008062EC643A6BA07291754779A97FFB8726
:10216000BC8A708BAC63CA83A09709540354AB55E7
:102170005468586A708A27787567CD9E7453A25B3D
:102180001A8150860690184E454EC74E114FCA53BD
:102190003854AE5B135F256051653D67426C726CCD
:1021A000E36C78700374767AAE7A087B1A7DFE7CD5
:1021B000667DE7655B72BB53455CE85DD262E062B9
:1021C0001963206E5A86318ADD8DF892016FA679E7
:1021D0005A9BA84EAB4EAC4E9B4FA04FD15047518F
:1021E000F67A7151F651545321537F53EB53AC554A
:1021F0008358E15C375F4A5F2F6050606D601F63FA
:1022000059654B6AC16CC272ED72EF77F880058137
:1022100008824E85F790E193FF9757995A9AF04EAE
:10222000DD512D5C81666D69405CF266756989736C
:102230005068817CC550E4524757FE5D2693A465E3
:10224000236B3D6B34748179BD794B7BCA7DB98238
:10225000CC837F885F89398BD18FD1911F54809235
:102260005D4E3650E5533A53D7729673E977E6825E
:10227000AF8EC699C899D29977511A615E86B055CA
:102280007A7A7650D35B47908596324EDB6AE79137
:10229000515C485C98639F7A936C7497618FAA7ABB
:1022A0008A718896827C1768707E51686C93F252AE
:1022B0001B54AB85138AA47FCD8EE190665388882A
:1022C0004179C24FBE501152445153552D57EA73B4
:1022D0008B575159625F845F756076616761A96150
:1022E000B2633A646C656F664268136E66753D7AD8
:1022F000FB7C4C7D997D4B7E6B7F0E834A83CD8624
:10230000088A638A668BFD8E1A988F9DB882CE8F5D
:10231000E89B87521F628364C06F99964168915011
:10232000206B7A6C546F747A507D4088238A0867DA
:10233000F64E3950265065507C5138526352A7559D
:102340000F570558CC5AFA5EB261F861F3627263B6
:102350001C69296A7D72AC722E7314786F78797D4E
:102360000C77A9808B89198BE28CD28E6390759340
:102370007A965598139A789E43519F53B3537B5E38
:10238000265F1B6E906E8473FE73437D3782008AD6
:10239000FA8A50964E4E0B50E4537C54FA56D1595B
:1023A000645BF15DAB5E275F38624565AF67566E73
:1023B000D072CA7CB488A180E180F0834E86878A7F
:1023C000E88D3792C7966798139F944E924E0D4FA3
:1023D000485349543E542F5A8C5FA15F9F60A768B1
:1023E0008E6A5A7481789E8AA48A778B90915E4E09
:1023F000C99BA44E7C4FAF4F1950165049516C5198
:102400009F52B952FE529A53E35311540E548955B8
:102410005157A2577D59545B5D5B8F5BE55DE75D6E
:10242000F75D785E835E9A5EB75E185F52604C61BE
:102430009762D862A7633B6502664366F4666D6780
:1024400021689768CB695F6C2A6D696D2F6E9D6EF0
:10245000327587766C783F7AE07C057D187D5E7DED
:10246000B17D15800380AF80B18054818F812A8235
:1024700052834C8861881B8BA28CFC8CCA9075910E
:1024800071923F78FC92A4954D9605989999D89AA7
:102490003B9D5B52AB52F7530854D558F762E06F3F
:1024A0006A8C5F8FB99E4B513B524A54FD56407A1D
:1024B0007791609DD29E4473096F70811175FD5FA5
:1024C000DA60A89ADB72BC8F646B0398CA4EF05630
:1024D0006457BE585A5A6860C7610F660666396805
:1024E000B168F76DD5753A7D6E82429B9B4E504F19
:1024F000C95306556F5DE65DEE5DFB67996C7374BD
:102500000278508A9693DF885057A75E2B63B550A8
:10251000AC508D510067C9545E58BB59B05B695FC0
:102520004D62A1633D68736B086E7D70C7918072C8
:10253000157826786D798E65307DDC83C188098FAA
:102540009B966452285750676A7FA18CB4514257BA
:102550002A963A588A69B480B2540E5DFC57957831
:10256000FA9D5C4F4A528B543E6428661467F567A7
:10257000847A567B227D2F935C68AD9B397B1953FF
:102580008A513752DF5BF662AE64E6642D67BA6B40
:10259000A985D1969076D69B4C630693AB9BBF766C
:1025A0005266094E9850C253715CE860926463654C
:1025B0005F68E671CA732375977B827E9586838BED
:1025C000DB8C78911099AC65AB668B6BD54ED44E95
:1025D0003A4F7F4F3A52F853F253E355DB56EB58DC
:1025E000CB59C959FF59505B4D5C025E2B5ED75FDA
:1025F0001D6007632F655C5BAF65BD65E8659D6722
:10260000626B7B6B0F6C45734979C179F87C197DDE
:102610002B7DA2800281F38196895E8A698A668A0F
:102620008C8AEE8AC78CDC8CCC96FC986F6B8B4EB8
:102630003C4F8D4F5051575BFA5B486101634266D6
:10264000216BCB6EBB6C3E72BD74D475C1783A7988
:102650000C803380EA8194849E8F506C7F9E0F5F44
:10266000588B2B9DFA7AF88E8D5BEB96034EF153C7
:10267000F7573159C95AA45B89607F6E066FBE75E2
:10268000EA8C9F5B0085E07B7250F4679D82615C01
:102690004A851E7E0E829951045C6863668D9C6536
:1026A0006E713E79177D05801D8BCA8E6E90C78630
:1026B000AA901F50FA523A5C53677C7035724C9165
:1026C000C8912B93E582C25B315FF9603B4ED653D4
:1026D000885B4B6231678A6BE972E0732E7A6B819B
:1026E000A38D529196991251D7536A54FF5B886318
:1026F000396AAC7D0097DA56CE536854975B315CEB
:10270000DE5DEE4F0161FE62326DC079CB79427DB4
:102710004D7ED27FED811F82908446887289908B96
:10272000748E2F8F31904B916C91C6969C91C04EB8
:102730004F4F45514153935F0E62D467416C0B6E0E
:102740006373267ECD918392D4531959BF5BD16DAB
:102750005D792E7E9B7C7E589F71FA515388F08F55
:10276000CA4FFB5C2566AC77E37A1C82FF99C651A1
:10277000AA5FEC656F69896BF36D966E646FFE7688
:10278000147DE15D759087910698E6511D52406277
:102790009166D9661A6EB65ED27D727FF866AF8595
:1027A000F785F88AA952D95373598F5E905F5560A7
:1027B000E4926496B7501F51DD5220534753EC53B7
:1027C000E8544655315517566859BE593C5AB55BC1
:1027D000065C0F5C115C1A5C845E8A5EE05E705F72
:1027E0007F628462DB628C63776307660C662D66AA
:1027F00076667E67A2681F6A356ABC6C886D096E52
:10280000586E3C7126716771C77501775D780179E3
:102810006579F079E07A117BA77C397D9680D68343
:102820008B8449855D88F3881F8A3C8A548A738A21
:10283000618CDE8CA49166927E9318949C969897F6
:102840000A4E084E1E4E574E97517052CE5734586E
:10285000CC58225B385EC560FE6461675667446D84
:10286000B6727375637AB884728BB89120933156BF
:10287000F457FE98ED620D69966BED71547E77808A
:102880007282E689DF985587B18F3B5C384FE14F04
:10289000B54F0755205ADD5BE95BC35F4E612F637F
:1028A000B0654B66EE689B69786DF16D3375B975EF
:1028B0001F775E79E679337DE381AF82AA85AA89A5
:1028C0003A8AAB8E9B8F3290DD910797BA4EC14EFC
:1028D00003527558EC580B5C1A753D5C4E810A8AA0
:1028E000C58F63966D97257BCF8A08986291F356C2
:1028F000A853179039548257255EA863346C8A70A8
:1029000061778B7CE07F708842905491109318938C
:102910008F965E74C49A075D695D7065A267A88D25
:10292000DB966E6349671969C5831798C096FE8860
:10293000846F7A64F85B164E2C705D752F66C451F7
:102940003652E252D359815F276010623F65746549
:102950001F667466F2681668636B056E72721F7587
:10296000DB76BE7C5680F058FD887F89A08A938AEA
:10297000CB8A1D9092915297599789650E7A06815C
:10298000BB962D5EDC601A62A56514669067F377CE
:102990004D7A4D7C3E7E0A81AC8C648DE18D5F8EDC
:1029A000A9780752D962A563426498622D8A837A16
:1029B000C07BAC8AEA96767D0C824987D94E485115
:1029C00043536053A35B025C165CDD5D2662476285
:1029D000B06413683468C96C456D176DD3675C6F5C
:1029E0004E717D71CB657F7AAD7BDA7D4A7EA87FA3
:1029F0007A811B823982A6856E8ACE8CF58D78907D
:102A00007790AD9291928395AE9B4D528455386FDD
:102A1000367168518579557EB381CE7C4C565158BC
:102A2000A85CAA63FE66FD665A69D9728F758E75B9
:102A30000E795679DF79977C207D447D0786348A2C
:102A40003B966190209FE7507552CC53E25309505A
:102A5000AA55EE584F593D728B5B645C1D53E36081
:102A6000F3605C6383633F63BB63CD64E965F966D0
:102A7000E35DCD69FD69156FE571894EE975F876FD
:102A8000937ADF7CCF7D9C7D6180498358836C8401
:102A9000BC84FB85C588708D01906D9097931C97C1
:102AA000129ACF5097588E61D3813585088D20902A
:102AB000C34F7450475273536F6049635F672C6E06
:102AC000B38D1F90D74F5E5CCA8CCF659A7D5253F1
:102AD00096887651C363585B6B5B0A5C0D645167E3
:102AE0005C90D64E1A592A59706C518A3E55155829
:102AF000A559F0605362C167358255694096C49903
:102B0000289A534F0658FE5B1080B15C2F5E855F9C
:102B100020604B613462FF66F06CDE6ECE807F8198
:102B2000D4828B88B88C00902E908A96DB9EDB9B9B
:102B3000E34EF05327592C7B8D914C98F99DDD6E17
:102B4000277053534455855B58629E62D362A26CD2
:102B5000EF6F2274178A3894C16FFE8A3883E75169
:102B6000F886EA53E953464F5490B08F6A59318141
:102B7000FD5DEA7ABF8FDA68378CF872489C3D6A4F
:102B8000B08A394E585306566657C562A263E66549
:102B90004E6BE16D5B6EAD70ED77EF7AAA7BBB7D1E
:102BA0003D80C680CB86958A5B93E356C7583E5FCF
:102BB000AD659666806AB56B3775C78A2450E57730
:102BC00030571B5F65607A66606CF4751A7A6E7FA9
:102BD000F48118874590B399C97B5C75F97A517B6C
:102BE000C4841090E979927A3683E15A40772D4E69
:102BF000F24E995BE05FBD623C66F167E86C6B8604
:102C000077883B8A4E91F392D099176A26702A737F
:102C1000E7825784AF8C014E4651CB518B55F55B03
:102C2000165E335E815E145F355F6B5FB45FF26189
:102C30001163A2661D676E6F52723A753A7774809F
:102C4000398178817687BF8ADC8A858DF38D9A9267
:102C500077950298E59CC5525763F4761567886CA2
:102C6000CD73C38CAE937396256D9C580E69CC6959
:102C7000FD8F9A93DB751A905A580268B463FB690A
:102C8000434F2C6FD867BB8F2685B47D54933F6923
:102C9000706F6A57F7582C5B2C7D2A720A54E391A7
:102CA000B49DAD4E4E4F5C50755043529E8C48546F
:102CB00024589A5B1D5E955EAD5EF75E1F5F8C606B
:102CC000B5623A63D063AF68406C87788E790B7ACF
:102CD000E07D4782028AE68A448E1390B8902D9157
:102CE000D8910E9FE56C5864E2647565F46E847645
:102CF0001B7B6990D193BA6EF254B95FA4644D8F77
:102D0000ED8F449278516B582959555C975EFB6D55
:102D10008F7E1C75BC8CE28E5B98B9701D4FBF6BAB
:102D2000B16F3075FB964E51105435585758AC5909
:102D3000605C925F97655C67216E7B76DF83ED8CCC
:102D40001490FD904D9325783A78AA52A65E1F57AD
:102D50007459126012505A51AC51CD510052105555
:102D6000545858585759955BF65C8B5DBC6095621A
:102D70002D6471674368BC68DF68D776D86D6F6E65
:102D80009B6D6F70C871535FD8757779497B547BA1
:102D9000527BD67C717D305263846985E4850E8ACE
:102DA000048B468C0F8E03900F90199476962D9875
:102DB000309AD895CD50D5520C5402580E5CA7616C
:102DC0009E641E6DB377E57AF480048453908592F7
:102DD000E05C079D3F53975FB35F9C6D79726377AB
:102DE000BF79E47BD26BEC72AD8A0368616AF851FB
:102DF000817A34694A5CF69CEB82C55B49911E700E
:102E000078566F5CC76066658C6C5A8C41901398DD
:102E10005154C7660D924859A39085514D4EEA51C1
:102E200099850E8B58707A634B936269B499047ECE
:102E3000777557536069DF8EE3965D6C8C4E3C5C12
:102E4000105FE98F0253D18C89807986FF5EE5653A
:102E5000734E655182593F5CEE97FB4E8A59CD5FA8
:102E60008D8AE16FB0796279E75B71842B73B17100
:102E7000745EF55F7B639A64C371987C434EFC5E1D
:102E80004B4EDC57A256A960C36F0D7DFD80338188
:102E9000BF81B28F9789A486F45D8A62AD64878909
:102EA0007767E26C3E6D36743478465A757FAD8232
:102EB000AC99F34FC35EDD62926357656F67C3766B
:102EC0004C72CC80BA80298F4D910D50F957925A8F
:102ED000856873696471FD72B78CF258E08C6A96EC
:102EE00019907F87E479E77729842F4F65525A53E9
:102EF000CD62CF67CA6C7D76947B957C3682848563
:102F0000EB8FDD66206F06721B7EAB83C199A69E98
:102F1000FD51B17B7278B87B8780487BE86A615E3F
:102F20008C80517560756B5162928C6E7A76979138
:102F3000EA9A104F707F9C624F7BA595E99C7A5668
:102F40005958E486BC96344F24524A53CD53DB5330
:102F5000065E2C6491657F673E6C4E6C4872AF7262
:102F6000ED735475417E2C82E985A98CC47BC69192
:102F700069711298EF983D6369666A75E476D07856
:102F80004385EE862A53515326548359875E7C5FCE
:102F9000B26049627962AB629065D46BCC6CB275F9
:102FA000AE769178D879CB7D777FA580AB88B98ACA
:102FB000BB8C7F905E97DB980B6A387C99503E5CA7
:102FC000AE5F8767D86B357409778E7F3B9FCA6782
:102FD000177A39538B75ED9A665F9D81F1839880DE
:102FE0003C5FC55F6275467B3C906768EB599B5AB6
:102FF000107D7E762C8BF54F6A5F196A376C026FF5
:10300000E27468796888558A798CDF5ECF63C5750C
:10301000D279D7822893F2929C84ED862D9CC1545C
:103020006C5F8C655C6D1570A78CD38C3B984F657D
:10303000F6740D4ED84EE0572B59665ACC5BA8510A
:10304000035E9C5E166076627765A7656E666E6D40
:103050003672267B50819A8199825C8BA08CE68C9B
:10306000748D1C964496AE4FAB64666B1E82618471
:103070006A85E890015C5369A8987A8457850F4F58
:103080006F52A95F455E0D678F79798107898689BF
:10309000F56D175F5562B86CCF4E6972929B065200
:1030A0003B547456B358A4616E621A716E59897C90
:1030B000DE7C1B7DF09687655E80194E754F7551DD
:1030C0004058635E735E0A5FC467264E3D858995EE
:1030D0005B96737C0198FB50C1585676A7782552B1
:1030E000A5771185867B4F5009594772C77BE87DCC
:1030F000BA8FD48F4D90BF4FC952295A015FAD97F7
:10310000DD4F1782EA9203575563696B2B75DC8894
:10311000148F427ADF52935855610A62AE66CD6BC6
:103120003F7CE9832350F84F0553465431584959A1
:103130009D5BF05CEF5C295D965EB16267633E6506
:10314000B9650B67D56CE16CF97032782B7EDE8047
:10315000B3820C84EC84028712892A8A4A8CA69056
:10316000D292FD98F39C6C9D4F4EA14E8D505652BD
:103170004A57A8593D5ED85FD95F3F62B4661B6766
:10318000D067D2689251217DAA80A881008B8C8C57
:10319000BF8C7E92329620542C981753D5505C5396
:1031A000A858B264346767726677467AE691C3526C
:1031B000A16C866B00584C5E54592C67FB7FE15123
:1031C000C6766964E878549BBB9ECB57B95927668D
:1031D0009A67CE6BE954D969555E9C819567AA9B25
:1031E000FE67529C5D68A64EE34FC853B9622B67D9
:1031F000AB6CC48FAD4F6D7EBF9E074E6261806E1B
:103200002B6F138573542A67459BF35D957BAC5CEC
:10321000C65B1C874A6ED184147A088199598D7CCB
:10322000116C2077D952225921715F72DB77279771
:10323000619D0B697F5A185AA5510D547D540E6635
:10324000DF76F78F9892F49CEA595D72C56E4D5106
:10325000C968BF7DEC7D6297BA9E7864216A02835B
:1032600084595F5BDB6B1B73F276B27D17809984A8
:1032700032512867D99EEE766267FF520599245C29
:103280003B627E7CB08C4F55B6600B7D80950153C0
:103290005F4EB6511C593A723680CE91255FE27767
:1032A0008453795F047DAC85338A8D8E5697F3679E
:1032B000AE85539409610861B96C5276ED8A388FF6
:1032C0002F55514F2A51C752CB53A55B7D5EA0604D
:1032D0008261D6630967DA67676E8C6D3673377300
:1032E00031755079D588988A4A909190F590C49616
:1032F0008D871559884E594F0E4E898A3F8F1098E9
:10330000AD507C5E9659B95BB85EDA63FA63C1640E
:10331000DC664A69D8690B6DB66E94712875AF7A10
:103320008A7F00804984C9848189218B0A8E6590B7
:103330007D960A997E619162326B836C746DCC7F4D
:10334000FC7FC06D857FBA87F8886567B1833C983C
:10335000F7961B6D617D3D846A91714E7553505D8A
:10336000046BEB6FCD852D86A78929520F54655CC0
:103370004E67A86806748374E275CF88E188CC91A3
:10338000E29678968B5F8773CB7A4E84A0636575DF
:103390008952416D9C6E097459756B78927C869642
:1033A000DC7A8D9FB64F6E61C5655C86864EAE4EEB
:1033B000DA50214ECC51EE5B99658168BC6D1F736C
:1033C0004276AD771C7AE77C6F82D28A7C90CF916F
:1033D000759618989B52D17D2B5098539767CB6D5B
:1033E000D0713374E8812A8FA396579C9F9E607496
:1033F0004158996D2F7D5E98E44E364F8B4FB751F3
:10340000B152BA5D1C60B2733C79D3823492B796E4
:10341000F6960A97979E629FA666746B1752A35200
:10342000C870C288C95E4B609061236F49713E7C51
:10343000F47D6F80EE8423902C9342546F9BD36A6B
:103440008970C28CEF8D3297B452415ACA5E045FC4
:1034500017677C6994696A6D0F6F6272FC72ED7B0D
:1034600001807E804B87CE906D51939E84798B80B6
:103470003293D68A2D508C54718A6A6BC48C078122
:10348000D160A067F29D994E984E109C6B8AC185C1
:10349000688500697E6E97785581000000250225B9
:1034A0000C251025182514251C252C25242534250C
:1034B0003C25012503250F2513251B25172523252D
:1034C00033252B253B254B2520252F252825372542
:1034D0003F251D25302525253825422510041104BA
:1034E0001204130414041504010416041704180428
:1034F00019041A041B041C041D041E041F042004C8
:103500002104220423042404250426042704280477
:1035100029042A042B042C042D042E042F0400005B
:10352000000000000000000000000000000000009B
:103530000000000000000000000000003004310422
:103540003204330434043504510436043704380497
:1035500039043A043B043C043D043E043F04400467
:103560004104420443044404450446044704480417
:1035700049044A044B044C044D044E044F0400001B
:10358000910392039303940395039603970398037F
:1035900099039A039B039C039D039E039F03A0032F
:1035A000A103A303A403A503A603A703A803A903D8
:1035B000000000000000000000000000000000000B
:1035C000B103B203B303B403B503B603B703B8033F
:1035D000B903BA03BB03BC03BD03BE03BF03C003EF
:1035E000C103C303C403C503C603C703C803C90398
:1035F00000000000000000000000000000000001CA
:1036000001010101010101010100000000000000B1
:10361000010101010101010101010101010101019A
:103620000101010101010101010100000000000090
:10363000000101010101010101010101010101017B
:10364000010101010101010101010100C625A125BE
:10365000A025B325B225BD25BC253B2012309221E3
:103660009021912193211330000000000000000000
:103670000000000000000000000000000000082220
:103680000B2286228722822283222A2229220000DC
:1036900000000000000000000000000000002722E1
:1036A0002822AC00D221D4210022032229220000AA
:1036B000000000000000000000000000000000000A
:1036C00000002022A5221223022207226122522278
:1036D0006A226B221A223D221D2235222B222C2205
:1036E00000000000000000000000000000002B218E
:1036F00030206F266D266A2620202120B6002C223D
:10370000000000000000EF250030013002300CFF07
:103710000EFFFB301AFF1BFF1FFF01FF9B309C3089
:10372000B40040FFA8003EFF3E203FFFFD30FE30CA
:103730009D309E300330DD4E053006300730FC30C2
:10374000142010200FFF3CFF1C3016205CFF2620A9
:103750002520182019201C201D2008FF09FF1430E7
:1037600015303BFF3DFF5BFF5DFF083009300A303D
:103770000B300C300D300E300F30103011300BFF8D
:103780001222B100D700F7001DFF60221CFF1EFFB0
:10379000662267221E22342242264026B0003220B2
:1037A00033200321A50004FFA200A30005FF03FFAF
:1037B00006FF0AFF20FFA70006260526CB25CF25FA
:1037C000CE25C72505000000190000007D0000007F
:1037D0000080E03779C34143176E05B5B5B893460D
:1037E000F5F93FE9034F384D321D30F94877825AD9
:1037F0003CBF737FDD4F1575000000000000F03FF7
:1038000000000000000024400000000000005940BB
:103810000000000000408F40000000000088C3400E
:1038200000000000006AF8400000000080842E4183
:1038300000000000D01263410000000084D79741CF
:103840000000000065CDCD41000000205FA00242D5
:10385000000000E876483742000000A2941A6D424A
:10386000000040E59C30A2420000901EC4BCD6423D
:1038700000003426F56B0C430080E03779C34143E8
:1038800000A0D8855734764300C84E676DC1AB435E
:10389000003D9160E458E143408CB5781DAF15447C
:1038A00050EFE2D6E41A4B4492D54D06CFF0804457
:1038B000F64AE1C7022DB544B49DD9794378EA446C
:1038C00048C3021054C3021060C302106CC302103C
:0C38D00078C3021084C3021090C30210E1
:1038DC00D02330B500251B0600245D5706E0036895
:1038EC00BFF35F8F1C6081F3108820BF0268EFF379
:1038FC00108172B61368002BFCD0BFF35F8F037975
:10390C007F2BECD905710368BFF35F8F00221A601F
:10391C0081F3108830BDC046F0B5C646150000B521
:10392C0004001E000268EFF3108172B61368002BBE
:10393C00FCD0BFF35F8F0423E356002B2DDB2268F2
:10394C00BFF35F8F0020106081F31088D022120625
:10395C00127852B290469A4203D1002080BCB846ED
:10396C00F0BD00270BE02368BFF35F8F1F6081F36E
:10397C0010882800310000F033F80028EDD12268BF
:10398C00EFF3108172B61368002BFCD0BFF35F8F7E
:10399C0023797F2BE7D9434602E0D0231B061B6813
:1039AC0023712368BFF35F8F00221A6081F31088A4
:1039BC000120D3E70268EFF3108172B61368002B75
:1039CC00FCD0BFF35F8FFF2303710368BFF35F8FDE
:1039DC0000221A6081F3108840BF70477047C046C0
:1039EC0001B40248844601BC604700BF4526021062
:1039FC00FA000000100000000000000000000000B1
:103A0C000000000000000000000000007812002000
:103A1C00503300004C33000054330000523300008C
:103A2C004D5300004D43000053340000433400005C
:103A3C0094C50210D0C50210FFFFFFFF000002006A
:103A4C0000000000000000003002002030020020C6
:103A5C0038020020380200204002002040020020E2
:103A6C004802002048020020500200205002002092
:103A7C005802002058020020600200206002002042
:103A8C0068020020680200207002002070020020F2
:103A9C0078020020780200208002002080020020A2
:103AAC008802002088020020900200209002002052
:103ABC009802002098020020A0020020A002002002
:103ACC00A8020020A8020020B0020020B0020020B2
:103ADC00B8020020B8020020C0020020C002002062
:103AEC00C8020020C8020020D0020020D002002012
:103AFC00D8020020D8020020E0020020E0020020C2
:103B0C00E8020020E8020020F0020020F002002071
:103B1C00F8020020F802002000030020000300201F
:103B2C0008030020080300201003002010030020CD
:103B3C00180300201803002020030020200300207D
:103B4C00280300202803002030030020300300202D
:103B5C0038030020380300204003002040030020DD
:103B6C00480300204803002050030020500300208D
:103B7C00580300205803002060030020600300203D
:103B8C0068030020680300207003002070030020ED
:103B9C00780300207803002080030020800300209D
:103BAC00880300208803002090030020900300204D
:103BBC009803002098030020A0030020A0030020FD
:103BCC00A8030020A8030020B0030020B0030020AD
:103BDC00B8030020B8030020C0030020C00300205D
:103BEC00C8030020C8030020D0030020D00300200D
:103BFC00D8030020D8030020E0030020E0030020BD
:103C0C00E8030020E8030020F0030020F00300206C
:103C1C00F8030020F803002000040020000400201A
:103C2C0008040020080400201004002010040020C8
:103C3C001804002018040020200400202004002078
:103C4C002804002028040020300400203004002028
:103C5C0038040020380400204004002040040020D8
:103C6C004804002048040020500400205004002088
:103C7C005804002058040020600400206004002038
:103C8C0068040020680400207004002070040020E8
:103C9C007804002078040020800400208004002098
:103CAC008804002088040020900400209004002048
:103CBC009804002098040020A0040020A0040020F8
:103CCC00A8040020A8040020B0040020B0040020A8
:103CDC00B8040020B8040020C0040020C004002058
:103CEC00C8040020C8040020D0040020D004002008
:103CFC00D8040020D8040020E0040020E0040020B8
:103D0C00E8040020E8040020F0040020F004002067
:103D1C00F8040020F8040020000500200005002015
:103D2C0008050020080500201005002010050020C3
:103D3C001805002018050020200500202005002073
:103D4C002805002028050020300500203005002023
:103D5C0038050020380500204005002040050020D3
:103D6C004805002048050020500500205005002083
:103D7C005805002058050020600500206005002033
:103D8C0068050020680500207005002070050020E3
:103D9C007805002078050020800500208005002093
:103DAC008805002088050020900500209005002043
:103DBC009805002098050020A0050020A0050020F3
:103DCC00A8050020A8050020B0050020B0050020A3
:103DDC00B8050020B8050020C0050020C005002053
:103DEC00C8050020C8050020D0050020D005002003
:103DFC00D8050020D8050020E0050020E0050020B3
:103E0C00E8050020E8050020F0050020F005002062
:103E1C00F8050020F8050020000600200006002010
:103E2C0008060020080600201006002010060020BE
:103E3C00180600201806002020060020200600206E
:103E4C002806002028060020430000000000000087
:103E5C000000000000000000000000000000000056
:103E6C000000000000000000430000000000000003
:103E7C000000000000000000000000000000000036
:103E8C0000000000000000004300000000000000E3
:103E9C000000000000000000000000000000000016
:103EAC0000000000000000004300000000000000C3
:103EBC0000000000000000000000000000000000F6
:103ECC0000000000000000004300000000000000A3
:103EDC0000000000000000000000000000000000D6
:103EEC000000000000000000430000000000000083
:103EFC0000000000000000000000000000000000B6
:103F0C000000000000000000430000000000000062
:103F1C000000000000000000000000000000000095
:103F2C000000000000000000A5AF02107DB30210DD
:103F3C0000000000D0C90210DCC10210C0C1021088
:103F4C00C0C10210C0C10210C0C10210C0C1021019
:103F5C00C0C10210C0C10210C0C10210C0C1021009
:103F6C00FFFFFFFFFFFFFFFFFFFFFFFFFFFF000053
:103F7C0001004153434949000000000000000000CB
:103F8C000000000000000000000000000000000025
:103F9C0000004153434949000000000000000000AC
:103FAC000000000000000000000000000000000005
:103FBC0000000000A80700200000000008170020E7
:103FCC0070170020D817002000000000000000002F
:103FDC0000000000000000000000000000000000D5
:103FEC0000000000000000000000000000000000C5
:103FFC0000000000000000000000000000000000B5
:10400C0000000000000000000000000000000000A4
:10401C000000000000000000000000000000000094
:10402C000000000000000000000000000000000084
:10403C000000000000000000000000000000000074
:10404C000000000000000000000000000000000064
:10405C0001000000000000000E33CDAB34126DE601
:10406C00ECDE05000B00000000000000000000006A
:10407C000000000000000000000000000000000034
:10408C000000000000000000000000000000000024
:10409C000000000000000000000000000000000014
:1040AC000000000000000000000000000000000004
:1040BC0000000000000000000000000000000000F4
:1040CC0000000000000000000000000000000000E4
:1040DC0000000000000000000000000000000000D4
:1040EC000000000000000000F92C0210252D021029
:1040FC00712E0210C93F0210AD350210553E021050
:10410C00992D0210412D0210612D0210752D0210F7
:10411C00D11F02107D2D021069230210C12C021038
:10412C00251F0210B11102101D1B0210CD5D0210D3
:04413C00F95D021017
:04000005100210E9EC
:00000001FF
