:020000041000EA
:1090000000200420F7900010C3900010C5900010BD
:10901000C1900010C1900010C1900010C1900010CC
:10902000C1900010C1900010C1900010C7900010B6
:10903000C1900010C1900010C9900010CB9000109A
:10904000CD900010CD900010CD900010CD9000106C
:10905000CD900010CD900010CD900010CD9000105C
:10906000CD900010CD900010CD900010CD9000104C
:10907000CD900010CD900010CD900010CD9000103C
:10908000CD900010CD900010CD900010CD9000102C
:10909000CD900010CD900010CD900010CD9000101C
:1090A000CD900010CD900010CD900010CD9000100C
:1090B000CD900010CD900010CD900010CD900010FC
:1090C00000BE00BE00BE00BE00BE00BEEFF30580C5
:1090D000103800BEF2EB8871B0F20110D0F201102E
:1090E0003891001090A31AE71E481F49086006C86F
:1090F00081F3088810471D480068002801D01948EE
:10910000F3E70DA40ECC002902D000F012F8F9E725
:109110001749184A002000E001C19142FCD11649CC
:109120008847164988471649884700BEFDE701C9A8
:1091300001C29A42FBD37047D0F20110C000002058
:1091400008190020180B0210000004200000042061
:10915000180B021000100420001004200000000072
:10916000704700000000000008ED00E0000000D0A3
:1091700008190020083D002095DF0010D50D0110D2
:1091800055DF0010F8B5C04606480749091A8B108C
:10919000C90FC91810B5491003D0044B002B00D0DB
:1091A000984710BD08190020081900200000000091
:1091B000054B10B5002B03D00449054800E000BF63
:1091C000FFF7E2FF10BDC04600000000803B00201A
:1091D00008760110C16381637047C04610B5006A0C
:1091E00003F08CF910BDC04610B5406A03F086F953
:1091F00010BDC0467047C04610B50400482103F0BA
:109200008DFA200010BDC04670B50B78040082B006
:10921000481C642B39D0732B20D0532B1CD101AAAE
:10922000304908F065FE019800B202F0C9FC002246
:109230002D4B02F030FC02F043FD051C03F096F9C3
:1092400002000B00294807F017FE2368284A9B6894
:10925000934242D1E563A56302B070BD2668254AFA
:10926000F368934230D1206A03F048F9050033696E
:10927000214A93422DD1606A03F040F902001F4B4E
:109280002900180007F0F8FDE6E701AA154908F0E3
:109290002FFE01991A4807F0EFFD0520019D01F00E
:1092A0009DFFFA21890002F0A9F9684302F084FCCD
:1092B0000022144B02F0EFFB02F09AFC0100206444
:1092C000114807F0D9FDC7E7200098472668050038
:1092D000CDE7200098470200D1E72000291C9847DD
:1092E000BAE7C0460876011000408F4010760110A2
:1092F000D5910010DD910010E99100104076011029
:109300001C76011080842E412C760110F8B50400E3
:10931000DE4657464E464546BD4B616B5A6AE0B540
:10932000006B914266D89B6A834200D24BE1A56AEA
:1093300001F088FDFA2206000F00002392002800A9
:10934000002103F04DF8801979410B0080210200C3
:1093500009068B4202D30122AE4B52426363AE4DEB
:10936000A36922631A3B2A681B035340E022D201FF
:109370001340AA4A13600422A94B1A60FC322B68DE
:109380001342FCD06868276A0004000C02F018FC45
:10939000E66A02F095FC391C03F03FF8311C03F03B
:1093A00056F8391C03F03CF8E3692A681A3B1B03A2
:1093B0005340E022D2011340984A206213600422F5
:1093C0008021974B49001A60934A13680B42FCD0E6
:1093D0005068656A0004000C02F0F2FB02F070FCB9
:1093E000291C03F01AF8311C03F031F8291C03F092
:1093F00017F860624423E35C002B00D18AE0E36B42
:10940000256C9B4660682818013003F055F85B46D0
:109410005900490803F01BF803F070F8451BEB43B3
:10942000DB171D40A368276999465B0806009A462A
:1094300000217B085846984603F038F800286FD082
:109440004B461F2B00D8C2E003235246134008337B
:109450009A00D218734B9200D1184846012303405A
:109460007148013B8446DB030968DB0B63440B4016
:109470006E498C4662441360E3685A081F2B00D97A
:10948000B4E0072111406A48DB07DB170340694855
:109490008A0084465218634992005118096863444F
:1094A0000B4062498C46624413601F2F00D998E03C
:1094B000072243461A4093009B185A4A9B00944641
:1094C00036046344360CFF0700D493E05649360453
:1094D0001A6872400A40802149018C4661696344E0
:1094E0001A604B081F296AD807221A4093009B185C
:1094F0004C4A9B0094462D0463442D0CC9076ED53D
:1095000049492D041A686A400A40802149018C4665
:1095100063441A60F0BCBB46B246A946A046F8BDFB
:109520001F2F58D9032243461A4008324049FF07EB
:10953000FF170F403F4993008C469B18394A9B0008
:109540009A18126867441740384A944663441F606B
:1095500063695A081F2B56D8072111403448DB078E
:10956000DB17034033488A00844652182D49920085
:109570005118096863440B402C498C4662441360BF
:109580004B461F2B3AD8072253461A4093009B188C
:10959000244A9B0094464A4636046344360CD2075C
:1095A0002AD5214936041A6872400A4080214901AF
:1095B0008C46E16863441A604B081F2994D9032242
:1095C0001A40083292E7914200D0B0E612E7072332
:1095D000524613403CE7072243461A40A6E7154986
:1095E00090E7032243461A40083264E70321114002
:1095F000083148E70F496BE70E49D4E70322534689
:109600001A400832C2E7032111400831A6E7C046DC
:1096100000400540FFFFFF7F00C0044000D0044031
:1096200000E004400C0005400000FFFF0C10054066
:109630000100FEFFFFFF000010B5052001F0CEFD88
:10964000FA21890001F0DAFFC823584302F0B4FA86
:109650000022064B02F01FFA02F0CAFA044B010086
:109660001864044807F008FC10BDC04680842E41F1
:10967000982400202C760110F0B5DE4657464E4661
:109680004546E0B5D54CD64B61685A6A206883B030
:10969000914228D89B6A834200D214E20121D14A28
:1096A00013784B40137000D117E2D02380221B06A1
:1096B00092045A61CC4B1D6801F0C4FBFA220600EB
:1096C0000F00002392002800002102F089FE80197B
:1096D00079410B008021020009068B4202D301224E
:1096E000C24B52420CC4C24CBD4B616B5A6A206BD8
:1096F000914266D89B6A834200D2F4E1A56A01F0E8
:10970000A1FBFA2206000F0000239200280000218E
:1097100002F066FE801979410B00802102000906E3
:109720008B4202D30122B14B52426363B14DA36914
:1097300022631A3B2A681B035340E022D2011340E4
:10974000AD4A13600422AD4B1A60FC322B68134201
:10975000FCD06868276A0004000C02F031FAE66A5F
:1097600002F0AEFA391C02F058FE311C02F06FFE16
:10977000391C02F055FEE3692A681A3B1B0353406B
:10978000E022D20113409C4A20621360042280210F
:109790009A4B49001A60974A13680B42FCD05068F4
:1097A000656A0004000C02F00BFA02F089FA291C29
:1097B00002F033FE311C02F04AFE291C02F030FE9A
:1097C00060624423E35C002B00D18DE0E36B256CE9
:1097D0009B4660682818013002F06EFE5B46590017
:1097E000490802F034FE02F089FE451BEB43DB170B
:1097F0001D40A368276999465B0806009A46002128
:109800007B085846984602F051FE002800D107E137
:109810004B461F2B00D86AE10323524613400833FE
:109820009A00D218764B9200D11848460123034083
:109830007448013B8446DB030968DB0B63440B403F
:1098400071498C4662441360E3685A081F2B00D9A3
:109850005DE1072111406D48DB07DB1703406C48D1
:109860008A00844652186649920051180968634478
:109870000B4065498C46624413601F2F00D941E1BB
:10988000072243461A4093009B185D4A9B0094466A
:1098900036046344360CFF0700D43CE159493604D2
:1098A0001A6872400A40802149018C46616963440C
:1098B0001A604B081F2900D901E107221A409300C2
:1098C0009B184F4A9B0094462D0463442D0CC907F6
:1098D00000D415E14B492D041A686A400A408021E2
:1098E00049018C4663441A604A4C2300A83303CBD9
:1098F0003B4B5A6A914265D89B6A834260D32300EE
:10990000454AA833106851680022186059609823AE
:10991000E2549C23E558002D58DD2300A03303CBEF
:109920002F4B5A6A914251D89B6A834201D291428D
:109930004CD001F087FAA023FA2206000F009846C7
:10994000920000232800E91702F04AFD80197941AE
:109950000B0080210200A04409068B4202D30122A1
:10996000224B5242414601A80A604B602B4A022317
:10997000042104F077FA07F087F903230A2101AAEA
:1099800008F0D0F801229823E2542033E55801F082
:1099900059FAFA2206000F00002392002800002145
:1099A00002F01EFD801979410B0080210200A834CD
:1099B00009068B4202D301220C4B52420CC405E033
:1099C00091429CD19823E35C002BA2D003B0F0BC61
:1099D000BB46B246A946A046F0BDC04608190020C5
:1099E00000400540F93C0020980F0020FFFFFF7F5A
:1099F0009824002000C0044000D0044000E004404F
:109A00000C0005400000FFFF0C1005400100FEFFA8
:109A1000FFFF000010190020D07A011054760110C9
:109A20001F2F68D8072243461A404149FF07FF17F6
:109A30000F40404993008C469B183F4A9B009A1860
:109A40001268674417403D4A944663441F60636947
:109A50005A081F2B68D8072111403548DB07DB1750
:109A6000034034488A008446521833499200511802
:109A7000096863440B4031498C46624413604B468D
:109A80001F2B4CD8072253461A4093009B182A4A92
:109A90009B0094464A4636046344360CD2073CD5B4
:109AA000274936041A6872400A40802149018C46D1
:109AB000E16863441A604B081F2900D8FDE60322C1
:109AC0001A400832FBE6914200D10CE601211D4A02
:109AD00013784B40137000D0E7E5D02380221B069B
:109AE00092049A61E6E5914200D007E669E6072311
:109AF0005246134094E6032243461A40083294E744
:109B00000C49E9E6032243461A400832BBE603212A
:109B1000114008319FE60749C2E60649C2E7032221
:109B200053461A400832B0E703211140083194E748
:109B30000100FEFFFFFF00000C0005400C10054077
:109B40000000FFFFF93C0020F0B50378040083B06B
:109B50004D2B00D16CE00BD80130422B36D0452B79
:109B600004D1794B0100180007F086F903B0F0BD6D
:109B7000682BFBD102230421744A684604F072F971
:109B800007F082F803236A460A2107F0CBFF01227F
:109B900098236F4CE2542033E55801F053F9FA2230
:109BA00006000F00002392002800002102F018FC9C
:109BB000801979410B0080210200A83409068B42EC
:109BC00002D30122634B52420CC4CFE70139012971
:109BD000CCD907F033F80A28C8D1E378201D712BBF
:109BE00078D0742B00D19DE0482BBFD16A465A49EA
:109BF00008F07EF90128B9D1009A019B544C2260EB
:109C0000636001F01FF92300B0331860596023002E
:109C1000524AA8331068516800221860596098238E
:109C20000A21E2544E48009A019B07F025F99DE76E
:109C300043780230642B1ED0732B3CD0532B00D0C2
:109C400094E76A46474908F053F9009800B201F0DA
:109C5000B7FF0022444B01F01EFF02F031F8041C54
:109C600002F084FC02000B00404807F005F9404B6D
:109C7000DC639C637AE76A463A4908F039F900994F
:109C80003C4807F0F9F80520009C01F0A7FAFA21FA
:109C9000890001F0B3FC604301F08EFF0022364BD7
:109CA00001F0F9FE01F0A4FF314B010018643348C4
:109CB00007F0E2F85AE72E4D686A02F01FFC040034
:109CC000286A02F01BFC2E4B01002200180007F04E
:109CD000D3F84BE76A46234908F00AF9012800D077
:109CE00044E79C23009D1A4CE55001F0ABF8FA22A2
:109CF00006000F00002392002800002102F070FBF4
:109D0000801979410B0080210200A03409068B42A2
:109D100002D301220F4B52421A4800990CC407F09B
:109D2000ABF823E7184B1C685D6801F08BF8FA224A
:109D3000001BA9410023920001F086FC134B010097
:109D4000180007F099F811E75C76011054760110BD
:109D500010190020FFFFFF7F64760110D07A0110F8
:109D60006C7601100876011000408F4010760110CB
:109D7000982400201C76011080842E412C7601103E
:109D80004076011088760110C0190020A0760110DD
:109D9000F0B5D6464F4646466C4C6D4BC0B50520D7
:109DA000236001F01BFA6B4901F028FC002399465F
:109DB000A3600333636198461733A3610133E36102
:109DC0000023012502260C2723626362A363E36359
:109DD0004423614A042160600020E262E554E560AA
:109DE0002661A662276400F0C1F8D0231B069A46BC
:109DF0005D620421012000F0B9F8534604205E6240
:109E0000A288564B1A611A689643554A166019681B
:109E1000266941400F4049461760D9601B689D4341
:109E2000156065691F2E3ED81F2D00D882E044239F
:109E30000022E25408F040F8A5691F21280000F034
:109E400095F800222800002100F0AAF8280000213F
:109E500000F0BAF8E4691F21200000F087F8002222
:109E60002000002100F09CF82000002100F0ACF858
:109E7000002298213B4B00205A5404315A501A00BA
:109E80000021A032106051601A003749A8320868DA
:109E9000496810605160B8220A219950E0BCBA4666
:109EA000B146A846F0BD1F2DC1D9434642467708AA
:109EB0001F406B08134008370833BB42B7D101235A
:109EC00098463340994643462B409945AFD03000E1
:109ED000042100F04BF84346B340D0263606042157
:109EE0002800736200F042F84346AB4073621423CB
:109EF0007B436268194992B259180A6102220868C4
:109F000082431748844663441A604A460868002A18
:109F100016D0082242400C2002401A6014220F483A
:109F20007A43844600206244D060012209688A4353
:109F30001A607FE7072277086B0817401340BCE7D9
:109F4000043242400C2002401A60E7E798240020C7
:109F5000B47A0110C8AF0000CDCCCC3D0000054064
:109F60000010054010190020D07A0110094A830022
:109F70009A1810B514684022544080322240064C92
:109F8000C000A44663441A60044B9C466044416090
:109F900010BDC04604C0014004D001400040014053
:109FA000074B8000C3181B68C90092000A435A403F
:109FB0000C231340034A9446604403607047C04634
:109FC00004C0014004D001408000002905D0064BA8
:109FD0009C464023604403607047044B9C464023EA
:109FE00060440360F8E7C04604E0014004F001402B
:109FF0000123D0228340120693629361094A8300B1
:10A000009A1811684022514080320A400649C00027
:10A010008C4663441A60054B9C46052360444360AC
:10A020007047C04604C0014004D0014000400140D8
:10A030008023DB051868000F7047C0460FB400B5D9
:10A04000084883B004F074F9049B002B07D005A9DD
:10A050001800019103F04AFF034804F069F9012058
:10A0600003F05CFFC07601109C76011070B5EFF331
:10A07000108C72B60D4D2B68002BFCD0BFF35F8F98
:10A080000724CB08C618C05C01230C40A3401C0069
:10A090000440034207D118433070BFF35F8F2C6038
:10A0A0008CF3108870BD1000FFF7C8FF2C0100D0A2
:10A0B000F8B54746CE46884680B5EFF3108C72B6A9
:10A0C000214D2C68002CFCD0BFF35F8F9A422CD816
:10A0D000D4080727055D061901241740BC402C420F
:10A0E0001FD007210127894609E0D408055D06191C
:10A0F0004C4639001440A1400C00294211D00132D5
:10A100009342F2D201204042BFF35F8F00220E4BF8
:10A110001A608CF3108800280FDBC0BCB946B0462B
:10A12000F8BD254310003570EEE7BFF35F8F0023C5
:10A130002B608CF31088012040424346002BECD06A
:10A140000898FFF77BFFC0462C0100D0044A107826
:10A15000431CDBB2172B00D9102313707047C04685
:10A160009C0F002010B5064B064C82B001000093F6
:10A1700018221F232000FFF79BFF02B010BDC0462E
:10A18000D0760110FC2E00200021044B044ABFF3BE
:10A190005F8F02C39342FAD17047C046000100D0DE
:10A1A000800100D0054B064A1360064A13605360D5
:10A1B0009360D360136153619361704780808080A6
:10A1C00000E400E004E400E01F2318401E3B83404D
:10A1D000002905D0C021044A49005350136070473C
:10A1E000802201498B50FAE700E100E00122824021
:10A1F000034B1B6813405A1E9341D8B27047C046A8
:10A2000000E100E001238340014A13607047C0462B
:10A2100000E200E0064B10309B688000C358054AFE
:10A2200000209B1A2F229A424041C0B27047C0467C
:10A2300000ED00E0A00F002070B50D00EFF31086D8
:10A2400072B60F4A1368002BFCD0BFF35F8F0D4B23
:10A2500010309B6884001B590B4A934203D09D42E7
:10A2600001D001F0C5F8074B9B681D51BFF35F8F0C
:10A27000BFF35F8F0022024B1A6086F3108870BD17
:10A28000240100D000ED00E0CD900010F0B557465D
:10A290004E46DE464546E0B585B006000091170003
:10A2A000EFF3108B72B66A4A1368002BFCD0BFF331
:10A2B0005F8F0025674B5D579A46002D00DAA9E0B5
:10A2C0006B00654C01935B199B009846A146C14405
:10A2D0004B4652469B7910361370604BB6009B6814
:10A2E00099590B1B2F2B33D95D4B994200D0ACE011
:10A2F000019B42469C465B4B6544AD0063535A4B01
:10A300000232A218043B9B1A1B05584A5B0D6519C3
:10A3100013436B80564B0121AB80FF23AB71009B35
:10A32000EF71AB604B460B4319004C4B9B68995146
:10A33000BFF35F8FBFF35F8F0022454B1A608BF333
:10A34000108805B0F0BCBB46B246A946A046F0BD99
:10A3500001200A008243D3798C46BB4231D845465E
:10A36000130044491B1B5B415943090D3D4B63538B
:10A370003D4B02356519043B5B1B1B053B4D5B0DDB
:10A380002B43AA464D466B800425AC465546E04417
:10A39000131F44441B1B1B055B0D1D434B4699714A
:10A3A00000999D8099604946DF71334B01431360EA
:10A3B000BBE75800C01880002018C179B9422FD9D6
:10A3C00002000623D356002BF3DA02932B4B61468F
:10A3D0000393131D9A4604235B429C46E144504676
:10A3E0004B461B1A1B055B0D9C46204B95719846EE
:10A3F0006346404603439380019B5A199200039B96
:10A40000A418A380029B1C4AA371009B2260E771E1
:10A41000A3608AE700F0ECFF002553465D574FE745
:10A42000908802934005131D9A46031561469C4689
:10A430004046D444634604302018181AE02300052F
:10A44000400D1B0218430390C5E700F0D1FF4FE712
:10A45000240100D0FF3C0020A00F002000ED00E010
:10A46000CD90001000A1FFFFD00F002000E0FFFF03
:10A4700001BDFFFFAAAA00000148804701BD0000FE
:10A4800070B501240443EFF30581EFF3108C72B62D
:10A49000214A1368002BFCD0BFF35F8F1F4B0500D0
:10A4A0001F4AED1A6D416A43120D1E4D8900AE68B8
:10A4B00052B27658A6421CD00621595691421CD061
:10A4C00012215956914222D01E215956914220D034
:10A4D0002A2159560324914210D0134B19781A702F
:10A4E0008171BFF35F8F00220B4B1A608CF31088D1
:10A4F00070BDAB680D4C5C50EFE70024610009199A
:10A5000089005B18FF21997109499980E5E70124C9
:10A51000F4E70224F2E7C046240100D0A00F002097
:10A52000AAAA000000ED00E0FF3C0020CD90001042
:10A5300001BDFFFF10B5084B084C82B0010000932D
:10A54000002205232000FFF7B3FD002801DB1F23B5
:10A55000181A02B010BDC046EC760110043D002070
:10A56000024B9C4661448900016070474000003402
:10A5700070B5114C114DAC420FD2FF262368002B51
:10A580000CD0FFF7E3FD01002000FFF7E9FFA680F4
:10A59000BFF35F8F0834AC42F0D370BDFFF7D6FD38
:10A5A00001002000FFF7DCFF2671BFF35F8F083446
:10A5B000AC42E3D3F1E7C046A8180020B818002049
:10A5C00010B50400FFF7C2FD01002000FFF7C8FF2F
:10A5D000FF232371BFF35F8F10BDC04610B5040089
:10A5E0000120FFF7BFFD034BC3189B002360BFF39F
:10A5F0005F8F10BD40000034034B9C4661448900CE
:10A600000160BFF35F8F7047400000340A4B196848
:10A61000EFF3108072B60A68002AFCD0BFF35F8F98
:10A620001B68BFF35F8F00221A6080F3108840BF61
:10A63000002000217047C046BC3B0020F0B5DE463C
:10A6400057464E464546E0B583B0EFF305820323F7
:10A650001340B54A990052580091904601229A4001
:10A660009346B24B1A60B24B01935B46B1484363C9
:10A67000434608229B5E9946002B3ADA43469B8864
:10A680001BB2002B00DB9DE043469B79002B00D0E2
:10A69000E1E0434608241C5F002C20DB43465A6956
:10A6A00063001B19DB00D3189D68DC686B1C00D1AC
:10A6B00003E1A048009984466144826A0B69AE1A9E
:10A6C0009B1A9E4213D35A46036A1A420FD09948E6
:10A6D00000F0B0FB8C4202DCC7D18542C5D940BF37
:10A6E00003B0F0BCBB46B246A946A046F0BD0D6122
:10A6F000EDE7424652695B0092464B44DB009A44C8
:10A7000053469E68DF6800F095FB8F42B6DC00D1AF
:10A71000F8E0002F00DAD9E05246534654691B692D
:10A72000019A934200D1CCE0414652460820085E8F
:10A730005288000421001043984704000D002300B4
:10A740002B4300D1C2E0002D00DBDFE030003900F8
:10A75000001BA94153469860D96000229A5E002AE6
:10A7600000DA8BE743465D6953009C18E4002C191E
:10A77000A768E4688C4200DD80E702D1874200D9F7
:10A780007CE74646328108360DE08C4200D1C6E0B7
:10A790001E000023F25E002A0ADB53009C18E4002E
:10A7A0002C19A768E4689B18DB00EB188C42ECDDE1
:10A7B00053461A804B46338043469B881BB2002B7E
:10A7C00000DA61E743461A69EFF3108172B6136845
:10A7D000002BFCD0BFF35F8F43469E880123424687
:10A7E0005B42938036B21369BFF35F8F00221A6019
:10A7F00081F31088002E00DA46E743465D6908338E
:10A8000042469C467700BF19FF00EF19BB686046BF
:10A8100098460823D15E9246FC68002907DA0EE0CC
:10A82000A24246D018000023C15E002906DB4B007F
:10A830005B18DB00EB18DA68A242F1DD52460680B5
:10A840000023FE5E3980002EDCDA904643469B7979
:10A85000002B00D11DE70023424693714346464634
:10A860000821595E08364B1C00D138E74746894617
:10A87000556902E006004B1C18D04B005B18DB004A
:10A88000E8180A008C46E95E43881BB2002BF1DA17
:10A8900001235B42DC178360C4604A4503D03180EA
:10A8A0003B8903803A81E1464B1CE6D1B8464C46D1
:10A8B000F2E69A684245B5D9C0E7631C00D0F8E6D5
:10A8C00005E7200023699847002825D153464246D2
:10A8D0001B8813811269EFF3108372B61168002987
:10A8E000FCD0BFF35F8F4246514652880A804246F1
:10A8F000494651801269BFF35F8F0021116083F3D5
:10A900001088BBE6864200D803E7B7E6094800F0A6
:10A9100091FA001969411DE7656824680FE78742CD
:10A9200000D835E744E7C046A03B00203C70054016
:10A930003DA600100040054070B52E4C2569002D45
:10A9400004D00A212C48FFF70BFE70BD2B4E0321CB
:10A95000300000F065FAE660FFF7F8FB284B0322B1
:10A960009C46D02322701B061B6801216370254B77
:10A970006044A3600F23800020610220638063692C
:10A980004942A18019800231198647311D835852EE
:10A9900018315A5275325C39995218320131995234
:10A9A0001832013199521832013199520835183252
:10A9B0009D5202311832995218320131995218328F
:10A9C000013199521832013199521832013199529C
:10A9D0001832013199520C4B0C49DC600130356260
:10A9E000FFF72AFC01210320FFF7EEFB084B1D6057
:10A9F000A7E7C046E80F0020BC3B00200040054010
:10AA000040000034FFFF1000A03B00203DA60010D6
:10AA10003860054000487047E80F0020F8B51F0077
:10AA200008AB1B7804001600002B08D100F00AFACE
:10AA300032003B00121A8B41002B00DA53E02269EE
:10AA4000EFF3108072B61368002BFCD0BFF35F8F5A
:10AA50000223E15E63694A005218D2009B18002964
:10AA600037DB1A8862802269BFF35F8F002515608B
:10AA700080F31088069A9E60DF601A61079A5A6117
:10AA80005A8801325204520C101C002A1FD082B284
:10AA90005880080410432669EFF3108772B63268B5
:10AAA000002AFCD0BFF35F8FA2881A80A18023699F
:10AAB000BFF35F8F00221A6087F310880B49237859
:10AAC0008C4601329A40E36863441A60F8BD012065
:10AAD000DDE72369BFF35F8F00221A6080F31088DF
:10AAE00001204042F2E70020F0E7C0463C20000091
:10AAF00070B501000469EFF3108C72B6206800286D
:10AB0000FCD0BFF35F8F02200D5E4C6968004019D6
:10AB1000C0002418002D37DB208848800869BFF367
:10AB20005F8F002606608CF31088E36063880498CA
:10AB3000013320615B0405985B0CA26060611A1C04
:10AB4000002B1FD093B22804628018430A69EFF3E8
:10AB5000108C72B61368002BFCD0BFF35F8F8B880C
:10AB600023808D800B69BFF35F8F00221A608CF306
:10AB700010880B7801329A40CB6808498C466344B0
:10AB80001A6070BD0122DDE70B69BFF35F8F002201
:10AB90001A608CF3108801204042F2E73C2000004C
:10ABA00010B543890A1493421ADD53009B18426979
:10ABB000DB00D3180469EFF3108C72B62268002A08
:10ABC000FCD0BFF35F8F5A88090494B2090C8A4203
:10ABD00008D00369BFF35F8F00221A608CF31088DE
:10ABE000002010BD8022120214435C800123026900
:10ABF0008371BFF35F8F002111608CF310880449CB
:10AC000002788C469340C268012062441360E8E7F2
:10AC10003C20000040787047F0B504000D00062687
:10AC20007642F717C64636196F4100B582B08F429B
:10AC300014D811D000F006F932003B00121A8B41F3
:10AC4000002B17DC002B47D02000290000F038F93A
:10AC500002B080BCB846F0BD8642EBD9002200238A
:10AC600016001F0000F0EEF832003B00121A8B4174
:10AC7000002BE7DD00F0E6F832003B00121A8B41B2
:10AC8000002B0ADB00230193154B3200009315487B
:10AC90003B00FFF72DFF0028D6DB00239C46B04683
:10ACA000114A124E736A9F4204D8B16A8845CBD9C3
:10ACB0009F42C9D11168EFF3108072B60B68002B68
:10ACC000FCD0BFF35F8F1368BFF35F8F61461960DD
:10ACD00080F3108820BFE5E7002AB5D0CAE7C04658
:10ACE0000DA60010E80F0020BC3B002000400540EE
:10ACF00070B5060000F0A6F8FA2204000D0000234B
:10AD000030000021920001F06BFB802300196941A3
:10AD10001B06994202D3012002494042FFF77CFF03
:10AD200070BDC046FFFFFF7FF0B5D6464F46464692
:10AD3000C0B504000D0082B0EFF305878946002FEF
:10AD40000ED0344900204B6AAB4203D38A6A0130EB
:10AD5000A24226D302B0E0BCBA46B146A846F0BD36
:10AD60002D4B9846DB689A46434650461E7800F0C5
:10AD700061F80B00514602000436B60071582000FD
:10AD80008E1A2900801A99418F4211DC0ED020BF03
:10AD9000204A0020536A4B45DCD3926A0130A2421C
:10ADA000D8D25B1B5A1E9341D8B2D3E78642EED964
:10ADB00000F048F822002B00121A8B41002B1ADBFE
:10ADC00000230193154B2200009340462B00FFF710
:10ADD0008FFE011E0FDD0F4B5A6A4A4517D39B6A3F
:10ADE000A34212D34046FFF7DBFE0A4A0020536A13
:10ADF0004B45AFD3D1E7074A0020536A4B45A9D34F
:10AE0000926A0120A242A5D2CBE74A45EAD120BFEF
:10AE1000E8E7C04600400540E80F00200DA60010FE
:10AE200010B5024A0248FFF721F910BD087701105A
:10AE3000002F00200300416A0A00986A596A8A427A
:10AE4000FAD17047034B596A0A00986A596A9142CD
:10AE5000FAD170470040054070B504000D00174A54
:10AE6000536A1900966A536A8B42FAD1300019006E
:10AE700024184D41AB4216D813D0104A2B00526A09
:10AE8000954203D90D494A6A9A42FCD39A4207D1A6
:10AE90000A4A02E0516A994202D1916AA142F9D369
:10AEA00070BDA642E9D9054B5B6A1C005A1CEFD065
:10AEB000012301246442E5175B42E3E700400540BB
:10AEC000064A536A9942FCD807D1044B02E05A6AF9
:10AED000914202D19A6A8242F9D3704700400540FC
:10AEE000F8B5040006200D0000F078F9002844D0E1
:10AEF000374B3849E3185A1E934180221204944676
:10AF00005B429B0D344A9B0563441360334A1360D4
:10AF100018000A689043FBD12D4B314AE31859427F
:10AF20004B4180215B0049000620995200F056F900
:10AF30002900C00000F062FB0130C3091ED1402788
:10AF400001226262A362266BF30722D4E36A254BD7
:10AF50000620E51800232B60266300F03FF9390036
:10AF6000800000F04BFB7023E26A5A400E3313401E
:10AF70002B601D4B23630323A364F8BD1B4A93423C
:10AF80001ED900231A4A1B4F6262A362266BF30785
:10AF9000DCD5194B144AE3181A60656AA36A0620C7
:10AFA000AD01ED1800F01AF9144900F027FBAD02CD
:10AFB0000100280000F022FB0021FFF74DFFC5E74C
:10AFC0004006800E9F011A003F180300B9E7C046F3
:10AFD0000080FCBF08C0004000E0004000F00040DE
:10AFE000E43C00202C10000001030000FEFF0000E4
:10AFF000FFFF0000C0FF3F00303000004E0E000099
:10B00000F8B5DE464E4657464546E0B58B46050048
:10B010000A991800160000F0F1FA0A9B6C001F0252
:10B02000324B64199C46A4006444636881469F4285
:10B0300000D967602B1FDBB29846012B30D9C023A3
:10B0400080229B01E31812011A60294BAD00595967
:10B050009A4600291BD17301E026226853401E4006
:10B06000802342465B01E3181E60012A30D9802309
:10B0700080229B01E31812011A6053464A4667601A
:10B080005A51F0BCBB46B246A946A046F8BD586925
:10B0900000F0B4FA013043001B18033BFDD2DAE79D
:10B0A0005B46012BCBD1C02303229B01E3181A601E
:10B0B000023AA3681A42FCD07301E0262268AD0070
:10B0C00053401E4080230A4A5B019246E3181E60EB
:10B0D0005A462168514003220A401A6001225B4609
:10B0E0009A40A3681A42FCD0C1E7C04600800040E5
:10B0F000042F0020F0B546464F46D646C0B51F0087
:10B10000344B44009C462418A40064446368884679
:10B110001600FF2B02D880235B006360031FDBB2A5
:10B120009A46012B30D9C02380229B01E3181201DB
:10B130001A60294B85005959994600291BD1730182
:10B14000E026226853401E40802352465B01E318EC
:10B150001E60012A30D9802380229B01E31812014E
:10B160001A6080235B0063604B465F51E0BCBA46C7
:10B17000B146A846F0BD586900F040FA01304300DE
:10B180001B18033BFDD2DAE74346012BCBD1C0238A
:10B1900003229B01E3181A60023AA3681A42FCD00A
:10B1A0007301E0262268850053401E4080230A4A2E
:10B1B0005B019146E3181E6042462168514003221C
:10B1C0000A401A60012342469340A2681342FCD011
:10B1D000C1E7C04600800040042F0020014B8000E2
:10B1E000C0587047042F0020F8B5040021481E0005
:10B1F00017000D0000F002FA0100380000F0FEF91F
:10B20000069B36041B031E432368002B20DB1A4BCE
:10B210001A49E3185A1E93418022920194465B42D8
:10B220001B0B174A1B0363441360164A13601F006D
:10B230000A689743FBD1144B2560E2182123A060D4
:10B2400013602368002BFCDA0823E6601360F8BD66
:10B250003F2322681340AB42D9D1A3681B051B0DC5
:10B260008342D4D1EE22E368D2021340B342CED15E
:10B27000EDE7C046001BB7000040FDBF08C000401E
:10B2800000E0004000F000400430000010B58024D1
:10B290001C4BE4051C6000281AD001231A4C1843EB
:10B2A0001A4BDC611A4C44401C625962986280213E
:10B2B000144BC9051960174817490860E021C904F3
:10B2C0001960002A07D18022144B12061A6010BDA3
:10B2D0000E4BD861EBE753019B1A9B009A18802311
:10B2E00012015B049A4209D213000D490B60074B0F
:10B2F0005A608022094BD2051A60E8E7094B1A0010
:10B30000F3E7C04600B00540D3C007B00080054059
:10B310002D3FF84FFCFF01000820014000A0054030
:10B32000743B0020FFFFFF008023024A9B000B4379
:10B33000D362704700800540142310B501001888BF
:10B3400004331B88984710BD162310B501001888D8
:10B3500002331B88984710BDF8B54746CE4680B5E6
:10B360000F1E19D01423994604330400002501262A
:10B3700098464B461888434621681B88984701C465
:10B38000431E9841013540420640AF42F1D13000A2
:10B39000C0BCB946B046F8BD0126F8E7142370B525
:10B3A0000400188804331B880D00054998470300E2
:10B3B0000020002C01DB0130A04029009847C04646
:10B3C00055420000AA23064A1B0113608D235B002F
:10B3D000D3600449044B19605368002BFCDA7047B2
:10B3E0000040024000B0FA00006002407047C046D2
:10B3F00010B50148FEF722FE2C77011070B5074DFD
:10B40000074EB54209D20024013E761BB60808CD8E
:10B41000984723000134B342F9D170BDB818002019
:10B42000F4180020054B064A06491A60064A074BE5
:10B430001A6010000B689843FBD1704700E0004091
:10B44000BFCDFBFE08C00040FE7F3C0000F0004086
:10B45000044BDB6C002B03D18022034BD2021A6019
:10B460007047C046000011504C201150044A054B53
:10B470001A60054A1368DB018033FBD17047C04670
:10B48000FFFFFF0100F0004008C000404022034BD6
:10B490009A675A671A67DA667047C04600F001403B
:10B4A00010B5FEF771FE10BD70B5044D044CA968CF
:10B4B000C022200001F02CF9AC6070BD00ED00E06E
:10B4C00000000020002310B5294C82B0A367FFF7CD
:10B4D00079FF0122274B1A60636C012BFCD10322F8
:10B4E000254B1A60224A936B012BFCD10133009348
:10B4F0000121224A22480433FFF776FE0523012169
:10B500000093204A2048FFF76FFE0022022104200A
:10B510001E4BFFF7EFFD0022012105201C4BFFF71A
:10B52000E9FD0022002107201A4BFFF7E3FD00226E
:10B5300000210820174BFFF7DDFD8023DB0000937F
:10B54000002200210920134BFFF75AFD0022104B67
:10B5500000210620FFF7CEFD0420FFF73FFE0E4935
:10B5600000F04CF801000020FFF7DEFE02B010BD35
:10B57000008000403CB0004030B00040002F6859CF
:10B5800000800240008C864700C00240001BB700CC
:10B5900040597307006CDC0240420F00014804214F
:10B5A000014B18470010002059B30010124A936F46
:10B5B0009B0815D29066D166002905D0FFE7FFE70A
:10B5C000FFE7516F106F704704B580210906C2175D
:10B5D0005140002800D0C8430BF0D6FF002104BD25
:10B5E000F0B5146E556E576F166FFFF7E3FF1466D4
:10B5F000556657671667F0BD000000D0114A936F7B
:10B600009B0813D210665166002905D0FFE7FFE7BB
:10B61000FFE7516F106F704704B5002801D000207C
:10B62000C0430BF0B1FF002104BDC046F0B5146E5D
:10B63000556E576F166FFFF7E5FF1466556657672F
:10B640001667F0BD000000D094464A4A926F9208F7
:10B65000624601D228E0C046F0B5464E346E756EA3
:10B66000776F366F00F020F89446424A14665566AC
:10B67000576716676246F0BD94463E4A926F92083D
:10B68000624601D254E0C046F0B53A4E346E756E53
:10B69000776F366F00F04CF89446364A146655665C
:10B6A000576716676246F0BD002B24DB11D00029D6
:10B6B0003EDA00B5C943404200D1013100F038F80C
:10B6C000C943404200D10131DB43524200D1013332
:10B6D00000BD002AEBD1002801D1002905D00020AF
:10B6E000C90FC90701D1C043410800B50BF034FFB1
:10B6F0000022002300BD00B500290ADBDB435242D3
:10B7000000D1013300F014F8C943404200D10131A7
:10B7100000BDC943404200D10131DB43524200D158
:10B72000013300F005F8DB43524200D1013300BD84
:10B73000002923D1002B18D1002A0CD0BC460D4F74
:10B7400038667A6600210023FFE7FFE7FFE77A6F9C
:10B75000386F67467047002801D00748010000B5E0
:10B760000BF0FAFE0022002300BD02000B000020B7
:10B7700000217047000000D0FFFFFFFF002B00D02A
:10B78000BFE0130C28D1002AE7D080B4114F3966EE
:10B790007A66FFE7FFE730B4040C7B6F396F1B0458
:10B7A00023433B667A66FFE7FFE7FFE7C04684B2C4
:10B7B0007B6F3D6F1B0423433B667A66FFE7FFE721
:10B7C000C04600232C042D0C7A6F386F0019694194
:10B7D000B0BC7047000000D0F0B594460025140EB0
:10B7E00001D112020835140F01D112010435940F52
:10B7F00001D192000235D40F01D152000135D40B92
:10B800000134254F7C66254C3C660E0C93B2FFE755
:10B81000FFE7FFE73C6F6643360C7703BE46734392
:10B82000DF0B5B04C01AB941130C7343DB18C91A50
:10B83000CE086643360CB64493B273431F0F1B0108
:10B84000C01AB941130C73431F0B1B05C01AB94131
:10B85000860D8F023E436643360C092D24DB520AC7
:10B860007243801A7703460A6643360C16235B1B25
:10B87000DE40DF40BF1964466643821B70460435D4
:10B8800006330100D940A840C01900D30131A242BB
:10B8900006D20023F0BD0000000000D0FFFFFFFF34
:10B8A000121B0130F3D3F1E709277F1BFE406446EA
:10B8B000A2B27243801A00D20139220C7243130CD7
:10B8C0001204821A99410B007046043513370100A7
:10B8D000F940A840801900D30131002B02D1A242C7
:10B8E0000AD2F0BD013000D30131121BFAD2013B64
:10B8F000F8D1A24200D2F0BD013000D30131121BB9
:10B90000F7E7F0B51C0C00D080E00CB400251C0A51
:10B9100004D11B02160E3343120208351C0B04D14E
:10B920001B01160F3343120104359C0B04D19B00FD
:10B93000960F334392000235DC0B02D192185B4123
:10B9400001351C00971864410134464F7C66464C13
:10B950003C660E0CFFE7FFE7FFE7C0463C6F66431F
:10B96000360C7703BE4697B27743C01B00D201392D
:10B97000C01B00D201399FB27743C91BC91B170CEA
:10B9800077437E04FF0B801BB941CE086643360C1B
:10B990000C2D33DBB644120B1F053A431B0B97B239
:10B9A0007743C01B00D201399FB27743C91B170CE4
:10B9B00077433E043F0C801BB941860D8F023E4306
:10B9C000664329277F1BFE400C3D7746AF40BF19D9
:10B9D00030BCA2B2ABB272437343801A9941220CBD
:10B9E0007243130C1204801A994102000B000137B4
:10B9F000001BA941F9D2781E0021F0BD0C277F1B46
:10BA0000FE4077467F0BAF40FF19E0E700245D1C46
:10BA100007D0144F7D663966FFE7FFE7FFE7FFE7D2
:10BA20003C6F95B29EB265436643401BB141150C15
:10BA30001E0C6543664336042F0C3E432D04401B09
:10BA4000B141994204D202000B0020000021F0BD58
:10BA500001D19042F7D3801A994101349942F2D32F
:10BA6000F6E70000000000D0FFFFFFFF4840414024
:10BA7000484018B41B4B5B68FC46019308BD04DFCB
:10BA8000AFBD001018B4174B1B68FC46019308BDEE
:10BA900000DFB9BD00109446134A926F920809D294
:10BAA000624618B40F4BDB68FC46019308BD0CDFFF
:10BAB00071C000100C4AF0B5146E556E576F166FBA
:10BAC0006246FFF7EEFF084A146655665767166729
:10BAD000F0BD18B4034B9B68FC46019308BD08DF1A
:10BAE00015BF0010E8240020000000D0FFB5504032
:10BAF0004240504059404B40594000E0FFB5154F7F
:10BB00004C00640D03D0BC4204D10C0314D80020B7
:10BB1000090D09055C00640D03D0BC4204D11C036F
:10BB20000AD800221B0D1B0501264B4009D44B40AF
:10BB300003D58B4200D18242FFBD9942FCD1904295
:10BB4000FFBD0B43DB1803431343F5D0C94349182A
:10BB5000FFBD0000FF07000000B5FFF7CFFF01D0D9
:10BB6000002000BD012000BD00B5FFF7C7FF8041E8
:10BB700000BDC04600B5FFF7C1FF01D9002000BDE0
:10BB8000012000BD00B5FFF7B1FF01D9002000BDC5
:10BB9000012000BD00B5FFF7A9FF804100BD0120D5
:10BBA00040054A00121804D85A00121801D8002083
:10BBB00070470120704700000021002805D1704720
:10BBC000C1174840401AFAD0C90713B5064B1B6885
:10BBD00098470CBC441CA2401005120B0349091BDA
:10BBE00009051943114310BDB83B00201F04000094
:10BBF00010B54C00620D8023D218DB00D21A5B0511
:10BC00007E2A10DD9E3A13DACC170903490819433E
:10BC10005242D140640001341532202A05DAD04066
:10BC20000843604310BD002010BD0846604310BDAE
:10BC3000C80FC018013810BD18B4044B5B6AFC462D
:10BC4000019308BD24DF21C200100000E824002079
:10BC500018B4044BDB6DFC46019308BD5CDF2DC3BB
:10BC600000100000E8240020C94211D300B54900AB
:10BC70004908002200F018F8002904D400224042AC
:10BC80008A41114600BD80210906002000BD000048
:10BC900018B4044BDB6EFC46019308BD6CDF2FC269
:10BCA00000100000E824002018B4044B9B6FFC46F1
:10BCB000019308BD78DF4BC200100000E82400208B
:10BCC00018B4044BDB6FFC46019308BD7CDFB9C29E
:10BCD00000100000E8240020132370B51D78012D0A
:10BCE00019D014DD1F48FFF72FFB06001E48FFF791
:10BCF0002BFB1E4C80223100200000F009FD022D9C
:10BD00002DD01B48FFF718FB1A4B186070BD1A4B5B
:10BD1000164CA364F5E7184B144C23606360A360D2
:10BD2000E36023616361A361E36123626362A362F1
:10BD3000E36223636363A363E36323646364A364D1
:10BD4000E36423656365A365E36523666366A366B1
:10BD5000E36623676367A367E367A364D1E7064BE2
:10BD6000A364CEE75344000053460000E8240020BB
:10BD70004C330000B83B00207DBD001007B5604685
:10BD800001880A0A0230DF2AFAD1C9B2820804D334
:10BD9000028840880004104300E00068014A5050C7
:10BDA000039007BDE82400200FB403BC0CBCF0B521
:10BDB0000124E407634000E0F0B50C0DCF0F661ED0
:10BDC0003605891B640503D3C943404200D30131C2
:10BDD000640D03D0661CF60A07D0E41B00207F0028
:10BDE000791C89078912803C24031D0DDF0F6E1E0C
:10BDF00036059B1B6D0503D3DB43524200D3013351
:10BE00006D0D03D06E1CF60A07D0ED1B00227F00DB
:10BE10007B1C9B079B12803D2D032F1B661B58D458
:10BE2000A446202E46DA20371400BC401D00BD4039
:10BE3000F24033412A4380185941CB0F05D0C94302
:10BE4000C043002264425041514162464D0D28D109
:10BE50000D0D07D100281FD0241940414941013A56
:10BE60000D0DF9D0640006D3013000D30131002C50
:10BE700001D140084000013A0BD4941CE40A04D1DB
:10BE800012051144DB071944F0BDD907204B1943B3
:10BE900000E0D9070020F0BD0029DDD1002CDBD166
:10BEA000F0BD0132C6074008CD0728434908002EDF
:10BEB000E1D0D9E73C2E29DA203E40371400BC40BF
:10BEC00000D00124F24014431A00BB401C43D31796
:10BED000ACE7AC46202F08DA20360400B4400D0051
:10BEE000B540F84039412843A5E73C2F0CDA203F04
:10BEF00040360400B44000D00124F8400443080058
:10BF0000B1400C43C117EAE710001900002494E780
:10BF10000000F07FF0B50C0D661E3605891BE60AA1
:10BF20006405640D02D0651CED0A04D000200121D7
:10BF30000905803C2403A4461C0D671E3F05DB1B3E
:10BF4000E70A6405640D02D0651CED0A04D00022E6
:10BF500001231B05803C24037740644497B484B2DA
:10BF600096B27443070C7E43150C6F4380B268434E
:10BF7000361802D3012000043F183004350C001994
:10BF80007D41844688B29AB250430C0C62431F0C28
:10BF90007C438EB27E43921902D301263604A41943
:10BFA0001604170C3618674101BC81B29AB251438E
:10BFB000040C62431B0C5C4380B25843121802D33A
:10BFC0000120000424181004130C401863412D189C
:10BFD0005E410020474106BC88B293B258430C0C26
:10BFE0006343120C544389B251435B1802D30121BD
:10BFF0000904641819041A0C091862416D18564195
:10C000000020474118BCF902720D1143F0026A0D7D
:10C010001043ED020A0D03D16D1940414941013B26
:10C02000124E9B1B7600B3420ED26D0007D3013037
:10C03000002671416646354301D1400840001B058A
:10C04000C918E4072144F0BD0BDA013306D10130F1
:10C0500004D101314F0D01D04908F2E7E10700207A
:10C06000F0BD013631050020EBE70000FF030000C2
:10C07000F0B51C0D671E3F05DB1BE70A6405640D68
:10C0800002D0661CF60A04D0002201231B05803C66
:10C090002403D0252D060026F6432E661E096E6663
:10C0A000CE0FF619B44649004F0D02D07E1CF60A99
:10C0B00003D000200021403F3F033E1BB600B444A4
:10C0C000013F7F05C91B49082E6F013676089C0287
:10C0D000950D25437543ED137543AD1301356D1073
:10C0E000F603761B0CB4CC02450D2C43A2B2B3B2BE
:10C0F0005A43270C7B43350C6F43A4B26C431B1986
:10C1000002D3012424043F191C041D0CA4187D41F2
:10C1100024196D41009A91B2ACB26143170C7C4373
:10C120002B0C5F4392B25A43A41802D3012212048B
:10C13000BF182204230C52187B41019C6C431B192D
:10C14000520ED9010A434401A01A81B2B2B251433E
:10C1500003145A43360C734387B27743D617D21968
:10C1600000277E4136049B191704160C7F185E4188
:10C170007316ED18F301002680337541A90F06D11F
:10C180006400690AE8055B0A184309D22FE004221B
:10C19000944480337541A90AA8059B0A184326D305
:10C1A000404149412404009A019B0D005543641B02
:10C1B0004343E41A95B286B27543170C7E43030CD1
:10C1C0005F4392B25A43B61802D301221204BF1839
:10C1D0003204330C52197B4152429C41002C02D450
:10C1E0000022013051414008CA071043490802B0FB
:10C1F0006246D7079210084BD218084B9A4203D2D6
:10C2000012058918C919F0BD0020002A01DC390087
:10C21000F0BD01331905F5E7FD030000FE0700003E
:10C22000002200B5203200F010F8080000BD002206
:10C2300000B500F00CF8CA179A4200D100BDD843EF
:10C240000121C907414000BD00220B150AD410B5D9
:10C25000944600F0A7F81414013400DA0021CB173B
:10C26000144C20470020002170476244343A0CD41B
:10C270000C2A07DA04009140904052422032D44008
:10C28000214310BDD843D94310BD203207D40C46FA
:10C290009440524220321141D040204310BD08004A
:10C2A000C917203203D452422032104110BD180069
:10C2B000190010BD6BC200104A00520D144BD21A67
:10C2C00013DDFF2A1EDAD205CB0FDB071A43C300AA
:10C2D000400F0903490A084310435B0001D301D012
:10C2E000013070474308FBD2704702D0C80FC00727
:10C2F00070470A0312130132F8D1420F072AF5D111
:10C30000012200E0FF22C80F00028018C00570471C
:10C310008003000000210A00002104E000210A003F
:10C32000C11704E00022002306E0C0460022CB171C
:10C3300058405940C01A994130B5184CA21A0029EA
:10C3400003D1010010D00020203A4C1512D104D2A4
:10C35000013A001849414C0DFAD3114CA24204D2C3
:10C3600012058918DB07C91830BDD243520D0020D1
:10C370000021F5E703D4013A00184941FBD50B32FF
:10C380004405C00A4D052843C90A640003D00024AF
:10C3900060416141E1E7E0D34408F8E7320400007E
:10C3A000FE0700000A0DCC0F531E1B05C91A5205CB
:10C3B00003D3C943404200D30131520D03D0531C73
:10C3C000DB0A07D0121B00206400611C8907891258
:10C3D000803A1203014BD21A70470000FF0300009D
:10C3E00051434343C9188C46110C83B24B4310B4DC
:10C3F000040C614392B280B2504362431C041B0C94
:10C40000001910BC59411304120CC0185141614469
:10C41000704700004840414048400E4B5B68184759
:10C420000C4B1B6818470C4A936F9B0802D2094BB0
:10C43000DB681847F0B5146E556E576F166FFFF72F
:10C44000F6FF054A1466556657671667F0BD014B3F
:10C450009B681847E8250020000000D007B5484039
:10C460004140484001E0C04607B54200120E03D0EB
:10C47000FF2A03D1420218D8C00DC0054A00120E8F
:10C4800003D0FF2A03D14A020FD8C90DC9050122E2
:10C49000414005D4414001D5814207BD884207BDD6
:10C4A0000143491801D0C043001807BD00B5FFF78C
:10C4B000D5FF804100BD0000C10FC90700D5404233
:10C4C000002817D0F44603B40B4B1B68984706BCF2
:10C4D00081409E384042803107D20B0607D0490088
:10C4E000490AC0051043084360470130F8E7490A8C
:10C4F0008902F5E770470000B83B002041000A0EB2
:10C5000080231B067E2A0BDD9E3A0BDAC117400200
:10C51000400818435242D040490001314843704717
:10C5200000207047C00FC01801387047C0420DD3BB
:10C5300000B540004008002100F012F8002801D4A6
:10C54000404200BD8020000600BD0000034BDB69B7
:10C55000FC4618471CDF11C600100000E82500202B
:10C56000014B5B6A18470000E8250020034BDB6F96
:10C57000FC4618477CDF29C600100000E825002093
:10C58000132310B512481C78FEF7DEFE0100012CC3
:10C590000AD003DD80220F4800F0BAF80E48FEF7FB
:10C5A000CBFE0E4B186010BD0A4C5422200000F048
:10C5B000AFF80B4B6365A365E36523666366A3660B
:10C5C000E36623676367A367E3672362E361E5E7E5
:10C5D00053460000E82500204C330000B83B002003
:10C5E000E5C5001007B5604601880A0A0230DF2A57
:10C5F000FAD1C9B2820804D30288408800041043EB
:10C6000000E00068014A5050039007BDE825002073
:10C610000021C2158032803201D0024A104700202A
:10C6200070470000CD2A0000C30FDB0741000A0E4F
:10C6300007D0FF2A08D00909054A8918194340077D
:10C6400070471900002070470249C918FAE7000036
:10C65000000000380000F07F70B504000A4E300082
:10C660000AF0C2FF200007F0A1F8050030000AF030
:10C670006BFF002D05D0054B2C199C4201D82800DA
:10C6800070BD0348FDF7DAFCA81800200000042064
:10C690003877011070B505000C000B4E30000AF021
:10C6A000A3FF2800210007F067FC050030000AF016
:10C6B0004BFF002D05D0054B2C199C4201D82800BA
:10C6C00070BD0348FDF7BAFCA81800200000042044
:10C6D0003877011070B50400054D28000AF084FF7A
:10C6E000200007F06DF828000AF02EFF70BDC0464C
:10C6F000A818002001480421014B18471010002001
:10C7000059B30010014B1B6818470000101000209F
:10C71000014B5B68184700001010002010B5FFF7B0
:10C72000D9FF10BD9A4200D2885470477047C04666
:10C73000F8B55746DE464E464546E0B599460A9B53
:10C7400007009A460D9B884693460B9C9B073BD15E
:10C750000C9B9C423DD21E1B0B9415000C005E44AA
:10C760002A004B46013521002020B847B542F7D1B9
:10C77000A0460B9C002C20D0454636195346321B50
:10C78000013C185D29004B46B847002CF6D12B0020
:10C79000350098460D9B9B070FD55B46EC1A0C9B0A
:10C7A000A3420AD9464698462A004B46310020202B
:10C7B0000134B84701354445F6D32800F0BCBB46E8
:10C7C000B246A946A046F8BD16001500002CD3D1EC
:10C7D000E0E71600002CCFD11500EEE7F0B54F468C
:10C7E0004646D646C0B584B098460EAB1B789446F4
:10C7F0009946129B0D9C109F119E9A0725D4002EDE
:10C8000065D1BC4221D201221A409246202C00D18F
:10C81000E9E00C9A551E302202E0202C00D17BE08A
:10C8200001342A55A742F8D85246002A0DD0B44206
:10C830000BD20C9A551E3022202C02D171E0202CF4
:10C840002DD001342A55B442F9D1DA063CD55A0527
:10C850002ED4002C28D10F9A102A00D1B6E0022A3B
:10C8600000D1BCE030220C9C227001244A46002AF0
:10C8700065D15A0700D499E02B220C9D2A5501342A
:10C8800003930C9B62460093029643460194FFF784
:10C890004FFF04B0E0BCBA46B146A846F0BD202424
:10C8A000DA06EDD55A0503D4A74266D0B44264D067
:10C8B0000F9A102A71D0022A57D0202CE0D02200E3
:10C8C000013430250C9FBD54202CD9D0CEE7012255
:10C8D00015001D40AA461A4236D04A46002A4AD1BF
:10C8E0000C321A4247D1BC42A1D2202C91D1202E29
:10C8F00017D82024DA06C3D55A051BD4202F01D01F
:10C90000202ED5D11F220F9D102D6FD0022DD8D1F2
:10C9100062250C9FBD54D0E75246002A79D0202EC4
:10C92000BDD92024DA06ABD55A0503D4202FE9D08F
:10C93000202EE7D00F9A102AA2D12024A0E72D2282
:10C940000C9D2A5501349BE7BC4200D37DE7202C87
:10C9500000D05EE7DA06F0D55A05EED4202F62D07B
:10C96000202EEAD134001F22CDE7202C00D187E70A
:10C9700022000134CCE7013EB5E7621E012CC2D192
:10C980000F9A102A00D06AE79A063BD558220C9CD1
:10C990002270283A6270022468E79A060ED4202C8E
:10C9A000CBD078220C9D2A55013486E71A0700D493
:10C9B00066E720220C9D2A55013461E7202CBCD06B
:10C9C00058250C9A12191570013476E79A0608D585
:10C9D00058220C9C227030226270022446E760329A
:10C9E000F7E77822F5E7002A83D1B3E7A21E013CDE
:10C9F0009D0603D478250C9FBD5460E758250C9FF5
:10CA0000BD545CE778220C9C2270483A6270022484
:10CA10002CE7DA0600D433E75A058BD4202F00D058
:10CA200044E71F226FE73C001F226CE710B5002887
:10CA300000D110BD01F030FCFBE7C0460B0010B583
:10CA4000002802D049681B68984710BDF0B55746CA
:10CA50004E464546DE46E0B599B082468946904648
:10CA60000893229A239B10001900FFF798F80028DA
:10CA700000D0CDE0229823990122D94B5242FFF7F2
:10CA800089F8002800D0C3E0229823990122D54BD1
:10CA90005242FFF769F8002800D0B9E022982399A4
:10CAA00000220023FFF760F8002800D0F1E1229E69
:10CAB000239F8023269ADB001A400D92269A1A4261
:10CAC00001D1062324938023269A1B011A403B00A0
:10CAD00093460996334300D0B3E0002A00D0C2E168
:10CAE000002300240A930B94002304250993259B1B
:10CAF0000024AB4200D95C1B0223269A1A400C92F8
:10CB0000269A134203D06B426B415B421C40099B47
:10CB1000002B07D00A9A0B9B30003900FEF7BBFFB1
:10CB200006000F002298239900220023FFF71CF82B
:10CB3000002803D0802109067B181F00269AAA4BE3
:10CB4000009601971340089E0493249B039402933C
:10CB5000424633004946504600F0AAF90400002D31
:10CB600067D02020269A4946024013005A4253417A
:10CB70005B42621C18400A92330022004530D047C5
:10CB8000099A6F1ED317D4185C40D30F9B4600251B
:10CB900001E0202D13D008AA94461F2320006344EF
:10CBA0000A2101355E19FEF729FD30313170200070
:10CBB0000A21FEF723FD26000400092EE9D80523EB
:10CBC0000693002304930A3303935B46089E029363
:10CBD00010AB0A9A009349463300504605970195D9
:10CBE000FFF7FCFD0C9A0400002A22D04246851A69
:10CBF000259AAA421DD9B046574616002200434640
:10CC0000494620200135B8470134AE42F6D810E03D
:10CC1000269B42460493259B49460393249B5046FA
:10CC20000293229B239C00930194089B00F040F9FF
:10CC30000400200019B0F0BCBB46B246A946A0468D
:10CC4000F0BD6A4B78009C46400D6044FEF7B8FF8B
:10CC5000674A684BFEF73DFF674A684BFEF712FFD5
:10CC6000674A3B031B0B1A4304000D00099811008F
:10CC7000644B0022FEF7FDFE634A644BFEF729FF7A
:10CC800002000B0020002900FEF7FCFEFEF7B0FFBB
:10CC90000990FEF795FF5E4A5E4B04000D00FEF71B
:10CCA00018FF00225C4BFEF7EDFEFEF7A1FF5B4A8A
:10CCB0005B4B29000C902000FEF70BFF04000C9842
:10CCC0000D00FEF77DFF574A574BFEF702FF0200AB
:10CCD0000B0020002900FEF7CCFE04000D0002002E
:10CCE0000B000A940B95FEF7F4FE04000D000A9861
:10CCF0000B9902000B00FEF7C5FE00220E900F916B
:10CD00004A4B20002900FEF7C6FE0022484BFEF7E2
:10CD1000B9FE02000B0020002900FEF7BCFE002235
:10CD2000444BFEF7AFFE02000B0020002900FEF787
:10CD3000B2FE0A9A0B9B0D0080210400C905002059
:10CD4000FEF797FE02000B0020002900FEF79AFE76
:10CD500002000B000E980F99FEF79DFE0022284B53
:10CD6000FEF790FE344B0C9C9C4664442305002245
:10CD7000FEF7AFFE04000D0002000B00300039008A
:10CD80000A940B95FEF7F0FE00285DD123002A00DF
:10CD9000C625099963318D42AD4159466D4204352E
:10CDA000002900D1A3E6134363D030003900234AA1
:10CDB000234BFEF7E7FE002807D0002230003900A1
:10CDC000204BFEF7D1FE002853D1249B002B00D12D
:10CDD0008DE60D9B5A1E9341249AD31A249386E61E
:10CDE000FFFFEF7FFFFFEFFFFFF7FFFF01FCFFFFFC
:10CDF000FB799F501344D33FB3C8608B288AC63F4A
:10CE00000000F03F0000F83F61436F63A787D23F07
:10CE100071A379094F930A400000E03F1655B5BB56
:10CE2000B16B0240EF39FAFE422EE63F00002C4083
:10CE30000000244000001840FF0300002D431CEBBD
:10CE4000E2361A3F80842E41099B0022013B099360
:10CE50002000164B2900FEF71EFE0A000100030009
:10CE60000A910B9294E7002300240A930B94002369
:10CE70000993249A099B9A4214DDD31A013B249307
:10CE80008023269ADB001A4300230025269209936B
:10CE90002DE6802212069446229B1E00239B6344AB
:10CEA0001F0006E600232493EAE7C0460000244062
:10CEB000F0B54546DE464E465746E0B595B08B4642
:10CEC000904699461E9A1F9B0A9019001000209DBB
:10CED000FEF765FE002800D0B0E11E981F990122E0
:10CEE000C74B5242FEF740FE002800D037E11E98A3
:10CEF0001F990122C34B5242FEF74CFE002800D07E
:10CF0000A7E01E981F990022BF4BFEF743FE0028A2
:10CF100000D088E01E981F990022BC4BFEF724FE2B
:10CF2000002800D07FE01E981F9900220023FEF702
:10CF30001BFE002800D0FAE000230B938023229CE4
:10CF4000229ADB001C401A4200D102E1092D00D8D0
:10CF50007CE106A98C462C00172200233021093CD5
:10CF600062440133D154EF1A202B00D132E1A342A5
:10CF7000F7D10022A44B069207931E981F99FEF743
:10CF800037FE0500FEF71CFE02000B001E981F99DD
:10CF9000FEF76FFD069A079BFEF79BFD089009912F
:10CFA000FEF74AFE0600FEF707FE02000B00089897
:10CFB0000999FEF75EFD0022954B08900991FEF756
:10CFC000E9FD002800D1D2E001363000FEF7F4FD83
:10CFD000069A079BFEF7D6FD002801D000260135F2
:10CFE000AA46002F00D098E02800FEF7E9FD0200D5
:10CFF0000B001E981F99FEF73CFD854B0022060092
:10D000000F00FEF7B1FD0CAB9A46002845D1002277
:10D01000300039007E4BFEF7BDFD00283DD1EB0707
:10D020003BD5013539E0229B42460493219B59466A
:10D0300003930A981E9B1F9C0295009301944B46F4
:10D04000FFF704FD15B0F0BCBB46B246A946A046AA
:10D05000F0BD229B5B0767D403226E4B229901929D
:10D06000039121990291009342464B4659460A98F2
:10D07000FFF75EFBE6E706AA944617232800634401
:10D080000A2101341E19FEF791FA3031280031705F
:10D090000A21FEF78BFA051E76D0202CEBD1032354
:10D0A000229A1340012B1DD1219B002B1AD00B9BE0
:10D0B000002B00D0BBE0229A0C33134200D0B6E024
:10D0C000219BA34200D887E006AB9C461722302361
:10D0D000624404E02199013413558C4259D0202C2C
:10D0E000F8D12024229B01940393219B0293534661
:10D0F000B9E706AA944617230A2163443000013495
:10D100001D19FEF77BFA3031297030000A21013FEA
:10D11000FEF774FA092E46D90600202CE9D15546AF
:10D120000CAB20249A46B8E704223B4B96E71E9AA4
:10D130001F9B00200021FEF79CFC01230B93802302
:10D14000229C229ADB001E901F911C401A4200D0A4
:10D15000FCE60022314B0627069207930DE7229B3F
:10D160000393219B0293042301932D4B7BE7002221
:10D1700008980999264BFEF7F7FC002800D02FE706
:10D18000002E4FD101362BE70323229A1340012BA7
:10D1900066D0202CA6D00B9B002B1FD02D235246EF
:10D1A000135501349EE75546202CB9D030233A1947
:10D1B000002F08D0172006A9013409180B55202C80
:10D1C000AED09442F6D10CAB9A462E23524613555C
:10D1D000013462E72024CCE6202C83D0229B5B071D
:10D1E00008D4229B1B0700D47CE72023524613550A
:10D1F000013477E72B2352461355013472E7C046BA
:10D20000FFFFEFFFFFFFEF7F65CDCD4165CDCDC1C6
:10D210000000E03F947701108C77011080842E414C
:10D220009C770110F30700D4DAE60136D8E6219B9B
:10D23000013B2193A34200D946E7AAE7229B03932F
:10D24000219B029303230193074B0CE7074BEA0052
:10D250009B185C681B682F000693079400248CE6DB
:10D26000219B002B95D022E798770110C87C0110F4
:10D27000F0B55746DE464E464546E0B5A5B01F0020
:10D280002E9B91460D93CA4ACA4B82468B461A6022
:10D29000002900D129E2002338789846002800D1DF
:10D2A0002BE2C54B44460C93C44B55464E460E9359
:10D2B0000AE0631C9846220033005946A8474446BA
:10D2C0003878002800D187E001372528F1D10823DC
:10D2D0009A46043B9946023B9846013B00229C46F5
:10D2E0000B943878791C0300203BDBB2102B03D859
:10D2F0000C9C9B00E3589F460300303B0B9C0B9219
:10D30000092B3AD9002398462A2800D1DDE00023D2
:10D310009A462E284BD00300683BDBB2122B1ED856
:10D320000E9A9B00D3589F4663460F001A43D8E7D6
:10D3300043460F001A43D4E74B460F001A43D0E789
:10D3400010230F001A43CCE753460F001A43C8E7D7
:10D3500080235B000B9A78781A430B9201310F00FF
:10D3600067284FD82428A4D90300253BDBB2422BE1
:10D370009FD893499B00CB589F46002398460B9B10
:10D3800047469C4600E00131BB00DB195B001F18DB
:10D390000878303F0300303B092BF4D963460B93E8
:10D3A0000023B8469A460F0001312E28B3D18020C1
:10D3B0000B9AC00002430B92302252429446787876
:10D3C0000B0084446246092A00D8AAE12A2800D129
:10D3D000B9E10F0001319EE7A046AA46B146C84513
:10D3E00003D301235B424B4498464B464246594681
:10D3F0000020D047200025B0F0BCBB46B246A9466D
:10D40000A046F0BD01006939C9B20F2900D950E723
:10D4100001238B409C466B4B994663464A4613401A
:10D420000F9362464B461A4200D068E10A2956D053
:10D43000072900D03DE70D9B02CB9846002900D07C
:10D4400092E10B9B10211A008A431000113108430E
:10D45000814680201A00C0000240110003421CD106
:10D4600014AB9C461F220F2362440D959C46150069
:10D470000F9B0B9402E0202B0CD0110064460C4053
:10D4800020003730092C00D807380133E8540A0946
:10D490000F29F0D80B9C0D9D0F934B460822069345
:10D4A0005346059208320392002204930F9B029286
:10D4B00001931CAB22000093594633002800FFF76C
:10D4C0008DF9434604000D93FAE60D9B04CB90467C
:10D4D000002A79DB78780D930F00013117E70D9B57
:10D4E00002CB14930B789C4618005346002B00D1B6
:10D4F00034E1002815D05346013B013399460D9481
:10D500000B9C89444A460B00A14601E0934203D09C
:10D510005C780133002CF9D14A465B1A0D9C0B92C2
:10D520000F938023DB0099460B9A13400D934B46D3
:10D530001A4204D00F9B534501D953460F9302233F
:10D5400099460B9A13400B934B46134200D1F5E1D9
:10D550006346002B00D1D6E10D9B002B00D182E168
:10D560000B1BD14631009A463B00A1442E005F467A
:10D570004D4622009B46894609E04B463900541C23
:10D58000B0475346185D002800D192E12200954231
:10D59000F3D14B465A46A946BB46350017001E003C
:10D5A0004C460B9B002B00D0ADE1149B0D9387E6FE
:10D5B00071D20010703700202C7B0110707B01109D
:10D5C000BC7B0110419000000B9A283802430B925B
:10D5D00042465242787890460F000D93013196E60C
:10D5E00078786C2800D15DE180230B9A5B001A43A8
:10D5F0000B920131B3E680239B00ABE67878682874
:10D6000000D148E180230B9A01311A430B92A6E620
:10D61000672800D1B2E0472800D11AE1452800D19F
:10D620001CE10B9A0721049242460D9B039207339B
:10D6300052468B43190002920CC9280000920193B4
:10D640000D91220033005946FFF700FA040037E637
:10D65000462800D18DE00B9A0721049242460D9B8B
:10D660000392073352468B43190002920CC92800DB
:10D67000009201930D91220033005946FFF718FCE8
:10D6800004001DE6631C98462200330059462520FD
:10D69000A847444614E60D9B04330F93631C994638
:10D6A0000B9B9A0700D40AE10D9B2200187859467B
:10D6B0003300A84743464444012B00D86FE1B046ED
:10D6C0002E0025004C46B9465F46220043460134F1
:10D6D00039002020B047AC42F7D12C00BB463500C2
:10D6E0004F4646460F9B0D93EAE5D64B38789A464F
:10D6F00000239846002800D0D3E500246FE66F2869
:10D7000042D000D8FDE11023782800D19BE00B9A8D
:10D710009A430B920A239C46002314930A330F93D7
:10D7200038E057460B9AB900C919490001330F1860
:10D730001878303F010030390929F4D9BA460B92E4
:10D740001F00591CE7E50D9BB87804CB0237D14385
:10D75000C9170A4092460D93791CDCE5002800D1D8
:10D76000DFE602235B42C8E621200B9A0243914682
:10D7700076E620230B9A1A430B926CE780230B9AD0
:10D780001B011A430B924CE708239C460023149379
:10D7900008330F930B9880230200DB001A4011001E
:10D7A0000200184200D080E00C239A43100080232E
:10D7B00002009B001A400B92184200D0F1E0802337
:10D7C00002005B001A4091460D9A043214921842EE
:10D7D00000D0C3E2430600D5D7E0030600D421E31E
:10D7E0000D9B1B880993002B00D02DE1103398432B
:10D7F000002900D128E1002399464346059353466A
:10D8000004930F9B06900393002302934B460193CE
:10D810001CAB22000093594633002800FEF7DEFFC0
:10D820000400C2E6582809D0622800D0E3E20223AF
:10D830009C460023149302330F93ABE720230B9AEB
:10D840001A430B92103B9C460023149310330F9302
:10D85000A0E780230B9A1B011A430B9220230B9AFB
:10D860001A430B92DDE60B1B9A460F9B99463B0031
:10D8700037005E469B4622003B003100A8475346D6
:10D880000134185D0028F6D14B460F935B46B34632
:10D890003E001F0085E6C0230B9AB8781A430B920E
:10D8A000F91C5CE5C0239B00F6E70D239A431000AA
:10D8B0007DE75B463500BB464E461F0071E643469A
:10D8C000012B66D9631E434432002E001D003B002D
:10D8D000A2465F4691469B4622004B4601343900E2
:10D8E0002020B047AC42F7D15B463500BB464E46E0
:10D8F000A14654461F000D9B4A46187859463300EE
:10D900004444A847EEE60F9BA146984500D84CE654
:10D910004444E41AB0462E0025004C46B9465F4602
:10D9200022004346013439002020B047AC42F7D1F1
:10D930002C00BB4635004F46464636E60F988045DC
:10D9400000D873E24346E218131A32002E001D007D
:10D950003B0091465F469B460F9122004B460134A7
:10D9600039002020B047AC42F7D15B46BB461F00D0
:10D9700043460F9901330F930B7835009C464E4672
:10D980006046002800D0E7E50FE60D9B1B78099361
:10D9900029E70D9B2200187859463300A8474C46CA
:10D9A000A0E60D9AFA3BFF3B07329A4301339946B2
:10D9B00091444B460D931368526815921A4306D151
:10D9C0001032904300220992002900D083E06122A6
:10D9D000810600D54122D2B20A9214AA91460A9A2F
:10D9E00000210A3A0B9242461792524618925A4622
:10D9F000B24609911E001F31149B4944BB46169440
:10DA00001A950024674698468946159D19901B92E1
:10DA10000AE03032D2B24B4601341A55A8454CD0F8
:10DA2000202C4CD006000D003A00002330002900C5
:10DA3000FDF722FED2B2092AEBD90B9B9C46624429
:10DA4000D2B2E8E72DC700106123820600D541233A
:10DA5000DBB20A3B0B93434614A91F228C46159355
:10DA600053466244B2460D9417974C468046A946E9
:10DA70001700099D0F9E169308E03033DBB2013486
:10DA80003B55B5420ED3202C0CD0050031002800A8
:10DA9000FDF7B4FDCBB20929EFD90B9A9446634444
:10DAA000DBB2ECE7159B40469846169B4D46564622
:10DAB000A1469A460D9C179F9FE6B742B0D9179B87
:10DAC00056469846189B5F469A461B9B09949B4670
:10DAD000169C19981A9D43460593534604930F9B31
:10DAE0000690039300230293099B01931CAB220031
:10DAF0000093594633002800FEF770FE0400FFF73C
:10DB0000DFFB10230B9A9A430F92692800D091E112
:10DB10000B9980230A00DB001A4010000A0019420A
:10DB200003D0112118008A430F920F9A802311000D
:10DB30009B0019408C461A425BD1802311005B0088
:10DB4000194089460D9904310B911A4200D0B2E078
:10DB500013005B0600D4EDE00D9B1B781A00D90F73
:10DB60000D91002B00D1A3E0100014AA9446424668
:10DB70001F23159252466344A846BA464D46149454
:10DB8000B14604001F00169201E0202D0FD02000A6
:10DB90000A21FDF733FD01357E1930313170200047
:10DBA0000A21FDF72BFD26000400092EEDD8159B58
:10DBB0004E46A94645469846169B57469A46149C9B
:10DBC0000F9B069343460593534604930A230393FE
:10DBD0000D9B02934B4601931CAB220000935946C8
:10DBE00033002800FEF7FAFD0B9B04000D93FFF7AE
:10DBF00067FB07220D9B07339343013294469C44F5
:10DC000062460D920CCBD90F0B911100194300D134
:10DC10009BE0D917139112915140109113995940DB
:10DC2000119110981199129A139B801A9941109092
:10DC3000119114AA944642460023159252469946E1
:10DC4000169232001F336344A8464E46BA461494D7
:10DC50001F00109C119D914601E0202E10D0200045
:10DC600029000A220023FDF707FD013630322B0080
:10DC7000BA550D0022000400002BEED1092AECD881
:10DC8000159B10941195454698464B46169AB146F9
:10DC900057461E009246149C0F9B069343460593DD
:10DCA000534604930A2303930B9B02934B461CE7B2
:10DCB000002885D159E70D9B1B68DA0F1100002B56
:10DCC00000D1A6E0DA179818504014AA91461F23F5
:10DCD00042464B44A8460D94169704006546B1464B
:10DCE0001F001491159201E0202D0FD020000A2171
:10DCF000FDF784FC01357E193031317020000A2196
:10DD0000FDF77CFC26000400092EEDD8159BAC46DF
:10DD100045469846149B4E4619000D9C169F0F9B36
:10DD20000291069343460593534604930A230393B3
:10DD3000634650E713001B066ED50D9B00229B5EC9
:10DD4000D9175A184A4092B209E700239946002889
:10DD5000A2D100220023109211936AE70D9B1B6849
:10DD60009946002B03D110339843002938D1612301
:10DD7000820600D54123DBB20A3B0D93434616933E
:10DD8000534614A91F228C4617932B0062444D461C
:10DD9000B246159418978046170099460B9C0F9E23
:10DDA00008E03033DBB201343B55B5420ED3202CB2
:10DDB0000CD0050031002800FDF720FCCBB209296A
:10DDC000EFD90D9A94466344DBB2ECE7169B4046CC
:10DDD0009846179B56464D469A460B94189F159C9D
:10DDE00043460593534604930F9B069003930023E9
:10DDF00002930B9B0BE50B9980230A00DB001A4072
:10DE000010000A00194200D08BE610239A430F92AB
:10DE10008BE6002883D158E70D9B1B68D9175A1849
:10DE20004A409CE60D9B1B680993DCE40300013328
:10DE30000F93A5E50B926DE40EB4012230B584B0CA
:10DE400007AC08CC064D0100009428005242039410
:10DE5000FFF70EFA04B030BC08BC03B01847C04648
:10DE600025C700100CB430B585B008AC08CC064D01
:10DE70000A000094010028000394FFF7F9F905B0A7
:10DE800030BC08BC02B0184725C7001000B585B0EB
:10DE90000391012102900093034813004A4202A912
:10DEA000FFF7E6F905B000BD3DCA00100FB430B56C
:10DEB0000C4985B008AA08CA0D680392002D0CD041
:10DEC00000920122084C5242200002A9A8470120DA
:10DED00005B030BC08BC04B01847180000F028FAA0
:10DEE0000020F5E7703700202DCA001010B5094A50
:10DEF0000300146884B0002C08D001220091064869
:10DF0000524203A9A047012004B010BD00F010FA4E
:10DF10000020F9E7703700202DCA001000BEFDE791
:10DF2000094A03001068002805D00849C3188B422D
:10DF300007D81360704706480449C31810608B4225
:10DF4000F7D901204042F5E76C330020000004209F
:10DF5000083D002010B5FFF7E1FFC04630B50D00C9
:10DF600083B01900002A0BD0074B084C0192009394
:10DF700002002B002000FFF799FF0120FFF7CEFFE2
:10DF8000034B1A00F1E7C046A4770110B4770110E3
:10DF90002C79011070B5FDF731FA074D074EB542E7
:10DFA00009D20024013E761BB60808CD984723000D
:10DFB0000134B342F9D170BDF418002008190020D3
:10DFC000030010B5080011001B68984710BDC0463B
:10DFD000F0B5C64600B5437D07000D001600002BC6
:10DFE00038D0002A2EDD00216A1E90466A5C037D2F
:10DFF0004C1C00200A2A0CD0A64216D043461B5DBA
:10E0000021000D3B5A4253416A5CDBB24C1C0A2A88
:10E01000F2D1002BF0D1884217DB022110483B6877
:10E020009847A64207D02000E8E7864203DD311A70
:10E030003B6828189847AD19013D2B780D3B5A4293
:10E0400053413B7580BCB846F0BD091A3B6828189F
:10E050009847E2E70368110028009847F2E7C046B6
:10E06000187D0110F0B5C6460B6806000C0000B51F
:10E07000802B06D05A1C2260E418267180BCB8465A
:10E08000F0BD0F4B1D68002D16D00B1D98460D4F8F
:10E0900002E02D69002D0FD02B68002BF9D03B68D2
:10E0A000002B01D0AB42F4D1280041462268FFF793
:10E0B0008FFF2D69002DEFD101220023DBE7C04641
:10E0C0005C2F002068330020F0B5DE4657464E46F0
:10E0D0004546E0B585B017001C0006000D00FCF7B2
:10E0E000B1FE0023314A12184B41802109068B42B0
:10E0F00002D301222E4B52422E4908008A4609F0D3
:10E100005BFA01906B1C03D1300005F041FF050064
:10E11000002C26D0284B9846284B1C68002C15D084
:10E12000002F21D1264F02E02469002C0ED0236855
:10E13000002BF9D03B68002B01D09C42F4D1200089
:10E140002A003100C0472469002CF0D1019B002B2C
:10E1500028D1280005B0F0BCBB46B246A946A0466F
:10E16000F0BD184B9846D7E7154B994602ABDF1D1B
:10E170000A239B4602E02469002CE7D02368002B89
:10E18000F9D04B461B68002B01D0A342F3D12A00E3
:10E1900031002000C0475B460122390020003B705F
:10E1A000C047E8E7504609F0CFF9D2E740420F00F8
:10E1B000FFFFFF7FB0180020D1DF00105C2F002090
:10E1C00068330020C1DF00100A4A1368002B05D114
:10E1D0000CE01A001B691032002B07D09842F8D1CE
:10E1E000002902D103691360016170470029FCD046
:10E1F0001060FAE75C2F002010B500F04FFB10BD57
:10E20000F0B5CE464746040080B583B0FCF71AFE51
:10E2100026000027802336184F411B069F4202D359
:10E220000126194F7642194BB9469846184D434678
:10E230001C68002C03D116E02469002C13D02B6835
:10E24000002B01D09C42F7D1A368002BF4D0012110
:10E2500001A898470028EFDD6B46187903B0C0BCD1
:10E26000B946B046F0BD0B4B5A6A914507D89B6A38
:10E27000B34202D302204042F0E79145FAD1012097
:10E280000021FCF7E9FDD2E7FFFFFF7F5C2F0020B4
:10E290006833002000400540F0B5CE46474680B5C3
:10E2A00083B06B460600DD1D2870FCF7CBFD002314
:10E2B0001A4A12184B41802109068B4202D30122CF
:10E2C000174B524217490800884609F075F9164B5A
:10E2D00081461C68002C14D0144F02E02469002CE5
:10E2E0000FD02368002BF9D03B68002B01D09C4253
:10E2F000F4D1200001222900FFF76AFE2469002CD6
:10E30000EFD14B46002B05D1300003B0C0BCB9465D
:10E31000B046F0BD404609F017F9F5E740420F005E
:10E32000FFFFFF7FB01800205C2F00206833002023
:10E3300070B5040005F02CFE012301000500012248
:10E340002000FFF7C1FE084B1C68002C06D0636854
:10E35000002B05D098472469002CF8D1280070BD07
:10E360002469002CF3D1F9E75C2F0020F0B5CE46EC
:10E37000474680B5A3B004000D00FCF763FD002301
:10E38000294A12184B41802109068B4202D30122EF
:10E39000264B5242264F380009F00EF900230600A2
:10E3A000019322002B00234801A9FFF76FFD019B79
:10E3B0008046002B14D1204B1C68002C06D06368CB
:10E3C000002B0BD098472469002CF8D1002E25D1C2
:10E3D000404623B0C0BCB946B046F0BD2469ECE766
:10E3E000154B1D689946002D1CD0144C02E02D6978
:10E3F000002D0FD02B68002BF9D02368002B01D003
:10E40000AB42F4D12800019A02A9FFF7E1FD2D6982
:10E41000002DEFD14B4601951C68CEE7380009F07E
:10E4200093F8D5E70195D1E740420F00FFFFFF7F4A
:10E43000B018002065E000105C2F00206833002039
:10E440000FB400B583B004A901C90191FFF78EFF95
:10E4500003B008BC04B018477047C0460022014B07
:10E460001A707047003D00204B790020FF2B0BD124
:10E470008B79002B08D1CB79012B05D1082A03D940
:10E48000024B8A7809301A707047C046003D002060
:10E490000120704710B5012901D0012010BD13499A
:10E4A0005379107909781B02034300209942F5D172
:10E4B0005378012B08D0022BF0D1002064220021D8
:10E4C000FCF7E4FE0120E9E7D37891781B021943B9
:10E4D000DB0507D54A0A100001231A407E33194094
:10E4E000FCF75CFF01204A0A4042F5E7003D0020AE
:10E4F00000487047E47D011070B50500140001204C
:10E50000012909D153780020012B05D163791279B3
:10E510001B021343072B00D070BD21002800024AC4
:10E520009F3301F05FFAF7E73C7D01100123037090
:10E53000004870471C7D01104B780A781B0213437A
:10E540008A7810B512041A43CB781B06134396221F
:10E55000D200934200D010BD0022012011004042A1
:10E56000FCF71CFF024B1860024B19607047C04655
:10E57000F42E0020F82E002010B5024B1878FBF77F
:10E5800041FE10BD023D0020154B70B51A68002AEF
:10E5900022D0EFF3108172B610680028FCD0BFF3D0
:10E5A0005F8F00200F4A596010701B68BFF35F8FA8
:10E5B000186081F31088002400250B4E3078FBF79B
:10E5C00015FE002804D1002400252900200070BD7C
:10E5D0003078FBF717FEF8E7FA240025A400ECE7F3
:10E5E000983B0020033D0020023D002070B5040050
:10E5F00000200E0001F016FB002836D0002001F0AC
:10E6000027FB002831D0FCF71DFC0023184A121804
:10E610004B41802109068B4216D2164D280008F086
:10E62000CBFF002821D0002001F0FCFA00280FD1F8
:10E6300001200021404200F009FD0324644228002B
:10E6400008F082FF200070BD01220B4B5242E4E72C
:10E65000002001F0FDFA0028EAD02100320000205D
:10E6600001F000FB041EEAD1E7E703246442E9E776
:10E6700040420F00C03B0020FFFFFF7F10B5FCF7BA
:10E68000E1FB00230E4A12184B41802109068B4200
:10E6900002D301220B4B52420B4C200008F08CFF9E
:10E6A00000280CD001200021404200F0CFFC0020C7
:10E6B00001F022FB0028F5D1200008F045FF10BD35
:10E6C00040420F00FFFFFF7FC03B0020F8B5DE4651
:10E6D000574680B505000C00FCF7B4FB0023374A11
:10E6E00012184B41802109068B4202D30122344B80
:10E6F0005242344908008A4608F05EFF002803D1E0
:10E70000C0BCBB46B246F8BD002001F08BFA002821
:10E710004AD00026002C43DD2B4B9B4614E0A91960
:10E72000002001F023FB070001200021404200F0FF
:10E730008DFC002001F0E0FAFCF784FB224BF61977
:10E7400018605960B4422BDD002001F02FFBA71B9D
:10E750000200B84200DD3A00002AE0D10120002189
:10E76000404200F073FC002001F0C6FA002001F0E6
:10E7700059FA002814D0002001F018FB0028E1D13C
:10E78000FCF760FB5B460F001A685B68002184465B
:10E790000E4812184B419F4202D8D3D19445D1D98B
:10E7A000504608F0D1FEABE700200021064B186070
:10E7B0005960504608F0C8FEA2E7C04640420F002C
:10E7C000FFFFFF7FC03B0020E024002020A10700C6
:10E7D00030B52B4C85B00021200008F0DDFE00286C
:10E7E0001CD1284B1A68002A16D0EFF3108172B69C
:10E7F00010680028FCD0BFF35F8F012422485960C5
:10E8000002781B68D2B20470BFF35F8F00201860DB
:10E8100081F31088002A17D005B030BD01200021F7
:10E82000404200F013FC002001F012FA0500200025
:10E8300008F08AFE002DEFD0144B1B68002BEBD0A4
:10E84000134A10689847E7E7FCF7E4F80400FCF780
:10E85000F9FAFA220023920012184B41802109068E
:10E860008B4202D301220B4B524201210291002123
:10E870000191094920000091FCF7D0F8CCE7C0468F
:10E88000C03B0020983B0020033D0020F42E0020D8
:10E89000F82E0020FFFFFF7F89E50010D02310B580
:10E8A0001B0684B01C68FCF7B5F8FCF7B3F9A0426E
:10E8B00002D0002004B010BD2A4B002100201B789C
:10E8C00001F070FD28480368002B47D00120FBF7BA
:10E8D00031FEFF23254C264920701840FBF7ACFC85
:10E8E00020780121FBF770FC0520FBF793FC002842
:10E8F00026D1082200211F48FDF704FFFCF78AF803
:10E900000400FCF79FFAFA220023920012184B41F0
:10E91000802109068B4202D30122174B524201216A
:10E92000029100210191154920000091FCF776F831
:10E930000028BEDB12480121FFF746FC0120B9E7A1
:10E940000120FBF70FFC0B4B01001800FBF754FEF6
:10E95000002205200B49FBF799FCEBE7FBF730FEA3
:10E96000B4E7C046CCF20110C03B0020023D0020BD
:10E97000D1E70010983B0020FFFFFF7F89E50010E2
:10E980002010002079E5001000487047807E0110BB
:10E99000004870472C7E011010B50400174803781A
:10E9A000002B20D0002C06D1154B16484380063B87
:10E9B000FF3B038010BD052C19D8134BA400E05871
:10E9C00012490123013804E001330A800231142B7B
:10E9D0000FD0C25C002AF7D1C022DBB25B009200EC
:10E9E00008481343E5E7112100F01AF8DAE70020A0
:10E9F000E0E7CA2303489B00DBE7C046E83C002071
:10EA000009040000342F0020147E0110362F00204E
:10EA100010B5024800F0D8F810BDC046B03B002049
:10EA200030B54B1E012900D1A7E0664A11780D09C7
:10EA30002C0030349F2900D9A2E00470012B00D1B2
:10EA4000BEE00F21147821400C003034092900D990
:10EA500098E04470022B00D1B2E0547825092900D7
:10EA600030319F2C00D990E08170032B00D1A7E0BA
:10EA70000F2121400C003034092900D987E0C470EF
:10EA8000042B00D19CE094782509290030319F2C7B
:10EA900000D97FE00171052B00D191E00F212140C9
:10EAA0000C003034092900D976E04471062B00D1DE
:10EAB00086E0D4782509290030319F2C00D96EE0FA
:10EAC0008171072B00D17BE00F2121400C003034F5
:10EAD000092966D8C471082B00D171E01479250981
:10EAE000290030319F2C5FD80172092B68D00F218B
:10EAF00021400C003034092958D844720A2B5FD0C9
:10EB000054792509290030319F2C52D881720B2B62
:10EB100056D00F2121400C00303409294BD8C47243
:10EB20000C2B4DD094792509290030319F2C00D928
:10EB3000073101730D2B43D00F2121400C003034DD
:10EB4000092901D937310C0044730E2B38D0D17903
:10EB50000C09220030329F2900D9073282730F2B13
:10EB60002ED00F220A4011003731092A01D8303245
:10EB70001100C173102B23D010300023037030BD5F
:10EB800007345AE737310C0063E707316CE7373158
:10EB90000C0074E707317DE737310C0085E707315A
:10EBA0008EE737310C0095E707319DE737310C00D0
:10EBB000A3E70731AAE737310C00C4720C2BB1D19F
:10EBC000C018DAE7B03B002010B588B004000D2271
:10EBD00000216846FDF796FD0D22002104A8FDF7EF
:10EBE00091FD4B236A466846137004A90D2208F074
:10EBF000A3FC1521082220006944FDF789FD08B017
:10EC000010BDC046F8B500F043F90C23194DFF22A2
:10EC1000AB6705201849FBF739FB184C402200214F
:10EC20002000FDF76FFD4027002301262121144A13
:10EC300066702783A260136063545F316184453935
:10EC40006354104A10496360E2602787A1620B6039
:10EC50006362E26208F0D0FC80239B052E64EB64C3
:10EC600090230A4A0120EA508022094B5202DA64BA
:10EC7000F8BDC04600001150D904002070330020B8
:10EC800084001050000110508000105010D001007E
:10EC90000020115010B501210520FBF795FA10BD99
:10ECA00010B500220021024800F012F910BDC04644
:10ECB00090330020044B1970002904D08021902348
:10ECC000024A8902D1507047FB3C002000201150BD
:10ECD0000B785B0602D14B78052B00D070478A7801
:10ECE000014B1A60FAE7C04600001150F0B5C64665
:10ECF000C87800B58007830F1800012B60D08F788B
:10ED00000A794B797F213940FC091B024E001343DD
:10ED1000334D32195201AA18977001276740577076
:10ED200000275B055B0DD7701383D076B846CA0009
:10ED3000012C32D02B4FBC468F016244BC46AC4400
:10ED40006746BA6047461760002932D0264AC90094
:10ED500090466246414451603F223F33934302282C
:10ED600037D0224937190A687F01D3180B60204930
:10ED7000EF19FA608B422ED836197601AD19EB7E69
:10ED80001C499B064A4013438022120613436A68BB
:10ED90001360012080BCB846F0BD174FBC468F0100
:10EDA0006244BC46AC446746BA62474617600029D5
:10EDB00008D1002364012C196360104BE360E8E77D
:10EDC0000020E7E70B4AC900904662464144516281
:10EDD000C2E75B00C5E7FCF70BFBFA68CCE7C0466F
:10EDE0007033002084001050040010507C3B002041
:10EDF000FF0F105000001050800010500001105004
:10EE000010B508F0F9FB10BD10B57F200C002040B4
:10EE10004000E409110000191A00034B4001C0181A
:10EE200000F056F8012010BD703300207F23180039
:10EE300010B50840CA090B4203D107497D3B9B1A14
:10EE40008B66400080188022044B40010021C018CE
:10EE5000120108F0C1FB10BD0020115070330020DA
:10EE60007F22130010B50B400A4200D110BDC90922
:10EE70005B005B1804485B01C018002300220349B3
:10EE8000C37008F0A9FBF1E770330020FFF7FFFF24
:10EE900080220A4B520410B51A60094B09491A60C6
:10EEA00010000B689843FBD18022002152010648D4
:10EEB000FDF728FC0922054B5A6710BD00E0004011
:10EEC00000F0004008C00040000010500000115049
:10EED000002310B5C382013382828376016104006E
:10EEE00008F04AFB002804D080219023074A8902B9
:10EEF000D150200008F038FB002802D001232377EE
:10EF000010BD200008F060FBFAE7C0460020115059
:10EF10007047C0467047C0460020704700207047C9
:10EF20007047C0467047C0467047C0467047C046ED
:10EF3000024B5878431E9841C0B270470C2A0020FB
:10EF4000024B18784007C00F7047C0460C2A0020BB
:10EF5000F0B5D6464F464646C0B5314B07009A46F7
:10EF60001B780E00FF2B01D0012044E0002941D086
:10EF7000002154222B48FDF7C5FB00222A4C2B4BC5
:10EF800020001A70FBF71CFB294B1C60294C200049
:10EF9000143CFBF723FB200001F00CFE264B274D11
:10EFA0001C60274B002B2BD02800FFF7BFFA254B06
:10EFB0002A7818602449002489462249002388467B
:10EFC00010E043461B6862019B18002B12D05B685F
:10EFD000002B0FD098472A780134E4B2511C23004B
:10EFE000A1420FDBA242ECD89B1A5B014B445B6849
:10EFF000002BEFD10020E0BCBA46B146A846F0BDD8
:10F000002A78D7E75346310038001F70FFF7FAFD22
:10F010000028EFD03800FFF73DFE0120EBE7C046A7
:10F02000541000200C2A0020042A0020FC3C002060
:10F03000602A00204C100020642A0020FA3C0020A6
:10F040002DE500105C2800203C7F0110F0B5DE4665
:10F0500057464E464546E0B5C84B91B002931B78E3
:10F06000FF2B00D13EE1C64BC64E9B465F46C64BCA
:10F070000DAC0193C54B009335686A69EFF31081BD
:10F0800072B61368002BFCD0BFF35F8FA961280014
:10F09000210001F0BDFB6A69AB69BFF35F8F0021FE
:10F0A000116083F31088002800D11BE16378082BDE
:10F0B000E2D89B00FB589F466368002BDCD0A06819
:10F0C0009847D9E77F222179AF4D0A405300EB18CA
:10F0D0009846C809804440460123303005799D4355
:10F0E0000571057903339D430571002A00D100E1C4
:10F0F0004346A74A1B7D1278934200D3EFE0A54A0E
:10F100005B011568ED18002D00D1EBE0A368627972
:10F110002078AD69A847AFE79F4A1378002B00D14C
:10F12000E0E01378013BDBB213701378002BA3D11E
:10F130000122954D01212B78042013432B70342399
:10F14000EA5C8A43EA54EA5C8243EA540133EA5CAB
:10F150008A43EA54EA5C8243EA54237800209B46BF
:10F1600000F0A0FC602223791A40602A00D1EFE071
:10F17000402A00D1F5E0DB06DB0E012B00D113E1C4
:10F18000022B00D1C7E0002B00D0E1E0202A00D103
:10F190001CE2002A00D0DBE06379092B00D9D7E01C
:10F1A0007E4A9B00D3589F46774D2B78DB0700D4CF
:10F1B00062E7FFF7BBFE5FE7019BDB78DB0700D46C
:10F1C0005AE76068FFF7A6FE56E76F4D2B78DB071E
:10F1D00000D451E728780007C00FFFF7A5FE4BE7E2
:10F1E00023786A4999468B46694B6A4998468A460C
:10F1F00039001A7847460023B04600254E46894616
:10F2000010E053461B686A019B18002B00D176E082
:10F21000DB68300098473A780135EDB2511C2B007D
:10F220008D4244DC9542ECD39B1A5B015B44EFE7D3
:10F23000237858499946564B8A4698463100BB4632
:10F240004E461A7800250023474689460FE053466C
:10F250001B686A019B18002B55D0DB68300098476B
:10F260003A780135EDB2511C2B008D4207DC9542F6
:10F27000EDD39B1A009A5B0194466344EDE7019D30
:10F28000542200212800FDF73DFA1022FF214448B6
:10F29000FDF738FA28002022FF2114304E465F4641
:10F2A000FDF730FA00F0F4FBFFF73CFEE4E6364DE4
:10F2B000542200212800FDF725FA1022FF21281DE5
:10F2C000FDF720FA28002022FF21143046464F4641
:10F2D000FDF718FA00F0DCFB2379AB70CCE6501C8C
:10F2E000984213DA11B0F0BCBB46B246A946A0461C
:10F2F000F0BDA3686279207800F0E8FBBCE64646E2
:10F300004F46214DE6E74E465F46CBE71F4D9B1A21
:10F310005B015D19FAE67023217A0B4218D1C80906
:10F3200082460F330B405B0098461948EB18534454
:10F330001B7D00789946834266D216485B010068BF
:10F3400081469944002A00D15FE14B46002B68D1E9
:10F3500020780021FFF76AFD80212078FFF766FD05
:10F360008AE6104800F09EFB012158460EAAFFF7DE
:10F37000C3F8002800D07FE6EAE7C046541000201A
:10F38000947E0110642A00200C2A00203C7F01108A
:10F39000FA3C00205C280020FC3C0020B87E0110D4
:10F3A000102A0020F9E40010237A0F2BD0D8CF4A7E
:10F3B000EB181B791578AB423ED3691C9942C7DB29
:10F3C0005D1BCB4B6D01ED18686900F06BFB0121F3
:10F3D00058466B690EAA9847002800D04CE6602278
:10F3E000150023791D401A42B2D163790A3B012BE3
:10F3F000AED800F057FB63790A2B00D199E158464B
:10F400000EA900F0D9FA37E6431C4B4500DAF7E0C5
:10F410004B461B1A5B019946B5488144002A00D12E
:10F42000F3E04B46586900F03DFB4B46012158463E
:10F430005B690EAA98479CE7AE4A5B011568ED1818
:10F44000002DC1D184E7A37999466B789945D6D030
:10F450006B78002B00D033E14B466B70002B00D152
:10F460002BE148460138C0B2FFF792FA002800D1DC
:10F470007EE143780793022B00D079E10122C17924
:10F48000B1468B11491113400A40302112015B0132
:10F4900013432A78A8468A4313432B7009239A46BC
:10F4A00082445646BA46C37882781B021343C31877
:10F4B00005938E4B04938E4B08938E4B09938E4B82
:10F4C0000A93059BB34200D855E1737801220B2BB8
:10F4D00003D13378F278F6187378042B00D044E126
:10F4E000059B00279B1B9BB20693049B0B921D78E8
:10F4F000002303931BE0099A7B011568ED18002D8A
:10F5000000D132E1310058462B69069A984784466B
:10F51000082803D9069A824200D313E1049B0137DD
:10F520001D78FFB26B1C03979F4200DD1DE1BD42B9
:10F53000E1D8039B5D1B089B6D019C466544E1E798
:10F540006B780CAA02321370584601230EA900F002
:10F5500049FA91E5E3881A0AD8B20F2A00D9F7E6EA
:10F5600066499300CB589F460EA800F0A1FA584672
:10F57000A179FFF795FB02222B7813432B707BE5D3
:10F58000E388012B00D0E3E608222B78584693430A
:10F590000EA92B7000F010FA6EE5022029780CAB52
:10F5A0009A1C8B068908DB0F01400B4313805846D9
:10F5B00002230EA900F016FA5EE5E388012B00D0C5
:10F5C000C6E608222B7813432B7018E7237A0F2BFB
:10F5D00000D9BDE6EB181D79444B1B789D4228D21B
:10F5E000444B6D011B685D19002D00D1B0E66869C0
:10F5F00000F058FA012158466B690EAA9847B8E600
:10F60000002A00D0A4E60023994662790220130064
:10F6100003928343012B15D0002A00D098E62B00DB
:10F620004344534430331B790CAA9B07DB0F02324F
:10F63000BCE75A1CAA4200DA8AE6ED1A2C4B6D018F
:10F64000ED18D4E7E388002B12D1029B1878039BB6
:10F65000012B23D0FFF7EAFB43460221EB1853446A
:10F6600030331A790A4301211A711A790A431A713F
:10F670004B46002B00D1FFE4586900F013FA4B46CB
:10F6800001215B690EAA58469847002000F00AFA4B
:10F690003523EB5CDB0700D5EEE4B0E6FFF7E0FBDB
:10F6A00043460221EB18534430331A798A431A71C6
:10F6B0001A7903998A431A71DAE7FFF733FC9EE659
:10F6C00000215846FFF7F6FA5846FFF799FBAB784A
:10F6D000074903930491054B064998461A7805910A
:10F6E000002329001D008A461BE0C046FA3C00208A
:10F6F0003C7F01105C280020202A0020E07E0110C1
:10F70000059B6A011B689B18002B4DD0DB6858468F
:10F71000984743461A780135EDB2511C2B008D42B3
:10F720002EDC9542ECD39B1A049A5B019446634409
:10F73000ECE70CAB9A1C584601230EA9157000F09B
:10F7400051F999E40B9A012A4FD0002A3CD00023AA
:10F75000B07804E00133DBB20F71934234D2C118A8
:10F76000C9B241440D79FF2DF4D04E464546574667
:10F7700000236B70ECE54E465746FFF7D1FB3EE6A3
:10F780005546542200212800FCF7BCFF1022FF211F
:10F79000281DFCF7B7FF28002022FF211430FCF7BA
:10F7A000B1FF039BAB7057E65546FAE7FEF7A0FEA4
:10F7B000021E00D1CCE5D37891781B020B4358464A
:10F7C0000EA900F00FF9D4E565463B002A00310090
:10F7D0000A9800F08DFEAC46049B039A1B786644A1
:10F7E0000133934200DB6CE6BFE7174B296999426E
:10F7F000ADD1079AABE7FFF78FFB021E00D1A7E55B
:10F80000584613780EA900F0EDF8B2E52189FFF70C
:10F81000C3F8021EF4D19BE5022A0FD0FFF77EFB4E
:10F82000021EC8D194E5FFF7AFF8021E00D18FE5A4
:10F83000122358460EA900F0D5F89AE5FFF7A8F86C
:10F84000021EB8D184E5C046B1FE0010F8B5574697
:10F850004E46DE4645460C00E0B516001F00002A65
:10F860003CD01F4B00259A46702399461D4B9B4662
:10F8700017E05B462000997800F0FCFD00281FD0BF
:10F8800021004046FFF732FA002819D0A378DA09A0
:10F89000012A1CD00A9A013513702378E418B54266
:10F8A0001CDA6378052B0BD1E3789B079B0FBB42D7
:10F8B00006D153464A461B789846A3781A42D8D0B8
:10F8C0000020F0BCBB46B246A946A046F8BD0B9A44
:10F8D000013513702378E418B542E2DB0120F0E72C
:10F8E000541000200C2A0020702270B5094B0C0027
:10F8F0001D788B781A4201D0002070BD064B200085
:10F90000997800F0B7FD0028F6D021002800FFF715
:10F91000EDF9F2E7541000200C2A00200B007F20A4
:10F9200010B51840DB0934334000044AC018044BBA
:10F930001168C01800F05AFD10BDC046602A0020B2
:10F940000C2A00200B007F2010B51840DB0934334F
:10F950004000044AC018044B1168C01800F06EFD46
:10F9600010BDC046602A00200C2A002070B57F24FC
:10F970000F480C4064000419CD0964193034207913
:10F98000C00701D5002070BD0126257909483543FF
:10F9900000782571FFF738FA0028F4D10122237985
:10F9A000934323712379033293432371EAE7C046DB
:10F9B0000C2A00205410002070B5094C06000822C3
:10F9C00020000D00FCF7A4FE00238021E360A3606B
:10F9D0002B783000994300220023FFF7C7FF70BD4A
:10F9E000EC290020F8B5CE4647469046264E80B515
:10F9F0008146082230000D001F00FCF789FE4346B7
:10FA0000B3600023F381EC79AB7924021C43231CFF
:10FA1000BC4200D93B1C9FB2B381002C0ED0002FFA
:10FA200018D04346002B2CD03B1C402F1BD89FB234
:10FA300033787F2B1CD80021144A0FE080212B78CB
:10FA40000022994348460023FFF790FFC0BCB94607
:10FA5000B046F8BD7F230022317899433B004846E9
:10FA6000FFF784FFF2E740239FB233787F2BE2D980
:10FA7000064C3A0041462000FCF74AFE8021220055
:10FA8000ECE70020E2E7C046EC290020AC2900208A
:10FA900010B5142200210248FCF734FE10BDC04608
:10FAA000EC290020014B18617047C046EC2900206A
:10FAB00010B5054C010008222000FCF729FE0023A8
:10FAC000A360E36010BDC046EC29002070B5384C3F
:10FAD0001D0023780600DA09C9098A4210D00020E7
:10FAE000002D00D070BD21003000FFF7F1F8236930
:10FAF000002B03D022000321300098470120F1E7BA
:10FB0000A0687F2B05D8002834D02A002949FCF7AB
:10FB1000FFFDE289A1685219E38892B24919E28196
:10FB2000A160934214D03F2D12D9A389981A051CC5
:10FB300080B240282AD82078ADB27F2828D800216A
:10FB40009A4232D01B4A2B003000FFF70FFFC9E763
:10FB50002369002B05D0220002213000984700289D
:10FB60000AD0802123780022994330000023FFF738
:10FB7000FDFEB7E70020B5E700213000FFF756F99A
:10FB800030008021FFF752F90120ABE74025D2E792
:10FB90009A4207D0074C2A002000FCF7B9FD8021CB
:10FBA0002200D0E780210022CDE70022CBE7C0462B
:10FBB000EC290020AC29002070B50500FFF7B8F94A
:10FBC000002800D170BDFFF7BBF90028FAD1C82387
:10FBD0006B43124CE618F1780029F3D010331C194E
:10FBE000200000F0FFFD3F28ECD90020F178FFF75E
:10FBF00095FE0028E6D0200000F0F4FD3F2808D94B
:10FC0000074BEA01D218F17840230020FFF7AEFE3F
:10FC1000D8E7F1780020FFF795FED3E7E42800202D
:10FC20006028002010B50400FFF782F9002801D1F8
:10FC3000002010BDFFF784F90028F9D1C8226243E3
:10FC4000024B01309B181B791840F2E7E428002092
:10FC5000C82310B543430248181800F0A5FD10BD95
:10FC6000F4280020F0B5C824C646802344431F4F23
:10FC70001034050000B53C195B029A4200D31C4ABF
:10FC8000200092B200F012FE8046FFF751F90028E2
:10FC900003D1404680BCB846F0BDFFF751F90028BB
:10FCA000F7D1C8266E43BE19F378002BF1D020009F
:10FCB00000F098FD3F28ECD90020F178FFF72EFEE8
:10FCC0000028E6D0200000F08DFD3F2808D9094B20
:10FCD000EA01D218F17840230020FFF747FED8E769
:10FCE000F1780020FFF72EFED3E7C046E42800207D
:10FCF000FFFF000060280020F8B50600FFF718F9A4
:10FD0000002801D10020F8BDFFF71AF90028F9D129
:10FD1000C82474432500134F2435ED19280000F042
:10FD200043FD0028EED03F190020B978FFF7F6FD1B
:10FD30000028E7D00C4BF401E418210028004022F1
:10FD400000F0B4FDB978051E08D0030022000020A1
:10FD5000FFF70CFE0028D5D02800D4E70020FFF7DD
:10FD6000F1FDCFE7E4280020A028002070B5C824CA
:10FD700044430C4B0500E41880235B029A4200D3F5
:10FD8000094A200092B200F059FE0600200000F05F
:10FD90000BFD3F2801D8300070BD2800FFF7ACFFF5
:10FDA000F9E7C04608290020FFFF0000C82310B56E
:10FDB00043430248181800F015FD10BD0829002023
:10FDC000F0B50025184C83B0C82200212000FCF7B4
:10FDD00099FC164B21001D70FF236371E1235B0228
:10FDE000A360200008234022A37338310095073B0D
:10FDF000103000F0A3FC2700012321002000260082
:10FE0000402278310093B837243000F097FCC03698
:10FE10003800FAF7D5FB3000FAF7D2FBE56127622C
:10FE20002663656303B0F0BDE4280020E0280020CD
:10FE30000B4B196B00290AD01A6A002A0DD0002238
:10FE40001A621A63DA6100225A63012070471A6A43
:10FE5000002AFAD0D9611962F7E71A63F3E7C046BE
:10FE6000E428002070B50F4C052200212000FCF78B
:10FE700049FC0D4D2B78DA0707D50C4C9B070CD5A8
:10FE80000121200000F0B6FE70BD2000103000F00F
:10FE900091FE2B78054C9B07F2D4200000F08AFEDF
:10FEA000EEE7C046E4280020E028002008290020D2
:10FEB000F0B54B79060083B0022B02D18B79022B6F
:10FEC00003D00025280003B0F0BD214FBB78002BE4
:10FED000F7D18B7809253B700C780C196378242BAB
:10FEE0000BD1082A02D80FE0AA420DD32378E418D8
:10FEF0005D196378ADB2242BF6D0052B08D0042B06
:10FF000002D163790A2B11D00020FFF755FED9E703
:10FF100021003000FFF7E8FC0028D2D0A3787B70E6
:10FF200023785D19E4186378ADB2E8E7094B2778C8
:10FF3000019301330093022202233000E119FFF7FD
:10FF400085FC0028BDD00E35ED19ADB2DCE7C0460A
:10FF5000E4280020E6280020F8B560231400127879
:10FF6000050013400020202B07D1304A6379277900
:10FF700016781B023B439E4200D0F8BD6378222BCB
:10FF80001AD007D8202B34D0212BF6D101293ED00E
:10FF90000120F2E7232BF0D1012940D00329F7D12A
:10FFA000234B002BF4D0E178A378090200201943F9
:10FFB00000E000BF0120E0E7012930D00329E7D1AC
:10FFC00001252E00A378E478023924021C43147121
:10FFD000264024321000714000F00CFE154B002B1F
:10FFE000D6D06208002031002A4000E000BF012086
:10FFF000C3E701290BD00329CAD10F4B002BC7D06F
:020000041001E9
:10000000083200201100FEF797FA0120B5E7072318
:1000100021002800094AFFF7E5FC0120ADE7210097
:100020002800FFF7C9FC0120A7E7C046E42800200C
:10003000000000000000000039E50010EC2800205E
:10004000F0B54F464646D646364DC0B5EA781F0055
:1000500080460C00AB788A423BD08B4210D0002007
:10006000E0BCBA46B146A846F0BD2F4B002B04D0E9
:100070002E4800F0AFFB002851D00020FFF79CFD78
:10008000AB78A34201D00120EAE7294B002B02D034
:10009000002000E000BF0020FFF72EFE0028F2D174
:1000A000244C200000F080FB0028ECD1002FEAD087
:1000B000BF06E8D1243C4046A178FFF72FFC00287A
:1000C000E1D0002300224046A178FFF74FFC012039
:1000D000C6E710239A46184EAA4431005046BAB2D9
:1000E00000F0ACFC154B002BBFD06B79FF2BBCD0C4
:1000F000002FBAD0F219914603E00136B145B4D0D1
:100100006B7932789A42F8D1504600F063FB0028B0
:10011000F3D15346103B597900E000BFEDE700E012
:1001200000BFAAE7E428002000000000F428002017
:1001300000000000082900206028002000000000C6
:100140009322F0B5134C85B0002120009200FCF7FB
:10015000D9FA23002000802640270F4D4D3376002A
:10016000FF332930029500930022002300210397DA
:100170000196FF3000F0D6F94035201D28340023C9
:1001800001220021039702950196009400F0CAF91C
:1001900005B0F0BDA82B0020282B002010B5054C81
:1001A000200000F0F5F920002538FF3800F0F0F9C4
:1001B000012010BDD02C002070B5084C0025200077
:1001C0003130FF30257000F0F5FC20000C3000F0DD
:1001D000F1FC2A23FF33E554657170BDA82B002084
:1001E000F8B557464546DE464E46E0B54B79804663
:1001F0000F00FF2B27D1424B0C7899462A23494602
:10020000FF33CB5C002B1ED14E79002E1BD1BB7867
:100210003C190B703B79002B12D098235B004B44A8
:100220009A460C234B449B46A5186378052B05D1B1
:1002300010E02378E4186378052B0BD0A542F8D89A
:10024000E01B80B200E00020F0BCBB46B246A946ED
:10025000A046F8BDA542F3D921004046FFF744FB74
:100260000028F0D0A3780136F6B2DB09012B29D0A3
:10027000504600F09FFC2A234946A278FF33CA5417
:10028000637922791B0213431E4A5B0594465B0D7A
:10029000942163445A4253414A4602204900525C29
:1002A0005B00824313434A46535451464046083943
:1002B00000F0D6F90028C6D02378E4183B79B34281
:1002C000B3D8BDE7584600F075FC5A46A3780C3AFF
:1002D0005371637921791B020B430A495B058C46F4
:1002E0005B0D634459424B41022011795B0081430D
:1002F0000B43594600200839137100F07FF9DBE702
:10030000A82B002000FEFFFF70B505002A201F4C1F
:10031000FF30205C1E006379884203D000208B42AE
:100320001DD070BD9A235B00E35A002B0DD1184BF2
:10033000002B04D000201749B2B200E000BF280013
:10034000154900F08DF90120EBE7200096233130AC
:100350005B00E158B2B2FF3000F070FBE7E70F4BF3
:10036000002B04D031040020090C00E000BF0C4C2D
:100370002800210000F042F90028E4D132002100D9
:10038000280000F007F90120CBE7C046A82B002089
:1003900000000000282B0020D02C002000000000CE
:1003A000AC2B002000B5030083B0002910D0002042
:1003B000012B07D80A78002A04D00B48C254012028
:1003C000012A01D003B000BD1800FEF7C1FDF9E716
:1003D000012301A900200B80FEF7BAFD0028F1D00F
:1003E0000122014B1A70EDE7002A0020037870B556
:1003F000DB0704000E00DD0F002B17D103785B072D
:1004000001D5280070BD01213000494207F0CCF829
:100410002378DB07DD0F002B0AD123785B0708D494
:100420000422237801251343237002E00025E8E726
:100430000025300007F088F8E3E7C04670B50C00EF
:10044000012106004942200007F0AEF833785B072F
:10045000DD0F002B04DB200007F076F8280070BDCC
:100460003378DB0704D40422337893433370F2E704
:100470000025F0E7437902791B021343C2785B053C
:1004800092075B0D920F022A1DD0032A0CD0002088
:10049000012A08D102394A425141124A9446614424
:1004A00099424041C0B2704702394A1E91410E4AFA
:1004B000494211408022D200944600206144994272
:1004C0004041C0B2EFE7022905D0002040229A4205
:1004D0004041C0B2E7E7054A981843425841C0B2CC
:1004E000E1E7C046FF03000040FCFFFF00FEFFFF06
:1004F0008A1870B5914207D27F264C78052C04D01B
:100500000C7809198A42F8D870BD34008D782C40D7
:1005100064000419ED0963550C7809198A42ECD876
:10052000F2E7C046F0B5C64600B582B0150008AA8D
:1005300040CA040017880BAA1288012090460A00BE
:100540002178024081432000114321703A0000933A
:1005500031000123083000F0F1F8002E01D0002F07
:1005600008D10A9B012063604346638002B080BCCF
:10057000B846F0BD26001C363000FAF721F80023FB
:10058000002D01D0330000266361A661E9E7C04673
:1005900001207047F8B502240B7807001C40634225
:1005A0005C41144B64421C40134B08009C460830CD
:1005B0000D001600644400F0F7F8002807D1002E63
:1005C00005D0344203D101242B781C4201D00020F5
:1005D000F8BD38006978FFF7A1F90028F7D02B782B
:1005E0001C42F4D10023002238006978FFF7BEF9DD
:1005F000EEE7C04640FEFFFFFF010000F8B50D002A
:100600000835060028000C0000F0CEF8002803D0C2
:10061000012723781F4201D00020F8BD3000617807
:10062000FFF77CF90028F7D028006288616800F0A5
:100630003DF92378051E0BD01F42EDD103006268FF
:1006400030006178FFF792F90028E5D02800E4E750
:100650001F42E1D130006178FFF774F9DCE7C04652
:10066000F8B5CE46474680B58A8905000C000B7860
:10067000002A07D101261E423FD00020C0BCB94647
:10068000B046F8BD9B0734D5FE2380261B02994651
:10069000B60027000837380000F0A4F88642ECD8EE
:1006A0000122237890461A42E7D128006178FFF7AB
:1006B00035F90028E1D0380000F094F8864231D8AE
:1006C0004146237862881942D7D14B461840061C10
:1006D000904200D9161CB6B200226178002E00D0DC
:1006E000626833002800FFF741F90028C5D03000C8
:1006F000C4E7114B40269946CBE74978FFF70EF93E
:100700000028BAD0227863881642B6D100226178D8
:10071000002B00D062682800FFF728F90028ACD031
:100720006088ABE7424623781A42A6D12800617858
:10073000FFF708F9A1E7C046C0FF0000F0B5C646C4
:1007400000B5040006A805788020884617001E0022
:100750000002824226D8E068002803D001214942E5
:1007600006F022FF2069002803D00121494206F04B
:100770001BFF4346236073045B0CED031D43002302
:10078000E0686381A780E5802381002801D006F01E
:10079000DBFE2069002801D006F0D6FE012080BCD7
:1007A000B846F0BD0020FAE710B504894189828877
:1007B000A3B288B28C4207D31B1A9BB2101C9A4278
:1007C00000D9181C80B210BD5100091A5B189BB2E9
:1007D000F4E7C04603894089181A43425841C0B221
:1007E0007047C04610B5048941898288A3B288B297
:1007F0008C4207D31B1A9BB200209A4201D9D21A0D
:1008000090B210BD5100091A5B189BB2F4E7C046C4
:1008100070B5040000690E00002803D00121494290
:1008200006F0C2FE25896089A288A9B283B28542FA
:100830002CD3CD1AADB2002D2ED0AA4208D29142AF
:1008400030D3891A8BB263819A4203D89B1A9BB228
:100850009A42FBD9E28821685204520C534330007B
:10086000C918FBF755FF63890125591C89B2A28875
:100870008B4213D900215200891A89B22069618103
:10088000002801D006F060FE280070BD5500ED1A6A
:100890004D19ADB2002DD0D1618989B2520091427B
:1008A000ECDBE9E789188BB26381CDE7F0B546460A
:1008B0004F46D646C0B506000069894690460028D6
:1008C00003D00121494206F06FFE31897289B58853
:1008D0008BB294B2914254D31F1BBFB2002F4AD0A7
:1008E000BD4205D2AB4251D25B199CB22F0074813C
:1008F0004346B8453DD89FB2A54203D8641BA4B275
:10090000A542FBD9F28831685204520C90466243EA
:100910002B1B9BB2891842469F4225D953439BB259
:100920001A0048469A46FBF7F3FE434648467D1BAD
:1009300064195C4331685044A2B2FBF7E9FE718947
:10094000B588CB199BB26A00994216D99B1A9BB203
:1009500030697381002801D006F0F6FD3800E0BC54
:10096000BA46B146A846F0BD48467A43FBF7D0FEEA
:10097000E5E73B1CBFE773899BB26A009342E7DB64
:10098000E4E76F003F1BDF19BFB2A7E75B1B9CB218
:10099000ACE7C046F8B50400C0680E00002803D0DC
:1009A0000121494206F000FE258920896189A2883B
:1009B000ADB283B28FB2884229D3DB1B9BB29A427D
:1009C00009D8E779FF0906D1E068002801D006F0D0
:1009D000BBFD3800F8BD95421ED32B009B1A9BB27D
:1009E0009342FBD2E28820685204520C53433100F8
:1009F000C018FBF78DFE6B1C9BB2A2889D4218D9D4
:100A0000002352009B1A9BB201272381DCE751008F
:100A1000C91B5B189BB2D2E72B00E2882068520406
:100A2000520C53433100C018FBF772FE0135A28807
:100A3000ABB252009342E7DBE4E7C046F0B557465D
:100A40004546DE464E46E0B5140005000F0083B073
:100A5000002A75D0C068002803D00121494206F061
:100A6000A3FD2E89E9796A89AB88B6B292B2C90929
:100A700045D1964200D36DE059008A1AB21892B25D
:100A8000002189469A4234D29A1A111C92B2A2428B
:100A900000D9211C8AB29146EA885204520C904631
:100AA0004A46B21892B292464A46D21A92B2934637
:100AB00034009E4203D3E41AA4B29C42FBD24246C5
:100AC000624328681B1B9BB2801842464B4554D397
:100AD0004B4639005A43FBF71BFEAB885B0056457B
:100AE00001D89A4503DB5246D31A9BB29A46534625
:100AF0002B81E868002825D006F026FD22E0E98851
:100B00004904490C88469C4227D2964247D3B11AE1
:100B100089B28C465800E11A89B28B4661460919A0
:100B2000814208DBD11889B20E1BB6B28A46B242A6
:100B30003BD9361AB6B2A21992B29246A146B7E78D
:100B400000239946484603B0F0BCBB46B246A946CE
:100B5000A046F0BDB21A92B292E700218946002B5E
:100B6000C7D04146E41A4C431600D118002289B27E
:100B70008A46994693463F199AE753439BB21A0017
:100B800039005C440193FBF7C3FD414622004A4310
:100B9000019B286892B2F918FBF7BAFD9DE758004F
:100BA000811A711889B28C46B5E7A146B04200DDC2
:100BB0007EE7BEE710B50400C068002803D001211D
:100BC000494206F0F1FC2069002803D00121494286
:100BD00006F0EAFC0023E06863812381002801D04D
:100BE00006F0B2FC2069002801D006F0ADFC01201F
:100BF00010BDC04670B50400C0680D00002803D0C9
:100C00000121494206F0D0FC2069002803D00121CF
:100C1000494206F0C9FC7F21E379ED011940E06803
:100C20002943E171002801D006F08EFC20690028DC
:100C300001D006F089FC012070BDC0460278130087
:100C4000303BDBB2092B01D9373AD3B242781000DE
:100C50003038C0B2092801D9373AD0B21B01C018C8
:100C6000C0B270477047C04610B5024800F02EFB76
:100C700010BDC0466010002010B502488031FDF75D
:100C8000DFFB10BD8078011000487047D0190020AC
:100C9000322010B5FAF72CF801210B4A13688B4368
:100CA00013600122094B52427F315A500131FF310A
:100CB0005A5000F02BF9064A064B00211A6000201A
:100CC0000022FAF7E3FAFEE710E000E000E100E0BE
:100CD000BFEDFBFF00E0004010B5304C2378232B24
:100CE00010D16378562B27D03CD8432B28D0532BD8
:100CF00008D1A01CFFF7A2FF011E44D12848FDF730
:100D000017FB10BD2100274800F014FF0028F8D180
:100D1000254B22689A422BD0244B22689A4218D045
:100D2000234B22689A42ECD1224BA2889A42E8D106
:100D30002148FDF7FDFAE4E72048FDF7F9FAE0E77E
:100D4000A01CFFF77BFF011E22D11D48FDF7F0FA22
:100D5000D7E71C4BA2889A42E2D16420F9F7C8FF7A
:100D6000FFF796FF692BCDD1174800F0C1FAC8E70D
:100D7000164BA2889A42CFD1A3796B2BCCD11448C1
:100D8000FDF7D6FABDE701220F4800F0F1F9B8E708
:100D900000220D4800F0ECF9B3E7C046743700209C
:100DA000A4780110D0190020776169747265626FB0
:100DB00077686F616D690000CC7801108878011048
:100DC000AC7801106F7400006010002061630000B7
:100DD000B8780110F8B5CE46474680B5FDF70CFA55
:100DE0001920F9F705F9D02380221B0692045A62D4
:100DF00000F076F81B4B1C491800994601F05AF890
:100E0000F8F71AFC194B1A4C98461A4D0020FDF7BA
:100E1000F7F9831C0CD023780A2814D0262818D080
:100E20005A1CE85400202270FDF7EAF9831CF2D125
:100E30004846012100F08AFB4946404600F0A2F9ED
:100E4000F8F71AFCE2E70026EE54FFF745FF26709C
:100E5000DCE70026EF5CEE54FFF73EFF26702F70B4
:100E6000D4E7C046D01900205810002060100020A0
:100E7000013D0020743700200FB410B582B004ABE0
:100E800010CB06480193FDF7DBFA20000199FDF72E
:100E90006DFA02B010BC08BC04B01847E478011029
:100EA000012310B5074C82B00093052205330421BD
:100EB000200000F013F902222100034800F02EFA6E
:100EC00002B010BDC83B0020D019002010B505208D
:100ED000FAF784F9014B186010BDC046E8260020DF
:100EE000802210B5D20005490548FBF711FC0548E2
:100EF000F9F774FB0122044B1A7010BD008000103A
:100F0000642F00202C2F0020FE3C002070B5802490
:100F1000124B6402124A1C6013682342FCD00F205B
:100F2000F9F764F9002105000F20F9F74DF90022C7
:100F30000C4B5A70D0220C4B12061C60136DDB0751
:100F400004D4012420BF136D1C42FBD0D023290000
:100F50000F201B069B6DF9F737F970BD0420014087
:100F600004000140783B0020043001404368012028
:100F70009B691B0998437047102142689369194285
:100F8000FCD11068C0B27047436801209B695B09BF
:100F9000984370474268202093691842FCD1116041
:100FA0007047C046436898690007C00F7047C04645
:100FB000037B8268002B01D1013359400123934008
:100FC000D0221206002901D0536170479361FCE7DB
:100FD0000B680C4A5B69080010B593420FD10123DE
:100FE0008A6893400A7B002A05D1D02212065361F9
:100FF0000020002110BDD02212069361F8E70021E5
:101000009847F5E7B10F0110F0B5C64600B5036883
:1010100014005B692D4A07000D0086B0934252D13F
:10102000012382689340027B002A42D1D02212061B
:101030009361F9F7EFFC0600F9F704FFA3009C4663
:10104000A4440490059161460023CA0004980599C0
:1010500012184B41802109068B4202D301221C4BFE
:101060005242012102911B49300001970091F9F78A
:10107000D5FC002C19D0184B002698463B68A95D7A
:10108000DB68434519D12022786883691A42FCD174
:101090000160711C20228C4207DD6E5C83691A425C
:1010A000FCD1013106608C42F7DC06B080BCB8464A
:1010B000F0BDD02212065361BBE7380001369847D5
:1010C000B442DBDCF1E701219847B2E7B10F011030
:1010D000FFFFFF7FD10F0110950F0110F8B516002B
:1010E00006AA12781D4F027380220D001C490400CD
:1010F000016083604760520000210D30FBF702FB66
:10110000882200235200A3500432A3500432380036
:10111000A354182D05D8134BEB40DB0701D512481B
:1011200060601249F9F7DCFE02212800F8F71EFF83
:1011300002213000F8F71AFFA068F8F759FF0123E1
:10114000A2689340D02212065362217B002902D16B
:1011500053612000F8BD9361FBE7C04600400340A7
:101160009C7F0110100110010080034090D003000B
:101170004B005B18C018030020331A700023213085
:1011800003707047F8B547460600CE464B4B80B516
:101190005A6A0F007169006991423BD89B6A834289
:1011A00000D27DE0F3699846F9F74CFEFA2204007C
:1011B0000D000023920040460021FBF711F90019B1
:1011C00069410B008021020009068B4202D30122F3
:1011D0003B4B5242340073613A4B012599463A4BDE
:1011E00032619846243406E04046FDF729F901357E
:1011F0000334802D0ED0237862789A42F7D02900EC
:101200006370002BF0D148460135FDF719F903341E
:10121000802DF0D1386803681B69984700283BD1BE
:101220000222FB68934337D0244BF1685A6AB068B6
:10123000914231D89B6A834236D3B3699846F9F715
:1012400001FEFA2204000D00002392004046002116
:10125000FBF7C6F8001969410B008021020009065E
:101260008B4224D2B2607F2080223168F36002E09A
:10127000013A002A1FD00131CB175B0EC91801407B
:10128000C91A4B005B18F31820331B78002BEFD0E2
:101290003800316000F082F8C0BCB946B046F8BDF5
:1012A000914200D07EE7B5E79142C6D1F4E7012232
:1012B000034B5242D6E73160EEE7C046004005409E
:1012C000FFFFFF7FF0780110E8780110036810B588
:1012D0008B4200D010BD4C006318C31820331B781C
:1012E000002B00D013006418001921300370F1E7BF
:1012F00003000022A1302033FF301A605A609A6048
:101300000C338342F9D170477047C0467047C046DE
:1013100010B50800D1B2F8F717FC10BD10B50123C5
:101320004260802204000160C3600021520010303E
:10133000FBF7E8F9882301225B005242E250114B8F
:10134000E21800231360A322D200A21813600E4AF1
:10135000A218136092221201A21813600B4AA35024
:101360000B4A106851680B4AA21810605160932212
:101370001201A354A2181361074B9060D1602000A2
:10138000A36010BD140500001C0900002409000022
:10139000D07A0110280900000012002030B5C3687F
:1013A000040083B0032B23D0164B4A1EC1507E2A63
:1013B00024D800256B460068803919715D71036877
:1013C00002229B6901A9984788235B00E550E560EC
:1013D000F9F738FD0C4B0D4A9C4600238018594103
:1013E0000B0080210200644409068B4202D20CC427
:1013F00003B030BD0122064B5242F8E70022C25032
:10140000F6E7C04624090000280900001027000064
:10141000FFFFFF7F8823F0B5C6465B000500C0587C
:1014200000B500280BDD2E001036330000213418E3
:101430001A78013389189C42FAD14B061ED1002339
:1014400028182E7C6F7CC373A86803681C6812235D
:101450009846164BA8449C421FD16B689E4202D00E
:1014600080BCB846F0BDA868114A03689B689342E7
:1014700018D139004046F8F767FBF1E70D48FCF753
:10148000DFFF0D4D317828000136FCF7D9FFB4425B
:10149000F8D10A20FCF700FFE2E73B0042463100AA
:1014A000A047DAE73A0041469847D9E7650C0110B2
:1014B00011130110F878011008790110F8B588238C
:1014C0005B000600C05800280BDD350010352B00EE
:1014D00000212C181A78013389189C42FAD14B0646
:1014E00010D100233018357CC373B068124C0368E8
:1014F000124ADF683159974218D15C68104B9C4200
:101500000FD1F8BD0F48FCF79BFF0F4E2978300034
:101510000135FCF795FFAC42F8D10A20FCF7BCFE80
:10152000EFE732002B001132A047EAE70122B8476B
:10153000B06831590368E0E7240900000D13011079
:1015400009130110F878011008790110BE4BF0B5AD
:1015500045469846882357464E46DE465B009946E8
:10156000BA4BE0B5FA2604008A469B460027A1B094
:101570008044B600206803681B68984700283AD06A
:10158000206803685B689847E3680500012B00D179
:10159000CBE0032B00D1B8E0002BEBD1F9F752FCE4
:1015A000801979410B008021020009068B4202D389
:1015B0000122A74B524241464B604B46E3580A601A
:1015C000812B10DC49465A1CE31862501D74012A15
:1015D00000D1FAE0022ACDDD237C02339A42C9D140
:1015E0002000FFF76BFF01232068E36003681B689E
:1015F00098470028C4D14346964A5868516A1D68E6
:10160000E368884200D9B7E0926AAA4200D2B0E00B
:10161000002B00D0B0E0002200234146A0680A6001
:101620004B6003688C4ADB68934200D089E1012358
:10163000E3605346002B61D09222884B1201E518DB
:10164000A2182B681068984258D0854A09E00133E7
:10165000D917890D5B189B059B0D5B1A2B60834284
:101660004CD0E1188E5C7F2EF1D9834246D00133F5
:10167000D917890D5B189B059B0D5B1A7E212B608A
:1016800031423BD0834239D0E718B95CBA56002AC0
:1016900034DB0133DF17BF0DDA197F2392053340A6
:1016A000920D013BD21BDBB22A60002B26D0002614
:1016B000B2466B4EE946B44690421FD06646A71824
:1016C000BE5D4F463E7076B2002E17DB0132D61754
:1016D000B60DB04642449205920D921B0126B046CB
:1016E000C2442A60C1445345E6DC7F2B06DC6A46CF
:1016F000200000F051F9E368032B45D021B0F0BC85
:10170000BB46B246A946A046F0BD582808D1932250
:1017100000231201A3541032A35088225200A35078
:1017200029005846FCF78CFE24E702061BD44B46E2
:10173000E3585A1E812A00D91CE7012B39D04946AB
:101740005A1CE31862501874032A00D112E7637C14
:1017500003339A4200D00DE72000FFF75BFE002321
:101760004A46A35006E78822803D5200A3502574C4
:1017700000E7884200D04BE75246002ABCD0012B3C
:1017800000D159E7032BB9D193231B01E35C002B54
:101790002AD11133FF33E358002B47D000DDE5E0B9
:1017A000304B9C46304B64441A685B68226063602F
:1017B000A4E7002804D1227C63689A4200D1D1E0DA
:1017C00002234A46A3506574D4E6002D00D0D1E62A
:1017D000A068214A0368DB68934200D103E7234AEB
:1017E000A15801229847FEE61E4BE518194B69687F
:1017F0005A6A2868914200D980E79B6A834200D2E6
:101800009BE094231B01E1580131E1500A2900DDDE
:101810009CE01748FCF714FE932300221B01E254BE
:10182000114B1A685B682A606B6067E7A321C900E7
:101830008846A04441468A270E4A0E68A0180268CE
:101840007F00964222D173E0280900000C79011034
:10185000FFFFFF7F004005400D1301101C09000031
:101860001C05000038090000D07A0110240900008E
:1018700018790110140500000132D117890D521892
:101880009205920D521A0260964251D0A118CD5D78
:101890007F2DF1D9B2424BD00132D717BF0DD119EC
:1018A0007F228905890DC91B170001602F402A423C
:1018B0003ED08A2522006D00AC461032B14237D0AE
:1018C00065466118495DD15449B2002930DB45466F
:1018D00001682E68B1424ED00131CD17AD0D4919C6
:1018E0008905890D491B013301609F42E6DC88238D
:1018F0005B00E7503B0001212000494200F04CF81A
:10190000932301221B01E254F9F79CFA1C4B1D4A58
:101910009C460023801859410B008021020064443A
:1019200009068B4202D30122174B52420CC4E5E652
:10193000882300225B00E25032E7914200D060E74A
:10194000DCE6124AA1580022984770E61048FCF7DE
:10195000EFFCA3230022DB00E3181A600D4BE31811
:101960001A6059E7200000F047FA03E67F2BC7DC36
:1019700022001032BFE70133BB429FDBB7E7C0460E
:1019800038090000A0860100FFFFFF7F2409000046
:101990001479011014050000F0B557464E4645462F
:1019A000DE460C00E0B5904607009946C3B03868A3
:1019B00003681B699847FB6800280CD1002B0DD1E8
:1019C00000213800FFF7C2FD386803681B6998479B
:1019D000FB680028F2D0002BE9D1F1E7022BE6D01A
:1019E000002C00DA93E0032502200122803CE3B2C0
:1019F00002A90B704C46E4B28C54E4184B46E4B296
:101A00005A1E002B21D0102A06D90B189B4643469C
:101A10005D462B439B0728D045462D1AA84602ADAC
:101A20006E1E454681449446884603004A46290076
:101A3000CD5C01336419F554E4B29342F8D16246A7
:101A4000414601308018451CEDB27F23644223409B
:101A50000B5438682A0003689B69984743B0F0BC70
:101A6000BB46B246A946A046F0BD4B469B089B002C
:101A70009A4601900800294D51460023BA46002697
:101A80004746AC4690465A468346009464466546AF
:101A9000F858354004406419214DD050704028401A
:101AA0004440043326009942F0D14246B846574696
:101AB0008A463304009C1B0EF318E3183402240EEC
:101AC0001B19360E9B19DCB253464646D31A9C4668
:101AD0005346019856445946C318B346D145B0D031
:101AE00035785E1C2C19CD546546E4B2002DA8D083
:101AF0005D466D78023364198D556546E4B2012D5B
:101B00009FD05D46AD782C19CD54E4B299E70225FB
:101B100001200022002302A96CE7C0467F7F7F7F5F
:101B20008080808010B57F2B03DC7F2901DCFFF7EC
:101B300033FF10BDF8B5DE464E46454657460C000D
:101B4000E0B50500080002F023FA217806002329F9
:101B50001BD0EB68032B61D0212920D00B00303B38
:101B6000092B03D941390020052908D863781A00C8
:101B7000303A092A31D9413B0020052B2DD9F0BC40
:101B8000BB46B246A946A046F8BD6378462B3ED078
:101B9000522B00D10BE1452B34D00120EFE76378C5
:101BA000462BFAD100212800621C433BFFF7F4FECC
:101BB00003239322EB6000231201AB54A322D20033
:101BC000AA181360844A8548AA1813608822520014
:101BD000AB50FCF7ADFB0120D1E72000FFF72EF85A
:101BE0008038C0B2002826D1AD687D4A2B68A01C81
:101BF0009B68023E934200D0E1E0F1B2F7F7A4FF08
:101C00000120BCE7A01CFCF793FB0120B7E70123F0
:101C10007448EB60FCF78CFB0120B0E73A2974D0E4
:101C20007F28BAD801210300220028004942FFF78B
:101C3000B3FE0120A3E77E28AFD8B31E9C467E2BBF
:101C4000ABDC92231B019A46AA4453461A68664BA2
:101C5000EB1819688A4200DBB7E08B1A984680239C
:101C60004746DB00DB1B98464746604BDB1BDF43E8
:101C7000FF173B409E4290DC7F239846531CDF17A2
:101C8000BF0DB9464B449B059B0DDB1B9B46B044E7
:101C9000994216D04346564FAA18D35553465A4632
:101CA0001A600132D3179B0D984642449205920D5B
:101CB000D21A914200D18DE05B46EB18D8555346BD
:101CC0001A606346002B00DC67E77F23A01C984660
:101CD000013C474BA1469C46B144434606781E4012
:101CE000531CDC17A40D1B199B059B0D1B1B994254
:101CF00000D152E76446AA18165552461360814532
:101D000000D14AE71A000130E7E77F2800D944E70D
:101D1000A323DB009A46AA4453461A682E4BEB18BD
:101D20001868111A824203DA8021831AC900C91A7D
:101D30002E4B5B1AD943C9170B409E4200DB2CE7A0
:101D400080239846531CD917890D8C466344990506
:101D50006346890DB044C91A884239D08A23474660
:101D60005B00AA18D75453461960002E00D114E71F
:101D7000631E99467F23984695339C46B14443465B
:101D800022781A404B1CDE17B60D9B199B059B0D44
:101D90009B1B984200D100E7664669188A55524657
:101DA0001360A14500D1F8E619000134E7E769683E
:101DB0001048FCF745FB01230120EB60DFE6010042
:101DC0003200280098470120D9E6531A98464BE77D
:101DD0001100CAE75A4674E714050000487901105B
:101DE00011130110307901101C090000FF030000DD
:101DF0001C05000024790110F0B5C646A3222C4B27
:101E000000B5D200C418821823681168A2B09942A4
:101E100044D08A26760009E00133DA17920D9B1828
:101E20009B059B0D9B1A2360994237D0C218955D84
:101E30007F2DF1D9994231D00133DE17B60D9B19B0
:101E40009A05920D921B7F2633002B409846226004
:101E50002E4223D08A235B0000279C4602AE91428B
:101E60001CD063468518ED5C35706DB2002D15DB16
:101E70000132D517AD0D52199205920D521B013743
:101E800022600136B845EADC0121434602AA4942F4
:101E9000FFF782FD22B080BCB846F0BD6B46D91D6D
:101EA000002300680B70036801229B699847F1E7E3
:101EB000140500008160704701230121084A136066
:101EC000084A1360084A080013689843FBD1074A80
:101ED00011608021490013680B42FCD07047C04656
:101EE00000E0004000F0004008C0004000C0044096
:101EF0000EB430B581239CB06A461FAC9B0020CC49
:101F000093820290069002F043F80B4B6A460A93C4
:101F100000230E931393013BD382084B0390079049
:101F20002A00186802A92300019400F00BF81CB0E5
:101F300030BC08BC03B01847411F011084170020B3
:101F400000207047F0B557464E46DE464546E0B5A0
:101F5000874C0E00A54402AFBB63B865FA650C233D
:101F6000CA5E80239B011A4205D113438B81814AAB
:101F70004B6E13404B66602008231B18D8190822AB
:101F80000021FAF7BFFB00239B46BB62BB647B6565
:101F90007B64FB64784B3B65784BFB63784BFB625F
:101FA000E4233A6DD45801F025FF6021082252182D
:101FB000D219009204310300FA6DB86D7918A04768
:101FC000002828DBFB6D02009C4684446346FB65C9
:101FD0007B6E002B58D001282DD0252B33D0002824
:101FE000DED0584404005846A0465C46F96D73683C
:101FF0000D1AAD1A002B37DD32682B5D117899422E
:1020000042D173680132013B013473603260444550
:10201000F0D1A346C4E75B4B60207B6608231B1806
:10202000D81908220021FAF76DFBFB6D0133FB651F
:102030007B6E002B28D0FA6AD25C12076CD4012286
:102040000120252BCDD1FB6D002419780023944667
:102050009A46FB6D5D1C0B00253BDBB2552B13D85C
:10206000FA6B9B00D3589F463100B86D04F0BAFB61
:102070000028C1D0FB6C002B01D101F01BFAB38901
:102080005B0601D501F016FABB6C002B08D0BB6CC7
:102090001868FB6C013314D0002801D0FAF71AFB42
:1020A000BD46F86CB9239B009D44F0BCBB46B246CC
:1020B000A946A046F0BDFB6C002B02D0B3895B069D
:1020C000E5D5BB6CDB883B63BB6C18683B6B002BB6
:1020D0000ED0050000240026814698462B68013466
:1020E0001868FAF7F7FA08CD1E60A045F6DC4846F6
:1020F00001235B42FB640028D0D1D1E72307C3D181
:10210000FB6DFD655978A4E72307BDD102231C436D
:10211000FB6DFD6559789CE7FA6A08245D46904698
:1021200073680BE0414632681378CB5C1C420DD0DB
:1021300073680132013B013573603260002BF1DCC2
:102140003100B86D04F04EFB0028EBD0AB4627E71A
:102150008F23234298D1534630229B00524253444E
:1021600092465B005B189A44FB6DFD65597870E7F9
:1021700014FDFFFFFFDFFFFF18160020D07F0110C6
:10218000C1830110FDFF0000042398463D6473687D
:10219000002B00DDF3E03100B86D04F023FB0028D4
:1021A00000D067E73B6CFB65630601D401F0F9FAE8
:1021B0004346032B00D113E1042B01D100F02CFC8A
:1021C000012B00D122E3022B00D0CFE15346002B9C
:1021D00001D1013B9A46102323409946E30701D4DD
:1021E00000F080FE4B46002B01D001F07EF8BB6B67
:1021F00004CB3A64BB63240601D401F0ADF9002A94
:1022000000D141E78020FAF727FA8046002801D163
:1022100001F045FA3B6C1860BB6CDA883A639C8825
:10222000A24201D301F0C8F818683A6BB96C531C8C
:10223000CB803B6C95002B5043463B6320237B6354
:102240003368C64D1B78EB5C1B0772D453460024E1
:102250003B6001F0CFFDA04200D10BE79021490087
:102260008C46C0398A46BA44D44461463368621CFD
:102270007A621A7801330A55726833607B6D013ACD
:1022800039627260032B01D001F0D4F81823602268
:102290009B18DC19BB6F042B04D0082200212000FE
:1022A000FAF730FA7B6A4146FB6100943A6AB86DEE
:1022B00001F072FD7865431C00D1DBE6002801D0F7
:1022C00001F014F942461060002004F0C9F800281B
:1022D00001D001F0FDF97B6A9C46E34401235B4297
:1022E0009C463B6863443B604B46002B01D001F0A9
:1022F00030F904339C463B6CE044002B01D101F0E3
:1023000028F943463A6B00249B1A7A6B7B629B1038
:10231000934201D301F005FA7368002B01DC01F050
:1023200091F933681B78EB5C1B0702D43B68002BE8
:102330008FD14B46002B00D032E643464A461A6006
:102340003B6C002B09D043463A6B991A8B107A6B81
:1023500001339A4201D901F096F8FB6C0133FB641A
:102360001EE680233D649B001C437D4BBB62102313
:102370007B640D3B98467368002B00DC0BE73268EA
:10238000764D1378EB5C1B0701D401F018F9082394
:1023900099462B005D46A3461C0006E049460132E3
:1023A00032601378E35C194212D073680135013B47
:1023B0007360002BF2DC3100B86D04F013FA0028D2
:1023C00000D057E6494632681378E35C1942ECD1F5
:1023D0003B6C5C46FB654346AB46032B00D0EBE60B
:1023E000D8231B011C435346AE220021013B52005F
:1023F0003964934205D95D3BFF3B3B645E23FF3369
:102400009A46002399462133FF339C46C03B9846A9
:10241000B844C44463467B62524B98465346E246F6
:102420001D00326811780B002B3BDBB24D2B00D91D
:1024300080E140469B00C3589F46602220239B18A2
:10244000D819290001F0D2FD40231C433F3B984698
:10245000F8657368002B00DDA6E6FB6D3B649AE629
:102460003D64414BBB620A237B64073B98468EE682
:10247000230700D008E6FB6D5978682901D100F0E8
:1024800095FE0423FD651C43E3E58F2319002140DD
:10249000234200D0F8E5BB6C002B01D101F01FF8FE
:1024A00080231C432CE63D64FD65E30600D577E5FB
:1024B000BA6B08CABA63220701D400F0C1FF5A46BA
:1024C0001A703B6CFB656BE5230700D0DCE5FB6D08
:1024D000597802236C2901D100F069FE0123FD65C2
:1024E0001C43B6E501233D641C43BAE788233D64E1
:1024F00039E71B4B3D64B5E701233D641C43184B92
:10250000BB6208237B64053B984640E601231C43DD
:10251000013398463D643AE601233D641C43402361
:102520001C433B6CFB650023984692E753462343CC
:102530009A4600D0A8E5FB6D10245978FD6588E522
:102540006246FD654BE5084BFD65BB6200237B647D
:10255000033398467DE73D64D1E7C046C18301104F
:10256000415E0110288101109D5601105346D0464E
:10257000002B01D101339846102323401A003B64FD
:10258000E30701D400F005FD002A01D000F0B6FEFB
:10259000BB6B04CB7A63BB63240601D400F0F0FF6D
:1025A000002A00D170E58020FAF756F8824600280C
:1025B00001D101F074F87B6B1860BB6CDA883A6368
:1025C0009C88A24201D300F0BDFE18683A6BB96C3A
:1025D000531CCB8093007A6B1A5053467B622023A6
:1025E0003B63902360225B009B180025DC1935E0DB
:1025F000182360229B18DD19082200212800FAF711
:1026000081F800954B4622005146B86D01F0C4FB9D
:102610007865431C00D12DE5002839D101235B42A8
:102620009C463B6CCB44E044002B10D152461360D7
:102630007B6B002B08D053467A6A9D1A3A6BAB101D
:10264000934201D300F0E2FC04239C46E244736809
:102650000025002B30DD4346002B36D001F0CAFBAD
:10266000A84200D106E533686A1C91461A78013306
:102670006255726833607B6D013A7260032BB7D18B
:10268000182360229B18DD19BB6F042BB4D1B8E767
:102690007A6D931C2ED0CB44032A02D12B68042BD5
:1026A00003D001235B429C46E0443B6C002BBFD02F
:1026B00073680025002BCEDC3100B86D04F092F871
:1026C0000028C8D0002D00D0D4E47B6B002B08D0AC
:1026D00053467A6A991A3A6B8B109A4201D900F0E4
:1026E000DEFE3B6C5A425341FA6C94469C4463466E
:1026F000FB6455E473684D46002BAFDC3100B86DC8
:1027000004F070F80028A6D0DCE77B6C0A2B11DD02
:10271000BD4B1C405346197001239C46E24473682C
:10272000013B7360002B6ADD01323260013D002DF8
:1027300000D076E65246E30509D57B6A9A4201D974
:1027400000F060FD52467B6A9A4200D19CE410235F
:102750001A002240234215D15346796A1A70B86D87
:1027600000227B6CBD6AA847BA6B131D9846A3066E
:1027700001D400F023FD13681860FB6C0133FB6487
:102780004346BB6352467B6AD51A4D44AB44FFF7C0
:1027900007FC786C9D4B4000C35E7B649A4B1C40E9
:1027A000B8E7C0238020DB00234080008342C1D1F2
:1027B000974B2340A024E4001C4310237B64A9E72B
:1027C00080232342B6D09C43A4E7786C8F4B400013
:1027D000C35E7B64082B9BDCACE723059AD57B6C3E
:1027E000002B05D180239B001C43F93BFF3B7B64FE
:1027F000630501D400F0CDFC864B1C408AE7310014
:10280000B86D03F0EFFF002890D093E75346002BFC
:1028100001D1013B9A46102323401A007B63E30752
:1028200000D4DEE2002A01D000F055FDBB6B04CBE2
:102830007A62BB63240601D400F09BFE002A00D11B
:1028400022E48020F9F708FF051E01D100F027FFE0
:102850007B6A1860BB6CDA883A639C88A24201D319
:1028600000F098FD18683A6BB96C531CCB8093004C
:102870007A6A3D621A502023FB610024A946250094
:1028800001F0B8FAA84201D1FFF7F4FB90216020D3
:10289000336849001A780918C91901334A55726812
:1028A00033607B6D013A6C1C7260032B00D183E0B6
:1028B0001023984650339C46BC44E0440822002133
:1028C0004046F9F71FFF90224346602152003C63C7
:1028D0005218009349462300B86DD21901F05CFAF2
:1028E0007865431C01D1FFF7C5FB00286FD14A462C
:1028F00000251060602018231B1808220021D81919
:10290000F9F700FFE0233A6D6021D258C83B3A64E2
:1029100060229B18B86D2A00DB193D6C7918A84716
:102920000025012802D16023FB181D782023602296
:102930009B18DB195B5D002B01D100F029FE7B6D3C
:10294000A344032B4BD001235B429C46E2447B6BA8
:10295000002B0DD104339C467B6AE144002B07D049
:102960004B463A6A9C1AFA69A310934200D327E2B5
:1029700073680025002B3CDD5346002B80D14D466B
:102980007B6B002B01D0FFF70BFB2B607B6A002BCE
:1029900000D1E2E43B6AFA69E91A8B1001339A42EA
:1029A00000D8DAE47C6A04312068F9F773FE002865
:1029B00000D1D2E42060D0E41023984650339C46E6
:1029C0003B6FBC44E044042B00D077E77BE77B6D92
:1029D000023309D04B461D686B1C8BD1A6E74346DA
:1029E0001B68042BAFD1B2E77368002B00DD46E70C
:1029F00025003100B86D03F0F5FE0028BCD02C1E78
:102A00004D46BDD0FFF736FB7FF4FFFF9C830110DE
:102A1000FFFDFFFF7FFAFFFFB86D01F0F3F90368D8
:102A2000AE223B62F023DB00234399465346013B31
:102A30005200934200D847E35D3BFF3B3B615E237E
:102A4000FF339A46002319003B647B61BB613B6303
:102A5000FB612133FF339C46C03B9846B844C444D5
:102A600063465C46E046CB4689467B62D04B7B633F
:102A7000326811780B002B3BDBB24E2B03D8786BFE
:102A80009B00C3589F465B469B056ED5386A03780A
:102A90008B426AD14346FB605B46BB6053460025D0
:102AA00080467B6006E043460132326011785B5D10
:102AB000994219D14346AB4601355B5DA2460134CC
:102AC000002B00D1E8E27368013B7360002BEADC65
:102AD0003100B86D03F086FE002805D14346326808
:102AE0005B5D11789942E5D0BB68494699465346EB
:102AF0003B615B468846FD687B63AB46B2467C6BB8
:102B00003D6ABE6D295D5246300003F02BFE013C4C
:102B1000F8D23B697A6B5D469B1A414656469B4606
:102B200027E05B461B0520D53B6C4B44002B1CD19A
:102B30005A46A04B1A400023934699463B644346AD
:102B4000197001235B429C460233E2449C46E044F8
:102B500073680134013B7360002B00DC20E13368B3
:102B6000013333605346002B82D149464546D9464E
:102B7000A3463B6B002B00D198E04A468E4B1A408F
:102B8000914693E05B461B0503D53B6C4B44002B01
:102B9000CED03B6C012BE8D102233B64CFE78023EE
:102BA0005A461342E1D09A439346C8E74B46072B57
:102BB000DBD108239946C2E798235A461B011340EC
:102BC000802252009342D0D13B6B012BCDD15A468B
:102BD000794B1A401300802212011A439346302386
:102BE00042461370313B9C460233E2449C4600232C
:102BF000E0443B63A3E74B46062BB6D10723994637
:102C00009DE75B461B05B0D5A0225B46D200134072
:102C1000013AFF3A934205D05B461342A5D03B6B85
:102C2000002B3DD05B469B0505D43B6BFA699B1A94
:102C3000BB6143467B615A46604B1A401300C02279
:102C400052001A43002393463B6378E73B6C002B0A
:102C500000D01AE23B6B002B07D1E0235A46DB0081
:102C60001A409A4201D100F012FD4B46012B02D0CE
:102C7000042B00D079E74B460133DBB299465EE77F
:102C80004B46002B00D0F7E13B6B002B00D0A8E2B5
:102C9000E0235A46DB001A409A4201D100F0EFFCD3
:102CA000002349464546D946A3463B633B6C013B5E
:102CB000012B01D800F023FD0B00013B062B00D8AF
:102CC00045E24B46DB0500D4B1E14B465B0501D53F
:102CD00000F039FD01236C1E5B4221785B4498466D
:102CE00065290BD0452909D03200B86D03F03AFDB3
:102CF00002235B425B449846AC1E21783200B86DDB
:102D000003F030FD10234A464946C3461A400B42A1
:102D100001D0FFF745F92270BB69002B01D000F00C
:102D20000EFC0022796AB86D02F0C0FABA6B04009A
:102D3000131D98464B460D00DB0700D446E213688E
:102D40001C605D60FB6C0133FB644346BB63FFF7B3
:102D500027F95B461B0504D53B6C4B44002B00D187
:102D6000E6E64B46022B00D0FFE603239946E6E653
:102D70005B461B0500D447E7D6E65B46DB0500D47F
:102D8000D2E680235A469A433B6B934601333B631A
:102D90003B69002B00D056E2013B9C46E244D7E65B
:102DA0003100B86D03F01EFD002800D1DAE6DCE644
:102DB000608201107FFEFFFFFFFEFFFF7FF0FFFF3D
:102DC000386AD1001500F9F765FC3862002801D196
:102DD00000F065FC81467A6A6B00A1441060FB61DB
:102DE000C6E57B6B002B00D031E2BB6B04CB914678
:102DF000BB63240600D4B7E3002A01D1FFF744F9EE
:102E00002020F9F729FC041E00D153E34B46BA6C8D
:102E10001860D18839639388994200D3A3E210687F
:102E20003A6BB96C531CCB804B4695002B5020233A
:102E300018002022944640329046B844C44462466A
:102E4000110033683A641A788A5C002A01D1FFF7CE
:102E50001BF95A46A046834655467A6313E043461B
:102E6000D31A9A4614005B452CD2013D002D00D1A7
:102E70002DE17368002B13DD3368396C1A788A5C96
:102E8000002A00D123E17268013A72605A1C326054
:102E90001B78621C23704B46002BE0D11400E4E742
:102EA0003100B86D03F09EFC0028E5D05B461800A9
:102EB0007B6B45469B46444501D1FFF7DBF8631B1E
:102EC00098460FE15B465B00404619009B46F9F7C8
:102ED000E1FB8046002800D1ECE254464B464444D6
:102EE0001860C2E74B46002B00D06CE3BB6B04CBF1
:102EF0009146BB63240600D4ECE2002A01D1FFF71F
:102F0000C3F82020F9F7A8FB041E00D1D2E24B46FB
:102F1000BA6C1860D18839639388994200D37BE1F9
:102F200010683A6BB96C531CCB804B4695002B5004
:102F300020233B643368D44D1A78AA5C120700D56D
:102F4000D1E121007C6354467268013A72605A1CD8
:102F500032601B784A1C0B704B469046002B07D002
:102F600013007A6B9B1A9A463B6C9A4500D3D7E2C2
:102F7000013C002C00D1CCE07368002B00DCC1E0E8
:102F8000082133681A78AA5C114200D0C1E041469A
:102F9000DAE73B6C002B00D0B7E1BB6B20CBBB6307
:102FA000240600D422E1002D01D1FFF76DF8404640
:102FB000F9F752FB041E00D17CE2BA6C2860D1887C
:102FC00039639388994200D341E210683A6BB96C37
:102FD000531CCB8093001D500096210043460122D4
:102FE000B86D03F01FFC041E01D1FFF764F84045E3
:102FF00006D221002868F9F74DFB002800D0286090
:10300000FB6CA3440133FB64FEF7CAFF786AD1006E
:10301000F9F740FB7862002800D140E382463B6B21
:103020007A6B5B00AA4410603B63FFF70DFB102333
:103030004A4649461A400B4201D0FEF7B1FFC02371
:103040002A708022DB000B40D200934200D063E65E
:10305000FB693A6B934200D163E69A1A60218B4B6D
:103060005B18DB199D4202D3894B5B18DD192800E0
:103070008849FAF7E1FE54E6FD22033B134200D0F3
:1030800073E50433DBB2994659E53B6C022B00D063
:10309000EBE503233B6452E5FB6854469846BB6866
:1030A00040469B465A467B68396A9A467A4B1A4094
:1030B00093462A0003F0ECF901235B429C463B6BEC
:1030C0008046E244FB6143E500233B61BAE45B4692
:1030D000454618007B6B9B46631B9846AC4201D16A
:1030E000FEF7D2FF002323704B46002B04D043464B
:1030F000591C884200D994E2FB6C0133FB64C34441
:10310000FEF74EFF3100B86D03F06CFB002800D1D4
:1031100036E7434644467A6B9B1A591C9B4400236E
:1031200023704B46002B01D1FFF717F93B6C8B4204
:1031300001D8FFF712F94B461868F9F7ABFA0028E7
:1031400001D1FFF70AF94B461860FFF706F902298B
:1031500000D809E32C00032900D1B2E533000E00AA
:103160009846013C42462178B86D03F0FBFAA3195A
:103170005B1BDBB2032BF4D1434631001E000B0076
:10318000043BDBB2DA43AD185A46013AD31A9B46E8
:1031900097E5424B1C403B6C002B02D0013B3B644B
:1031A000013501239C46E144FFF7B9FA08231C438B
:1031B000FB6D99780233FB65FEF74BFF230700D4C4
:1031C0000BE1BB6B1B681870FFF7D7FABB6B1B6872
:1031D0009A464B469B0700D417E153461C605D603E
:1031E000B0E549464546D946A346C6E4009643465F
:1031F00001222900B86D03F015FB041E00D0FFE684
:10320000FEF738FF5546013D32002978B86D03F0CE
:10321000A9FAAA46FFF796FA214A934201D9FEF786
:1032200053FF08229046984443469900BB6C1868A7
:10323000F9F730FABB6C002801D1FEF743FF424694
:1032400018609A806DE63B69013B3B6180E4202376
:103250009C4640339946B944CC44634619003268D1
:103260003B641378CB5C002B01D1FEF70DFF0132DC
:10327000326052467368013B7360012A00D13EE719
:1032800044463D6C1BE0C046C18301107302000040
:1032900072020000647901107FFDFFFF7FFCFFFFD9
:1032A000F6FF000032681378EB5C002B0FD07368D8
:1032B0000132013B013473603260A24507D0002B1C
:1032C000F0DC3100B86D03F08DFA0028EAD0A0469A
:1032D000C344FEF765FE0023FB613B627B626433FF
:1032E000FD18FFF7CAFA012119E700237B633B634E
:1032F0003B646433FB189846FEF7A2FF00239A460E
:103300003B637B627B63FFF76CF9BB6D4546002432
:1033100098460AE0D218310040463260E418ED1AAF
:1033200003F060FA002800D085E1736832689D429E
:10333000F0DCA8465B1B4244444473603260A34403
:10334000FEF72EFEDD4A944200D9A8E1BD6C083498
:103350002868A100F9F79EF9002800D19FE12860B4
:10336000AC80FFF733F9D54A934201D9FEF7ACFEA2
:1033700008229046984443469900BB6C1868F9F7B8
:1033800089F9BB6C002801D1FEF79CFE424618600B
:103390009A8045E5C94B9C4200D980E1BB6C08345A
:1033A0001868A100F9F776F9002800D177E1BB6C25
:1033B00018609C80FFF757FAC04B9C4200D96EE121
:1033C000BD6C08342868A100F9F764F9002800D121
:1033D00065E12860AC80FEF728FF63074ED4E30761
:1033E00000D547E1A40700D444E1B54BBA6A9A423C
:1033F00000D1CAE100227B6C796AB86D02F046FF09
:10340000BB6B1B6803C3FFF7B8F902000B00F8F7AA
:10341000C6FB002858D120002900F8F751FC53467C
:1034200018608FE402233D649846FEF7B0FE3D64C9
:10343000FFF775F8182360229B18DC19FEF72DFFA3
:10344000620700D40CE15A461A80FEF7A9FD9B4A98
:10345000934201D9FEF738FE082292469A44534619
:103460009900BB6C1868F9F715F9BB6C002801D1FD
:10347000FEF728FE524618609A80A7E5BB6B1B68D2
:103480001880FFF77AF93C6C04312068F9F702F9EB
:10349000002801D1FEF761FF2060FEF75EFF7C6B24
:1034A0002068F9F7F7F8002801D1FFF71AF9206032
:1034B000FFF717F9BB6C002B01D0FEF703FE0123C9
:1034C0005B42FB64FEF7ECFD7E4800F0CFFD534607
:1034D000186037E40023140099463B642AE582B063
:1034E00002ABBB6402910391FEF7DAFF7B6D0233FE
:1034F00000D1D9E04346186802F0B2FF002800D09E
:10350000E6E07B6A9C467B6DE344032B01D0FEF72B
:10351000E5FE2368042B01D0FEF7E0FEFEF7E4FE93
:103520005B00190010003B64F9F7B4F878630028D9
:10353000C0D00200524490464A46106018E57D69AA
:103540000A230022B86D691C02F0A8F8BB69C21AF0
:1035500084E50024FEF7E0FE3B6C984600237B6385
:103560003B633B64FEF76CFE002314001800994691
:103570005FE400237D6AFB613B627B62FFF77DF9BC
:103580007B6B9A4600233B637B627B63FFF729F8E2
:103590004D46002C01D1FFF7F3F92023FF339B1890
:1035A000DC19BB6D250098463C6B295D3200404616
:1035B000013C03F0D7F8002CF7D1FFF7E0F93B6CA2
:1035C000FB65FEF7F5FD32683F4D1378EB5C1B079A
:1035D00001D5FEF7E5FC01323260082290465246E2
:1035E00073680124013B7360012A0FD1D4E0414686
:1035F00032681378EB5C194200D0A0E673680132A0
:10360000013B013473603260A24554D0002BEEDCE4
:103610003100B86D03F0E6F80028E8D0A344FEF7C7
:10362000BFFC4B461868F9F735F8002800D163E570
:103630004B46186060E5002C01D1FEF71BFDA3444A
:10364000FEF7AEFC3100B86D03F0CCF8002801D1D4
:10365000FEF767FE002C01D0FEF70CFDFEF769FEB9
:10366000E20724D4A40722D55A461A60D2175A601A
:10367000FEF727FFBB6B1B681860FFF77EF85A4602
:10368000124B1A40012393469946FFF758FA5A46BF
:103690000E4B1A40012393463B64FFF750FA012377
:1036A0005B42FB64FEF7F0FC7C6AFEF735FE5A468F
:1036B0001A60FEF706FFD344FEF772FCF6FF000027
:1036C000415E01102C790110C18301107FF8FFFFCA
:1036D00020236022FF339B18DC197B6A002B01D169
:1036E000FEF727FEBB6DFD699A46615D32005046CC
:1036F000013D03F037F8002DF7D1FEF71AFE7B6A83
:103700002C009D4201D8FEF7BFFC35001E00013C95
:103710002A002178B86D03F025F8B442F7D1FEF7FE
:10372000B3FC386BD100F8F7B5FF38630028B6D08A
:1037300084467B6B796A3A6C61445B008846106012
:103740007B63FEF7E9FD7A6A954201D8FEF79CFC9F
:103750002C00013C32002178B86D03F003F87B6A3D
:103760009C42F6D1FEF790FC7A6A2C00954201D873
:10377000FEF78AFC013C32002178B86D02F0F2FFBE
:103780007B6A9C42F6D1FEF77FFC00227B6C796A53
:10379000B86D02F061FE33E601239C46E344FEF778
:1037A000FFFBFB6D3B64FEF7EAFDC04610B5034B23
:1037B0000100186800F00EF810BDC0468417002004
:1037C00010B5034B0100186801F0D2FD10BDC046D2
:1037D00084170020F0B54E464546DE465746E0B514
:1037E0000D000B35060085B0162D27D8102900D9FD
:1037F000DAE000F05DFB102518230221C74FFB180B
:103800001A005C68083A944200D146E103226368DA
:10381000A1689343E268CA6091600121E3185A6885
:1038200030000A435A6000F04BFB2000083005B01E
:10383000F0BCBB46B246A946A046F0BD07239D4357
:1038400000D5B1E0A94200D9AEE000F031FBFC2385
:103850005B009D4200D29AE1690A00D1A8E00429E8
:1038600000D94FE138239846A90988443931CB0063
:10387000082252429446A94FFB189C446346DC68D8
:10388000A44514D0032399460B0061469C4607E0EB
:10389000E068002A00DBFAE0814200D1FBE004008E
:1038A0004A46636893435A1B0F2AF1DD41463A00AA
:1038B0003C690832944200D1D8E003206368834316
:1038C000581B0F2800DD66E13A617A610028A4DA0E
:1038D0007A68904680229200934200D3E3E0DA08AF
:1038E000580901238340404618438046D300DB1922
:1038F0009A687860E360A2609C60D46001208B10BD
:10390000984040455CD8434603420AD1032399437B
:10391000434640000431034203D1400004310342D6
:10392000FBD00323B3469C460E00B8460190F0003E
:1039300040440100B246CB680BE064465A681F0061
:10394000A243DB68541B0F2C00DDF3E0002C00DBEE
:103950000DE19942F1D101239946CA4453460831F9
:103960009B07E8D1032205E003680838013E834243
:1039700000D00AE23242F7D14346019A5B68934392
:1039800042465360019A520001929A4216D8002A88
:1039900006D113E004229146019ACA4452000192D2
:1039A0001342F7D05646C2E70C23002033603EE7AF
:1039B00080233F22402190469B0059E75E464746C0
:1039C0000322BC68636893439946AB4202D35B1BF6
:1039D0000F2B4EDC23004B440293514B08201B68F5
:1039E00010335B19019300F011FA4E4903900B68F4
:1039F0008B46013306D08446019B4242013B63441F
:103A0000134001933000019902F0B6FD0300804697
:103A1000013300D1DDE0029B834200D9D7E0019A57
:103A2000414B944619689A466144039A1960029B77
:103A30000800013A434500D0EAE04346134200D073
:103A4000E6E0BB68984663464B441A0001231A43DC
:103A500043465A60354B1868884200D21960344B8F
:103A60001868884200D219604446B4E07B689846E2
:103A700044E70122290013431143651961603000B6
:103A8000BD606B6000F01CFA20000830CFE6A26831
:103A9000D0608260C1E6614609E7DC680231A3427A
:103AA00000D104E7B2E65A0A042A00D888E0142AB2
:103AB00000D90FE110005B3082465C32D200082052
:103AC00040428446BA189444624692680B3081465C
:103AD000944500D1E5E00800A2466146844602E034
:103AE0009268914204D04C465068A0439842F7D85F
:103AF000D368614654469C466346A260E3609C607E
:103B0000D460FBE6142973D9542900D9EBE06E2365
:103B10009846290B88446F31CB00A9E6101200208B
:103B20002027002004120020F02600201827002063
:103B30001C270020BA4601205146844649190543F6
:103B400050464560856847466046EB605E469D602E
:103B5000534639617961204308374860CF603000AF
:103B60008F609C5000F0ACF9504608305FE6BA46D2
:103B700001205E465244516801435160BA683000EA
:103B8000D3609A6000F09CF9380008304FE62B00B3
:103B9000E908083332E66119884601218C460D4355
:103BA0004146656039617961CA608A606246024354
:103BB0004A60E050300000F083F92000083036E61B
:103BC0009A091000393238308246D20077E7BC4279
:103BD00014D0BC68626803239A43531BAA4202D3E1
:103BE0000F2B00DD45E7300000F06AF900201EE6EB
:103BF0005B23984688445C31CB0039E6644B9A4697
:103C00001868019B9C46534660441860039B5A1EEB
:103C10005B461B68013371D0434602995B1A5146DB
:103C20001B180B6007234146404619400291184279
:103C300040D00398013384465B1A0199984441446B
:103C40000191634411405B1A1A4011003000934601
:103C500002F092FC431C78D04346C01A03005B4438
:103C60000193534619680120594419604346019A4B
:103C7000BB6002435A60BC4200D1EBE64B460F2BBF
:103C800040D907220C3B93436268024005201A4347
:103C90006260E218506090600F2B4BD843465A6820
:103CA000D8E6534698100123834040461843804687
:103CB000786021E7019B039943441340CB1A1A40D3
:103CC00011003000934602F057FC431CC4D100237E
:103CD0009B46C6E7542A18D81A0B10006F326E3074
:103CE0008246D200EBE6AA235B00994218D8DD3B5E
:103CF0009846E90B88447831CB00B9E55B464146EC
:103D000019608FE7434658606DE7AA204000824261
:103D100026D8DA0B1000783277308246D200CEE611
:103D20001C4B994226D87C239846A90C88447D31A7
:103D3000CB009DE521003000083101F019FB53460E
:103D40001968BB6898465A6884E6019A029B9446B3
:103D50004246083B63449B1A019300239B4680E73D
:103D60000C4882420CD89A0C10007D327C3082467E
:103D7000D200A4E6FE237E227F2190469B0077E5B9
:103D8000FE227E209200824699E643465B68F9E572
:103D9000F02600205405000070B582B0069C050096
:103DA000002C0BD0E4260F488659002A0DD028009D
:103DB0000094B047431C10D002B070BD0400E4264C
:103DC0000848F4348659002AF1D101230021280043
:103DD000054A0094B047431CEED1002323608A3388
:103DE0002B60E9E7181600202C7901107047C046B7
:103DF0007047C0469422024B5200985C7047C04600
:103E0000181600200048704708170020802310B5BE
:103E10005B01082801D1180010BD02F0BFFB16237A
:103E20000360173BF7E7C046024670B50A439207A6
:103E30002AD11E4DEE0104C808C9541B94433440D6
:103E400017D0D0B2D9B2401A2106014310D190B296
:103E500099B2401A210401430AD110021902000A42
:103E6000090A401A2102014302D1100E190E401A0C
:103E700070BD9A42DFD010BA19BA884201D9012028
:103E800070BD0020C04370BD02780B780130013155
:103E9000002A09D09A4207D102780B78013001310B
:103EA000002A01D09A42EFD0D01A70BD0101010161
:103EB00010B50248FFF79AFF10BDC046EC2600205F
:103EC00010B50248FFF794FF10BDC046EC26002055
:103ED00070B50B0C0024150C002B28D1002D3CD103
:103EE0008BB291B25943FFF775FC051E33D0030026
:103EF000083B5A6803239A43043A242A12D8030041
:103F0000132A0AD90460446008331B2A05D9846047
:103F1000C460242A2AD00300103300221A605A6099
:103F20009A6002E00021F8F7EDFB280070BD002D3B
:103F300016D1151C89B292B24A43ADB29BB26B4303
:103F4000110C5B18190C0BD1190492B21143FFF735
:103F500041FC051ECBD10025E7E72B1C0D1CE9E732
:103F600002F01CFB0C2300250360DEE70300046164
:103F700018334461D1E7C046030010B50A00034975
:103F80000868190000F076F810BDC04684170020BC
:103F900010B583070AD00300032102E001330B426E
:103FA00005D01A78002AF9D1181A10BD0300196833
:103FB0000C4A0D4C8A188A4322420FD15968094A8B
:103FC00004338A188A43224208D15968054A0433C7
:103FD0008A188A432242F1D000E001331A78002A7D
:103FE000FBD1E1E7FFFEFEFE8080808070B50D789A
:103FF00004005E2D1BD0481C002600212300621CFB
:10400000FF32197001339342FBD1002D0DD00122F4
:10401000724062550378461C2D2B0FD05D2B0BD0C0
:10402000002B03D01D003000F3E7013870BD4D7840
:10403000881C01260121E1E73000F7E741785D297E
:1040400011D08D420FDC2B0002300133E254994233
:10405000FBDC6B1C8D4203DA491B01395D18D9E783
:1040600000215D18D6E72D253000D2E700487047C3
:104070000000C07FF0B557464E46DE464546E0B5E7
:104080000C000600170083B0002900D1ACE0FFF758
:104090000FFF08235B429946A1444B465B6803220D
:1040A00019003D0091430B35CA468846162D67D846
:1040B0001025AF4267D8A8456EDA4946C04841444A
:1040C0004A68009080689346884200D1A0E00120B1
:1040D000844610006246904308184068104200D0A1
:1040E00077E05A46032082439346C3445D454EDD44
:1040F0006046184212D14B4648461B68C31A03203B
:104100009B465B688343D21842440092954200DC90
:10411000CCE0434400939D4200DCCBE0390030000A
:10412000FFF758FB071E00D11EE14B4601225B68DA
:10413000934302004B44083A934200D1E3E04246E5
:10414000043A242A00D9E3E003002100132A09D904
:1041500023680360636843601B2A00D9DCE0030026
:10416000083108330A681A604A685A608A689A6097
:104170003000210001F0FCF83000FFF7A1FE20E044
:104180000432954395D50C230027336019E0D846B7
:10419000CB688A68D3609A6043465F1B534601220E
:1041A00050465B68404413400F2F22D841460B43D2
:1041B00051464B604368134343603000FFF780FE75
:1041C0002700380003B0F0BCBB46B246A946A04663
:1041D000F0BD1A42A2D14B464A461B68D31A0322AD
:1041E0009B465B68934394E71100FFF7F3FA0700DF
:1041F000E7E751462B434919554617436B604F601B
:104200004368083113434360300001F0B1F8D4E74C
:1042100003218A4394462900C44410318C4500DBB5
:1042200084E0DB0700D579E74B4648461B68C31A94
:1042300003209B465B688343D2184244019291421B
:1042400000DD66E75B465A46DB6892685F46D360EE
:104250009A604246043A0837242A00D999E03B0084
:10426000132A0AD9594623688B606368CB601B2ADE
:1042700000D993E05B460834103322681A60626804
:104280005A60A2689A605B4601225919009B30006F
:104290009960019B5B1B13434B605B465B6813405B
:1042A0005A462B435360FFF70BFE8AE7CB688A68B8
:1042B000D3609A605B465A46DB6892685F46D3607B
:1042C0009A604246043A0837242A17D83B00132A3A
:1042D00009D9594623688B606368CB601B2A39D89B
:1042E0005B460834103322681A6062685A60A2681C
:1042F0009A60009B3C009846DA464DE72100380062
:1043000002F004FBF5E703225B689343984443E71C
:10431000210002F0FBFA2BE7A3688360E368C36027
:10432000242A26D00300103110331BE74B465919BD
:10433000009B0122996063465B1B13434B604B4615
:104340005B68300013404A462B435360FFF7B8FDCB
:10435000270036E7A3680B61E3684B61242A10D07D
:104360005B4610341833BEE73000FFF7A9FD002785
:1043700027E723691831036103006269183342613A
:10438000F0E623698B615B4662692033CA611834A9
:10439000A9E72100380002F0B9FA74E7A3680B61BD
:1043A000E3684B61242A03D05B461034183364E77A
:1043B00023698B615B4662692033CA6118345CE70C
:1043C0001012002070B516000D0002F00DFF002E37
:1043D0000DD06B236A00520D9B1A002B07DD0024C1
:1043E000034A1B059D182B002200F7F772FB70BDD6
:1043F0000000F03FF0B54546DE4657464E46E0B574
:104400009FB0079200220C001A92002100228046E1
:1044100004910592210019910A780F002D2A03D8E2
:10442000B44D900028588746002108910021099139
:10443000302A00D1B2E015002F2A01D800F044FD47
:104440000023A4463800002619001C000BE08B0056
:1044500001305B18199005785B00991830392A00F3
:1044600001362F2D0FDD392D37DC082EEFDDA300AF
:1044700001301B19199005785B009C18303C2A000C
:1044800001362F2DEFDC894601229B49A246644666
:1044900001F0F2FD002800D094E0199B0D965A1C03
:1044A00019925D780023129350E00131B3E70022A6
:1044B00008924F1C19974A78002AB7D1079B00260B
:1044C0000027002B00D01C60300039001FB0F0BC6A
:1044D000BB46B246A946A046F0BD894601228649A0
:1044E000A246644601F0C8FD00286BD1199A13005A
:1044F000013219925D78002E01D000F075FD302D4B
:1045000001D000F01DFD13001800013319931D7830
:10451000302DF9D0801A01302B00313B082B00D907
:10452000FCE2302252429446199B421C1292002215
:104530001F000126AC440D924A4692004A445200A4
:104540006244914600205A1C19925D782A00303A44
:10455000092A00D9E6E29446199B0130002AF2D0DC
:1045600031188B460139012801DC00F089FE5546DF
:104570004A469A46E1462B0006E09500AA185200EA
:10458000B14201D100F08FFC35000136082DF4DD79
:10459000102EF5DC9D00EB185B00F1E77A782031F6
:1045A0008A437D1C582A01D100F023FC2F00199565
:1045B0003A780135302AF9D0002A00D1B4E201233B
:1045C000099338E70023002000220D961293202340
:1045D000290099430B0000210C91452B28D0002E77
:1045E00000D091E0099B034300D09DE2002A00D057
:1045F00064E7692D00D11FE301DD00F075FC492D52
:1046000000D119E34E2D00D058E73C4919A801F01C
:104610001BFC002800D151E7199B1B78282B01D1E6
:1046200000F02BFD364802F03BFF06000F007DE254
:104630003300099903430B4300D13FE7199C631CE6
:10464000199365782B2D00D1C4E32D2D00D07BE28A
:1046500001230A93A31C1993A5782B00303B092B47
:1046600000D979E31999302D0DD14B1C19931D7880
:1046700019000133302DF9D000230C932B00313B6E
:10468000082BACD801334D1C1995AC464D780B93D3
:104690002F2D01DC00F02EFC0C92624610910C993B
:1046A00083468C4610000B9B0AE09900C918013222
:1046B000490019924B194578303B2F2D02DD10002F
:1046C000392DF2DD604694460B93634610990C90A9
:1046D0000C9A5846591A082901DC00F00BFC094BCA
:1046E0000C930A9B002B00D179E70C9B5B420C9347
:1046F00075E7C046C48401106C790110C0790110BF
:104700002C7901101F4E00000C9B129A9B1A0B93E0
:104710000D9B002B00D10D963400102E00DD1024CF
:104720004846F7F749FA04900591092E17DD220053
:10473000624B093AD2009B181A685B68F7F7C9F90F
:10474000049005915046F7F737FA02000B000498E1
:104750000599F7F797F9049005910F2E25DC0B9B2F
:10476000002B00D139E30B9B002B00DC4EE2162B13
:1047700000DCC8E325230B9A9B1B934215DB049AAC
:10478000059B0F244D4DA41BE1006918086849687A
:10479000F7F79FF90B9B1C1BE4002D192A686B6827
:1047A000F7F797F906000F00C0E10B9B341B9C46FE
:1047B0006444002C00DCCAE10F231A00224023428B
:1047C0000AD03E4BD200991808684968049A059BA4
:1047D000F7F77FF9049005910F239C43231E4FD0D8
:1047E0009A225200944200DDA6E324111F2B01DC23
:1047F00000F0CBFC049805990022924601329346C2
:1048000052462F4BB2461D000993160000235A460C
:10481000224204D02A686B68F7F75BF9012301365E
:1048200064100835012CF2D1320056469246002B16
:1048300001D004900591234A059B94466344059357
:104840005346D900099B9C46049A059B614408681D
:104850004968F7F73EF91C4B1C4A049005910B4040
:10486000934200D968E3D42080048446184A614406
:104870000591934204D90123164C5B42049305949D
:1048800000230A934B4639000093404633000D9AAB
:1048900002F01AF91390002800D14DE30B99129AF7
:1048A000CB430C98DB17101ACA171940002310408D
:1048B00099469B460C901491F0E0C046E8F1011037
:1048C000C0F101100000B0FC0000F07F0000A07CEF
:1048D0000000907CFFFFEF7FC91A521A1F2900DDEC
:1048E0003EE201238B40109300231593AB189A46A8
:1048F0000A9BA4189C462B006444554500DD534692
:10490000A34200DD2300002B04DD5246D21A92465A
:10491000E41AED1A0C9B002B00DDB1E15346002B8D
:1049200000DDC8E10B9B002B00DD0BE2002C00DD5D
:10493000FCE1002D08DD49462A00404602F0DEFA7F
:104940008146002800D1FAE140461A99099A02F0FE
:1049500071FB8346002800D1F1E1C36849461293F8
:104960000023C36002F048FB002800DAC8E3059B7F
:104970000D9300D14AE34946584602F017FD8023C3
:104980000022DB0504000D00F7F7F4F8002800D141
:1049900068E1129B002B00D0EFE1049B002B00D0BC
:1049A00074E20D9B1B0300D01AE2002220002900B4
:1049B000D34BF7F7D9F8002800D01EE30022D14BE3
:1049C00020002900F7F785F80A0001001300109174
:1049D00011920E9080221206944663440F930D9B11
:1049E000C94A0E9C0F9D13409A46C84B9A4500D168
:1049F000CAE10A9B002B28D0D423DB049A4524D893
:104A000010981199C24AC34BF7F7B4F8002817D091
:104A100010981199F7F710F9002800D10130F7F735
:104A2000CBF8129B10901191002B00D0D7E280227E
:104A300012060B009446634416901793169C179D1C
:104A4000D6235246DB04EB189D1A3000390002F0E1
:104A5000CBFB02000B0020002900F7F73AF83200E8
:104A60003B00F7F70FF80E00049005910A9B002B0E
:104A700004D1A54B33409A4500D1D5E140461A995F
:104A800001F0C4FF4046099901F0C0FF4946404685
:104A900001F0BCFF5946404601F0B8FF139C404668
:104AA000616801F08BFF031E099000D147E1226984
:104AB0000C3302320C34210018009200F7F728FE64
:104AC000049E059F1CAB01931BAB009332003B007F
:104AD000404602F005FC1A90002800D1F4E00121C4
:104AE000404602F09DF88146002800D127E11B9B3B
:104AF000002B00DADBE00C9A149C9D180A991C9A92
:104B00005B1A36219B188A1A8349013B8B4200DAD3
:104B1000E2E60023159301331093E7E60023002615
:104B20000D931293012252E500260027079A002ACE
:104B300001D0199B1360089B002B00D1C4E4802195
:104B400009067B181F00BFE400230A9385E5002CAB
:104B500000D195E60F231A006442224023420AD076
:104B6000049805996D4BD2009B181A685B68F6F79C
:104B700092FF04900591241100D181E61F2C3FDCA7
:104B800010231A0022400A92234201D05A330A937A
:104B900001220498059900239246614D5246224213
:104BA00004D02A686B68F6F794FF01236410083577
:104BB000002CF3D1002B01D0049005910A9B002B0F
:104BC00015D0049B059C6B236200520D21009B1A9B
:104BD000002B0ADD1F2B00DC14E300200490342B93
:104BE00000DC16E3DC239B0405936A230A9300226E
:104BF000049805990023F6F7AFFF002800D141E69D
:104C0000222342460026002713608FE70B9B1633B2
:104C100000DACAE50C99129A404B521AD2009B183E
:104C20001A685B6804980599F6F735FF06000F00CF
:104C30007CE7012208923CE43A4919A801F004F902
:104C4000002800D13AE4199B3749013B19A8199370
:104C500001F0FAF8002802D1199B013319930026BC
:104C6000294F63E7274B002220002900F6F731FF88
:104C7000129B10901191002B7AD10B000E90A9E697
:104C800049461A00404602F0D1F88146002856D025
:104C900001001A9A404601F0F3FF0D9000284ED013
:104CA00040461A9901F0B2FE0D9B1A9336E6149A0B
:104CB0000C9DD41A22E7524640461A9902F01EF97A
:104CC0001A90002800D02DE6DA462223424600261C
:104CD0000D4F13600100404601F098FE40460999CF
:104CE00001F094FE4946404601F090FE404613997B
:104CF00001F08CFE5146404601F088FE16E7C046A2
:104D00000000F03F0000E03F0000F07F0000E07F87
:104D10000000C0FFFFFFDF4102FCFFFFE8F10110D0
:104D2000C0850110B4790110B87901102200404605
:104D3000099902F0E3F80990002800D0F9E5DA4675
:104D40001A98C2E74046149A099902F06FF8099040
:104D5000002800D0EAE5F2E7002319940C933EE422
:104D6000CF49CB1A01219940012315911093BDE53C
:104D7000109B119C0E930F9431E60023C94C0E93A7
:104D80000F94109311942AE6C74A0D9B94466344EE
:104D90000593049C059D2000290002F025FA0E9A37
:104DA0000F9BF6F796FE22002B00F6F76BFEBF4B2B
:104DB000BF4A049005910B40934200D88FE0BD4A52
:104DC000974201D10136BAD00123BA4C5B42049319
:104DD000059453E600230A933CE4049E059FA5E650
:104DE0000023B54C0E930F940023AE4C10931194F6
:104DF000F5E50293089B404601931AAB0093AF4A36
:104E00001BAB19A900F0A6FC0F231E0004000640EE
:104E1000034200D188E6062E00D09EE00023002643
:104E200000271995089381E6109C119D2000290008
:104E3000F6F71AFFF6F70CFF02000B00200029001E
:104E4000F6F717FE049A129B36031343360B040041
:104E50000D009B4A33430AD19A4BF6F785FE002892
:104E600000D10BE6DA46049E059F1A9832E7964B6E
:104E7000F6F77AFE0028F5D120002900934A944BDA
:104E8000F6F788FE002800D1F8E5EBE7012BA7D163
:104E90000D9B002BA4D1DA46222342460026002790
:104EA0001A98136016E749461D00914653460A00BA
:104EB000AA465946129DAB46834458461290082E86
:104EC0002EDC0E00FFF738FB01223800814901F08B
:104ED000D3F8002837D000200022FFF783FBD4232B
:104EE0009B04CE180596C1E56E2D01D1FFF78DFB11
:104EF000FFF7E4FA0B99784B0C91994201DCFFF72C
:104F0000F0FBFFF7EDFB0B9A744BD10059180868C2
:104F10004968049A059BF6F7DCFD06000F0005E6DC
:104F2000102966DC5046800050449246400082447E
:104F30000E000020FFF707FB2223424613608EE697
:104F40000020FFF7E9FA199A1300013219925D78EF
:104F5000002399469A46FFF7D2FA1A9A002A07D0F8
:104F600035211CA802F056FA40461A9901F04EFD70
:104F70001B9A052E00D981E1594BB6009B599F46DB
:104F80001C9B584904931D9B0B4057498C46624417
:104F9000120513430593E40503D58022120613433B
:104FA0000593424A049E059F134200D0BEE501F0DE
:104FB000F5FA22230360B9E501224C4B52420492D8
:104FC0000593E40500D408E7059BE6E7374B059316
:104FD000F7E71C991D9A1D9B04910592DBE7109B36
:104FE000119C1693179429E500230D961293FFF751
:104FF000ADFA0E000020FFF7A6FA00233C4C0E93FA
:105000000F940023324C10931194E8E4159B1299ED
:105010009C460D9BDA461A03120B002900D1A0E032
:1050200034498A4200D1D3E06246002A01D1109B64
:10503000049A13420CD0049805990A9AFFF7C2F912
:1050400002000B0030003900F6F71CFD06000F00CF
:105050000A9B002B00D108E730003900264B0022C4
:10506000F6F737FD114B06000F000B4200D0FCE6AF
:10507000222342461A9813602CE620491CAA19A83C
:1050800000F0F8FE052801D0FFF7CCFA1D9B074A77
:105090001A431C9B05920493049E059F46E5C04657
:1050A000E2FBFFFF0000F03F0000B0FC0000F07FDB
:1050B000FFFF9F7CFFFFEF7F0000F0BFA88501107E
:1050C0009535A094FFFFCF3FFFFFDF3F35E5AF35BC
:1050D0000000E03F6C7901101F4E0000E8F1011064
:1050E0007C850110FFFFEFFF33040000FFFFFF7F0F
:1050F0000000E0BFFFFF0F00000050399485011051
:10510000129B0499059ADA460B43A1D113039FD150
:10511000D623614CDB0414409C4299D95B465B6901
:10512000002B03D15B461B69012B91DD5146012207
:10513000404601F0E3FE4946824601F05DFF00284B
:1051400000DC85E70A9B002B71D0544B544A9C46E7
:105150000123644422435B4205920493049E059F0D
:105160007AE7002A17D1049A002A59D10A9A002A0C
:105170005DD0494C1C40D623DB049C42E5D8DC239F
:105180009B049C4200D967E786E600239A46454B7C
:105190000993FFF750FB6246002A01D1109B049A45
:1051A000134200D154E7049805990A9AFFF70AF9C7
:1051B00002000B0030003900F6F75BFC00220023F0
:1051C00006000F00F6F7C8FC002800D140E763E6B0
:1051D0000A9A0498002A49D0D4212F4AC9041A40B7
:1051E0008A4243D86B21120D8A1A6C399140884249
:1051F0002DD06246002A00D01BE7109B034200D14D
:1052000026E718E7012252429A40049B1340049378
:10521000EBE44B239A1A4C3B934019400591E4E48C
:105220006146002925D00B4200D111E7BBE7059A62
:10523000194B1A981340194A9446194A63441A4361
:1052400001235B4205920493049E059F42E5164AA2
:10525000934217D0104A134080225203944663446D
:10526000059300230493049E059FF1E60121494222
:10527000BDE7109B134200D1EAE694E700238AE6DB
:10528000711C17E60130E5D12223424600261A9808
:10529000014F13601EE5C0460000F07F0000F0FFE4
:1052A000FFFF0F00C0F10110FFFFEF7F10B5024BB1
:1052B000FFF7A0F810BDC04618160020F0B5C6468E
:1052C000060000B508200D00FEF7A0FD0400300028
:1052D000FEF7EEFD234B210098469B685F68032391
:1052E0009F4338001138401B0019F6F787F9451E17
:1052F0006543AC4208DC0021300001F03DF9434633
:105300009B68DB19984206D03000FEF7D9FD0020DB
:1053100080BCB846F0BD3000694201F02DF9013083
:105320000ED0012243467F1B9B6817430E4A5F60E5
:10533000136830005B1B1360FEF7C2FD0120E7E736
:105340000021300001F018F943469A68831A0F2BA8
:10535000DADD064C04492468001B086001210B4378
:105360005360D1E710120020F02600200412002024
:10537000F8B5CE46474605000C0080B5002957D049
:10538000FEF796FD012321009C46083948686246D5
:10539000030003249343CF187A68654EA243B46890
:1053A000BC4200D170E0BC18A14664467A60044259
:1053B00021D10868091A1B18886880464846406849
:1053C0002040340008348146A04551D04046CC6886
:1053D000C460A0604846002811D19B185548BA689F
:1053E000824200D17FE0F868D060826001221A43D7
:1053F0004A60CB5007E0484640682042EDD0624604
:105400001A434A603B6080229200934214D2DA0829
:10541000580901238340706803437360D3009B19CC
:105420009A68CB608A609960D1602800FEF748FDD9
:10543000C0BCB946B046F8BD5C0A042C3DD89C09F6
:10544000200039343830E40034192268083C03273E
:10545000944203D140E09268944203D05068B8432C
:105460009842F8D8D468CC608A60A160D160DCE74B
:10547000002858D1B868D218FB68C36098606346AA
:1054800013434B608A50D0E79A186346034206D113
:105490000B68C91A8868D218CB68C360986001236A
:1054A00013434B60244BB1601B689342BDD8234B20
:1054B00028001968FFF702FFB7E7142C07D9542C0E
:1054C0001AD81C0B20006F346E30E400BCE72000BB
:1054D0005C345B30E400B7E70123801083407068E0
:1054E00003437360BFE7D1609160CA608A600122A4
:1054F0001A434A60CB5098E7AA225200944205D83A
:10550000DC0B200078347730E4009DE70C4A9442AD
:1055100005D89C0C20007D347C30E40094E7FE2408
:105520007E20A40090E762461A434A603B607CE715
:10553000101200201812002008120020202700203E
:1055400054050000F0B557464E464546DE46E0B5E8
:1055500082460F0090461E00994683B0242B43D804
:10556000012B41D00B0008204A4D1A00147801335A
:10557000295D0842F9D11D002D2C00D176E02B2C9D
:105580003ED0454B9B4600230193002E53D1302C37
:1055900000D173E00A2399460A3649465846F6F781
:1055A0002DF82B008C463D000200270000214C46C0
:1055B0000020E146AC463D00303D092D07D9113DA4
:1055C000192D03D93D00613D192D20D80A35AE4271
:1055D0001DDD4F1C05D082422AD327D00121604314
:1055E00028181F780133E6E700F0D8FF1623036080
:1055F000002003B0F0BCBB46B246A946A046F0BDB1
:105600001C78254B951C9B4600230193BDE76746FC
:105610004A1C21D0019A002A00D040424246002A6A
:10562000E7D0002933D143461F60E2E7A945D5DA28
:1056300001214942D5E7102EAFD110239946302CD5
:10564000ABD120222B789343582BA6D110236C7812
:10565000994610260235A0E7222251460A604246AA
:105660005846002AC5D058465F1EDCE71C788023C8
:105670001B069B460123951C019386E720222B786D
:105680009343582BE2D008230826994685E78346A2
:10569000E9E7C046C1830110FFFFFF7F10B5FFF7A8
:1056A00051FF10BDF0B5D6464F4646460369C0B51A
:1056B0000A009A464F11BB4208DC00230361002315
:1056C0004361E0BCBA46B146A846F0BD1F218C46F6
:1056D0000600644614369D00BB007519F31811408E
:1056E00014421FD02022521A944604CBCA4090463E
:1056F0009D4228D9B14664461A68A24044462243D6
:105700004C4604C404CBA146CA4090469D42F2D800
:105710005346DC1BA400043C34192260002A0CD040
:1057200004340AE032009D42C7D902CB02C29D4236
:10573000FBD85346DC1BA4003419A31B9B10036148
:10574000B442BED1BBE74261002AB6D03400043473
:10575000F3E7C046F0B5DE46454657464E46E0B54F
:105760008846096893468A7887B003900593302A63
:1057700000D006E2CB1C1D0001335A1E1278302ADD
:10578000F9D0691A8B1E9A46C04FBB5C002B00D122
:1057900000E1002200242B789146BD4AFB5C029276
:1057A000002B00D170E12E0073780136FB5C002BDA
:1057B000FAD101223000029900F05EFC019000282D
:1057C00052D0002233780192002C02D0A41BA200F8
:1057D0000192202234009343502B51D043461E6047
:1057E0004B46002B7DD1631B013B0021072B03DDC2
:1057F00001315B10072BFBDC039801F0DFF88246D8
:10580000002800D169E2142353440493AC4200D829
:10581000C6E19846002399463B0000264746A84625
:105820004D4699460CE0202E19D0320004364946E8
:105830002378CB5C0F210B4093401D4344455ED041
:10584000013C23782E2BEED14445ECD301222000DD
:10585000029900F011FC0028F0D0202EE5D120C7DD
:10586000002204260025E2E7002C00D17CE1202262
:10587000A41BA3000193337834009343502BADD184
:1058800063782B2B00D15FE12D2B00D0DCE00122CF
:10589000A378A11CFB5C2600581E18289ED84E1C1D
:1058A0004978103B795C180000290AD10CE083008C
:1058B0001B185B000136581833781038F95C002942
:1058C00001D01929F3DD0300002A00D05B42019AC0
:1058D00094469C446346019343461E604B46002B0E
:1058E00081D053465A42534106245B421C4020005B
:1058F00007B0F0BCBB46B246A946A046F0BDB846CC
:10590000A94646464B4608C6049B4846F61A5346E7
:10591000B6101E6101F030F95B461D687601301A41
:10592000A84270DC0026A84200DA0FE15B46019A2B
:105930009B68934200DA28E15B46019A5B689342D8
:1059400046DD9C1AA54200DD81E05A46D268022A53
:1059500000D1ECE0032A00D13BE1012A00D0EAE0CB
:10596000A54200D0E7E0012D08D05046691E01F0A5
:1059700071FD002800D1DEE05B465B68059A622479
:105980001360012352461361049A13605246109B20
:105990001A60ACE73E4B012219002800029300F088
:1059A0006BFB8146002875D16B786C1CFA5C002A71
:1059B00072D02500302B00D033E16B780135302BCD
:1059C000FBD0FB5C59425941012289469246E7E6E9
:1059D0000124002E10D05B46DB68022B64D0032B21
:1059E00066D0012B06D1B20704D5049A126816437B
:1059F000334260D110231C435246109B1A60059B12
:105A0000019A1A6073E7441B2100504601F022FD01
:105A1000061E0FD01F210123601E01408B40421142
:105A2000049992008A5801261A4203D0012800DD09
:105A3000C1E0022621005046FFF734FE019B9C4640
:105A4000A4446346019371E70022611C22E7671EAC
:105A5000002E00D0A2E0002F00D0A6E01F210123DD
:105A600039408B407A11049992008A581A4201D029
:105A700002231E4321005046FFF714FE5B465B687D
:105A80002D1B01930224A4E72E0092E6E885011065
:105A90006C7901102C002B7820229343502B00D1DD
:105AA00092E043461C601CE70123119A9B1A119354
:105AB000119B002B9ED053461F69049BBA00914650
:105AC000180098460021484403E002C3984200D8D9
:105AD00083E01A68561CF8D001321A60022C00D1FB
:105AE0008BE01F231E0021242E402B4200D183E790
:105AF0004B464344043B186801F03EF820239B1BAF
:105B0000984200DB78E753461B69002B00DDB2E0CA
:105B10000023524613610023524653615B46019AAB
:105B20009B680132019293422FDB212464E7119A92
:105B3000002A00D122E75146039800F067FF0023B6
:105B4000109A50241360D2E60022A1E62C1A514686
:105B50002200039801F0D2F9019B82461B1B01939E
:105B6000142353440493E1E67378741CFA5C260012
:105B7000002A00D12DE673780136FA5C002AFAD1AA
:105B800024E600238D1C9A46FEE55146039800F05A
:105B90003DFF0023109AA3241360A8E601265DE7C9
:105BA000049B984600239946ABE63900504601F025
:105BB00051FC060052E75046A11E01F04BFC0028A4
:105BC00000D136E7032635E70023019301339946D8
:105BD00056E6119A002AAED0D0E653469B689F4203
:105BE00022DA524601217B1C04371361BA00524469
:105BF0005160049A9046022C87D15B461B68222490
:105C0000013BAB4200D0F7E61F21012329408B4026
:105C100041466A11920054581C4063425C41213451
:105C2000EAE601239A46BEE55346596803980131D6
:105C300000F0C4FE061E56D0534651461A690C3178
:105C4000023292000C30F6F763FD5146039800F0E3
:105C5000DDFE01213269B246531C04329200B218B3
:105C60003361516014229046B044022CC5D09F424B
:105C700000DB36E749E79B0043441A005346504691
:105C80005B6918305B0882421DD9444619000368DD
:105C9000DB070B4308C402C849088242F7D80B004F
:105CA0005146521A193A9208013292004244136046
:105CB000002B0DD143465146D31A9B100B61424530
:105CC00000D02BE727E742461360002B02D0424664
:105CD0000432EFE7524613611DE70022E421054B31
:105CE0000548F8F73BF900228421024B0248F8F7F7
:105CF00035F9C046C4790110D8790110F0B557467E
:105D00004E464546DE468846E0B50C0092461E00EB
:105D1000082183B00190464823001D780134425D7C
:105D20001142F9D12D2D5ED0002293462B2D33D078
:105D3000002E07D1302D62D00A23052199463D4F10
:105D40000A360DE0102E53D0012031004042F5F705
:105D500055FC0700012031004042B146F5F74EFCEA
:105D6000002200202B00303B092B07D9113B192BB7
:105D700003D92B00613B192B11D80A339E420EDD4B
:105D8000551C06D0B84221D81ED04A4650430122A5
:105D9000181825780134E5E725789C1CC8E7531CC2
:105DA00017D05B46002B00D040425346002B04D056
:105DB000002A15D1534642461A6003B0F0BCBB46D8
:105DC000B246A946A046F0BD8B42DEDD012252421A
:105DD000DFE72223019910000B605346002BECD023
:105DE000631E9846E6E725789C1C01239B469FE7A7
:105DF000302D0FD010230F2199460F4FB0E72022EE
:105E000023789343582B0AD0082307219946082664
:105E10000A4FA5E7202223789343582BEAD1102379
:105E200065780F2199461026034F023498E7C04643
:105E3000C183011099999919FFFFFF0FFFFFFF1F01
:105E400010B5FFF75BFF10BD30B5026808E01378AE
:105E50001D00413D192D00D820330131A34206D148
:105E60000C780132002CF2D10260012030BD0020FC
:105E7000FCE7C046F0B54546DE4657464E461F2471
:105E800003000800E0B525001100006887B042114A
:105E9000920005408A180395044200D0A1E010004A
:105EA000171F021F91460022484602601868467874
:105EB000002E00D1B2E001906E48049380464B461C
:105EC0000F20002400228346019801934346029646
:105ED0003D0026008946B846390092461F00029CC4
:105EE00015E0202C00D98DE052450CDDA94201D9E6
:105EF000072E58DD0826A94505D2291F0023924602
:105F00000D0000260B6084780130002C12D03B5D20
:105F1000002BE6D001360132082E3CDC2C6824012F
:105F2000A4465C462340644623432B6084780130BA
:105F3000002CECD1019B8C463400494647469946DB
:105F4000002A6BD0654502D2072C00DC74E0A94220
:105F50004AD20A002B0001CB01C29F42FBD26A1C2D
:105F6000781C0423904262D20022CB1804C39F42C3
:105F7000FCD24B461B68002B05D1B94250D0043FE0
:105F80003B68002BF9D0052007B0F0BCBB46B246F9
:105F9000A946A046F0BDA945B5D20024043DA446BB
:105FA00001262C60BDE708239B1B9B009C462023F9
:105FB00064462E001C1B02952B686546059094468E
:105FC00020002A0075682C0084401C432B00D3401D
:105FD000346073600436B142F4D86246029D05987D
:105FE00088E71700101D5CE74B46039A1B68002AE0
:105FF000C7D02020801A01225242C24013404A4694
:106000001360BEE7A24634005646474680460198D4
:106010008C46049B49468146292E04D00420B3E7D0
:1060200001233B60AFE740460230186088E77D1BE4
:10603000AD080135AB0097E708262023361BB600D4
:106040009B1B98462B6828001A000B0031006646FF
:10605000AC464546984644682300AB4013432200B3
:10606000CA400360426004308642F4D86546414627
:106070006DE7C046E885011030B5002A26D0030040
:106080000B439B0724D1032A22D9164D0BE0043A77
:10609000002A1BD0144C1C199C432C4216D10430EE
:1060A0000431032A14D903680C68A342EFD00478A2
:1060B0000D78A54213D1012306E0C45CCD5CAC424F
:1060C0000DD101339A4201D0002CF6D1002030BD11
:1060D00004780D78AC4202D1012AECD1F6E7601BBE
:1060E000F5E7C04680808080FFFEFEFEF0B5DE460C
:1060F0004E4645465746E0B589B00D00059193469A
:106100001E00082107905F482B001C780135025DB6
:106110001142F9D12D2C00D184E02B2C4BD001233E
:106120005B420393584B049300230693002E08D13F
:10613000302C00D180E00A239A4600230A36994683
:1061400005E0102E00D182E0F317B2469946524680
:106150004B4603980499F5F78FFA23000F00804609
:10616000029200200022002113E0B94201D14045F3
:106170001ED8804543D052464B46F6F731F9E31717
:1061800000940193009B019C0122C01861412B786F
:1061900001351C00303C092C04D9113C192C0DD8B8
:1061A000373B1C00A64211DD531CF0D0B942DCD9AC
:1061B00001225242EBE72C789D1CB0E71C00613CA9
:1061C000192C03D8573B1C00A642EDDC531C1ED0F3
:1061D000069B002B04D003000C0000215842A14173
:1061E0005B46002B04D0002A48D15B46059A1A6012
:1061F00009B0F0BCBB46B246A946A046F0BD8F42EE
:10620000B9D1029BA342B6DA01225242BFE7222350
:10621000079A13605B46002B2DD06B1E03980499E0
:106220000593E2E72C789D1C0023039380231B0633
:1062300004930123069379E720222B789343582B6C
:1062400011D008239A460023082699467FE7302C70
:1062500004D010239A460023994678E720222B7811
:106260009343582BF5D110239A4600236C78994616
:10627000102602356BE703980499B9E7039004915F
:10628000CBE7C046C1830110FFFFFF7F10B5FFF7CA
:106290002DFF10BDF0B54546DE4657464E46E0B5EB
:1062A00087B00D000391984608210590654801923A
:1062B0002B001C780135025D1142F9D12D2C00D143
:1062C00088E0002204922B2C67D04346002B0FD18C
:1062D000302C00D183E0053302935B4B9A465B4B35
:1062E00099460A23009300239B460A33984615E0FB
:1062F000102B00D185E04246009301204042C11797
:10630000DB179B46F5F7B8F94246824689465B465D
:1063100001204042C117F5F7AFF902920022002098
:10632000002116E01C00A0451EDD531C0FD049457E
:106330003BD801D1504538D8504531D0009A5B4602
:10634000F6F74EF82600E7178019794101222C78DC
:1063500001352300303B092BE4D92300413B192BA5
:1063600026D8373CA045E0DC531C27D0049B002BEB
:1063700004D003000C0000215842A141019B002BD6
:1063800004D0002A23D1019B039A1A6007B0F0BC05
:10639000BB46B246A946A046F0BD2C789D1C94E7AA
:1063A0004945CBD1029B9C42C8DD01225242CEE737
:1063B0002300613B192BD7D8573CB4E72223059A19
:1063C00001204042C1171360019B002BDED06B1EE1
:1063D0000393D8E72C789D1C0123049375E72022B2
:1063E0002B789343582B1ED007230293083B9A46E1
:1063F000174B99460823009300239B460833984681
:106400008CE7302C0AD00F230293103B9A46114B95
:1064100099461023009300239B467FE720222B7888
:106420009343582BEFD10F230293103B9A46094B0D
:106430006C7899461023009300239B4610339846AE
:1064400002356BE7C1830110999999999999991926
:10645000FFFFFF1FFFFFFF0F10B5FFF71BFF10BD72
:1064600010B5002100F002F810BDC04610B500F0D4
:1064700045F9040000F056F81A38C0B2022805D9D0
:1064800000200423093CA342404110BD0120FCE749
:106490000300F0B5070008003843800701D1032A44
:1064A0001CD83800002308E0CC5C561EFC54451C68
:1064B0000133002C04D032002800002AF4D1F0BDB2
:1064C0002B000021AC19002E04D019700133A34217
:1064D000FBD185180028F2D12800F0E7084C05E030
:1064E0003B00043A043101C3032A07D908681F009E
:1064F000044BC31883432342F2D0D2E71F00D0E7F6
:1065000080808080FFFEFEFE002909D0FF2A02D88D
:1065100001200A7070478A23036001204042F9E796
:106520000020F7E7114BF0B598421BD80025104E1C
:10653000104F02E0551CAE4214DB7319DA0FD2186B
:10654000521053009B185B00FB1859885C780902B5
:1065500021439C886418A042ECD8884204D2561E7D
:10656000AE42EADAFF20F0BD1878FCE7EF010E003A
:10657000F9080000E8860110002370B5064C0500FC
:1065800008002360F7F7CCFC431C00D070BD2368E3
:10659000002BFBD02B60F9E764330020014B186817
:1065A0007047C04684170020030A30B5DBB20500EF
:1065B000C4B2022922D0032903D0803B803CDBB245
:1065C000E4B21A005032D2B21F2A0AD91A0030326D
:1065D000D2B2242A35D83C4A95422FD901204042D4
:1065E00030BD3A4A9542F9D83949B03BD801C01A72
:1065F0004000A13C00194000405AF1E79E2C0ED902
:1066000023348022E4B29F2B0ED8703B5B00D3185A
:10661000DBB21A005032D2B21F2AD7D8E1E77E3C53
:106620007F22E4B29F2BF0D950335B00D318DBB24A
:106630001A005032D2B21F2AC8D8D2E72549D03B1F
:10664000D4E75F33DAB2072AC8D8234B92009B58AD
:106650009F46F12CC2D8214AA13C6000805A0028F4
:10666000BED10138BCE7D82CB8D81D4AA13C600087
:10667000805A0028B4D10138B2E7F62CAED8C02336
:106680009B01E018ACE7F32CA8D8164BE018A7E75D
:10669000154BE35C002BA1D0144BE018A0E7144A83
:1066A000A13C6000805A00289AD1013898E7114A2D
:1066B000A13C6000805A93E7C02C00D98EE70E4AB7
:1066C000A13C6000805A8BE7A6F40000D3CF000005
:1066D00060D70110E4BC0110C4BC0110CCEE011065
:1066E00070EF0110A02F00003FEF011060FE0000CE
:1066F0003CF00110F8F001108CEE011070B50500AF
:10670000002918D02B31FF310C0020001149FDF772
:106710008BFB002804D101212800FFF745FF70BD45
:1067200020000D49FDF780FB002806D1022128003A
:10673000FFF73AFFF3E7094CE7E720000849FDF7C8
:1067400073FB03002800002BE9D10321FFF72CFF86
:10675000E5E7C0463C7A0110407A0110421700205C
:10676000487A011070B514004B1C1BD0938920226D
:10677000FF259343226BA381CEB263680D40002AAC
:1067800013D0626B9A4208DD2368013B23601E70C0
:10679000636801336360280070BD210000F086FE4D
:1067A0000028F1D001256D42F5E721692268002912
:1067B00005D0914203D2511E0878A8420ED0E3635F
:1067C000230040332363032363633F33A263E65410
:1067D00023004233236001236360DCE7013321603F
:1067E0006360D8E710B50C00096B00290FD02300B7
:1067F0004033994201D0FEF7BBFD00232363E36BD6
:106800006360002B03D00020A36B236010BD002227
:10681000202101206260A28923690A43A2814042AB
:10682000F3E7C046F0B5DE4657464E46454683463A
:106830001800E0B5504385B00F000E9C019300286E
:1068400035D0002398464033994665680600216894
:10685000A144A84220D90290039238002A00F5F7FB
:1068600057FF2368216B5B1923604346B246636080
:106870007F19761B002921D0494502D05846FEF7E2
:1068800077FD43462363E36B6360002B16D0A16B57
:106890001D002160B342E0D332003800F5F738FF25
:1068A000636801989B1B636023689B19236005B094
:1068B000F0BCBB46B246A946A046F0BD23692021E4
:1068C000236000236360A38902980B43A38153468E
:1068D000039A40191100C01AF4F790FEE7E7C0468A
:1068E00082B000290AD0002A0BD0002B0BD01378DD
:1068F0000B601078431E984102B0704701A9002A2E
:10690000F3D10020F8E702204042F5E7F0B58842D5
:106910000AD98B18984207D2531E002A03D0CA5CAA
:10692000C254013BFBD2F0BD05000F2A0AD8561E07
:10693000002AF8D00023CC5C1A00EC5401339642B4
:10694000F9D1F0E703273E000D430C0003002E4071
:106950002F422DD11500103D2D09AC462F013F18B7
:1069600025681D6065685D60A5689D60E5681034F8
:10697000DD601D001033BD42F2D165460F230C24AB
:1069800001352D01491913404519144213D0043B18
:106990009B0801339B008C59AC5104369E42FAD1BE
:1069A00003231A40AD198919561E002AC2D1BAE72D
:1069B0000500561EBEE71A00B9E7C046436C70B525
:1069C00004000D00002B0AD0AA009B1818680028AC
:1069D0000ED002681A6000230361C36070BD2122DB
:1069E0000421FDF775FA031E6064EDD10020F5E780
:1069F0000126AE40721D012120009200FDF768FAC9
:106A00000028F3D045608660E5E7C046002906D03F
:106A10004A68436C92009B181A680A6019607047B4
:106A2000F0B5C6461F008046002300B50E000D6974
:106A300014310C6801332004000C5043240C5443DF
:106A4000C019070CE4190004270C000C24042418B6
:106A500010C19D42EDDC002F08D0B368AB4209DDC8
:106A60002B1D9B00F31801355F603561300080BC41
:106A7000B846F0BD716840460131FFF79FFF041E24
:106A800017D0310032690C31023292000C30F5F728
:106A90003FFE434672685B6C92009B181A68326036
:106AA0001E6026002B1D9B00F31801355F603561C9
:106AB000DCE70022BA21024B0248F7F74FFAC04642
:106AC000C4790110507A0110F8B54746CE46060049
:106AD000180080B50C00083009211F009046F4F71B
:106AE00065FD092F3BDD012500216D000131A84224
:106AF000FBDC3000FFF762FF011E32D0089B4361D0
:106B0000012303614346092B16DC092398460A3406
:106B100047450CDD4346E719FF1A23780A22300067
:106B2000303BFFF77DFF01340100BC42F5D1080086
:106B3000C0BCB946B046F8BD09239946A1444D46AC
:106B400044442B780A223000303BFFF769FF0135BF
:106B50000100A542F5D14446083C4C44D8E7002149
:106B6000C7E70022024B0348D331F7F7F7F9C046D5
:106B7000C4790110507A01108022030052020020D3
:106B8000934201D21B04103080225204934201D25E
:106B900008301B0280225205934201D204301B01AF
:106BA0008022D205934203D3DB43DB0FC01870472A
:106BB00099009B0004D403301142F8D12020F6E75D
:106BC0000230F4E703680200590707D0D9071ED442
:106BD000990720D55B080360012070470020190445
:106BE00001D11B0C1030FF21194201D108301B0AC2
:106BF000190701D104301B09990701D102309B0804
:106C0000D90702D401305B0803D01360E5E7002008
:106C1000E3E72020E1E79B0803600220DDE7C046B0
:106C2000436C70B504000D00002B0AD05868002892
:106C300015D002685A600023C360013345610361C7
:106C400070BD21220421FDF743F9031E6064EDD1DC
:106C500046210022084B0948FF31F7F77FF91C2233
:106C600001212000FDF734F90028F1D00123436011
:106C700001338360DFE7C046C4790110507A011008
:106C8000F0B54E4657464546DE46E0B50B691669F7
:106C90008A469146984685B0B34204DB3300894664
:106CA0004646924698464B4659684346F5184B4629
:106CB0009B68AB4200DA0131FFF780FE071E00D16E
:106CC000A9E014239C4684446346AC006444180045
:106CD0000022A34202D204C39C42FCD814234B449A
:106CE0009B46434651469B0098461431B600884463
:106CF0005E44414574D204239A464B4615339E4266
:106D000000D380E05B460193434600935346B4466C
:106D1000A246AB46B9460C00029306E02D0C31D1D9
:106D2000009B04340430A34257D925682B04190C66
:106D3000002BF3D0019D5346A04600260C0082464E
:106D40002F00039308CF01681A04120C62431B0C36
:106D50000D0463432D0C52199219090C5B18110C88
:106D60005B1812041E0C120C1B04134308C0BC4514
:106D7000E8D850464446039B9A46029BC650256875
:106D80002D0CCDD0060000220368A04660461900F5
:106D90001400B446019F3A88090C6A43121952182C
:106DA0001B0411041B0C0B43336010CF7168240CBF
:106DB0006C430B041B0CE318120C9B181C0C0436C0
:106DC000B842E8D86246844610004446029A043429
:106DD0008350009B0430A342A7D854465D464F46DB
:106DE000002D03DC06E0013D002D03D0043C2368A8
:106DF000002BF8D038003D6105B0F0BCBB46B24670
:106E0000A946A046F0BD4B46F31A153B9B0801333B
:106E10009B009A4676E7B1210022024B02484900C6
:106E2000F7F79CF8C4790110507A0110F8B50323E4
:106E300047461400CE461A0080B50E0007002240D7
:106E4000234234D1A41023D03D6C002D38D001232F
:106E50009846002399464346234208D1641017D030
:106E60002868002819D0050043462342F6D02A009E
:106E700031003800FFF704FF002E06D072687B6CEB
:106E800092009B181A6832601E6006006410E7D1F9
:106E90003000C0BCB946B046F8BD2A002900380011
:106EA000FFF7EEFE4B46286005000360DCE70F4B62
:106EB000013A9200D2580023FFF7B2FD0600C1E765
:106EC00001213800FFF77AFD051E07D0084B43610A
:106ED00001230361002338640360B8E746210022E0
:106EE000044B0548FF31F7F739F8C046B4F10110FB
:106EF00071020000C4790110507A0110F0B54546C6
:106F0000DE4657464E46E0B50D002B6954119846B3
:106F1000A04443465E1CAB6883461700496883B0B3
:106F20009E4203DD01315B009E42FBDC5846FFF7C9
:106F300045FD8446002853D0010014310B00019117
:106F4000002C0CDDA400220000201432624401C396
:106F50009342FCD1019B9946A1444B4601931F22C9
:106F60002B0011002C691433A40039408A461C19E7
:106F70003A422FD00132521A9146002701985146C9
:106F80001A688A403A4304C04A4680CBD7409C42A4
:106F9000F5D82A0015320423944204D3631B153B11
:106FA0009B0801339B00019AD750002F00D1464621
:106FB00063461E615B4660466A685B6C92009B1884
:106FC0001A682A601D6003B0F0BCBB46B246A946F1
:106FD000A046F0BD019904CB04C19C42FBD8E6E772
:106FE000EF210022024B03484900F6F7B7FFC046E5
:106FF000C4790110507A011002690B6930B505009F
:10700000D01A9A4214D19B0014351431EA18CB18C7
:1070100001E095420CD2043A043B146819688C4292
:10702000F7D000238C425B4102205B4218400138BC
:1070300030BDC046F0B5454690465746DE464E4602
:107040004346E0B50A691B690F0083B0D11A9A4222
:1070500000D098E03D0042469900143514326B1878
:10706000521802E09D4200D395E0043B043A1C68AC
:1070700011688C42F6D001258C4203D3434600258B
:10708000B8461F0043465968FFF798FC844600281D
:1070900000D194E014224244914614224346390020
:1070A000624492460022C56038691B691431800031
:1070B0004D4608189C004C44BB46142607009946D0
:1070C00010000A0000950194434602CA9D590B0422
:1070D0002C041B0C240CE41A63462418090C2D0CF8
:1070E0006D1A2114691824040814240C09040C4393
:1070F0009C5104369742E7D8020038005F46009959
:107100004B46894639000026153188427641C01B1E
:1071100015388008250083460427019CF1B2002E13
:1071200036D14846C0195744B8463E009946070034
:1071300084423BD9130020CF2904090C8918091473
:107140002A0CED1889182D040A142D0C09040D437E
:1071500020C6BC42EED8013C221A9208920042445A
:107160004B461600002D04D1043E3268013B002A34
:10717000FAD062461361604603B0F0BCBB46B2462B
:10718000A946A046F0BD0125002900DB76E779E796
:10719000471CBF00C5E70021FFF710FC844600280C
:1071A00013D00123036100234361E4E70026002993
:1071B00001D15644D6E75A4696005644D2E70022FB
:1071C000054B06480649F6F7C9FE0022024B034864
:1071D0000449F6F7C3FEC046C4790110507A011085
:1071E00045020000370200000D4A0E4B94460B404A
:1071F00063440022002B02DD1900100070475B423F
:107200001915132903DC80231B030B41F4E7143900
:1072100001221E2902DC80221206CA400023EBE76D
:107220000000C0FC0000F07FF8B506004746CE46DF
:1072300004691436A4003419231F1D6880B5280082
:107240000F009846FFF798FC2022111A03003960BE
:107250000A282EDD07000B3F464519D208235B4262
:107260009C46A44463461B68002F1AD01900D21B09
:10727000D140BD409146194A0D432A431100BB40FD
:10728000664511D24A460C3C2468D44023430BE0A7
:107290000B2805D0BD40114B2B431900002303E000
:1072A00000230E4A2A4311001800C0BCB946B0465C
:1072B000F8BD2F00153A121AD7409146074A3A43B3
:1072C00011000027464503D24A46083C2768D740AC
:1072D00015339D402B003B43E6E7C0460000F03FDE
:1072E000F0B5012183B014001D00FFF767FB061EF7
:1072F0004AD02B036F001B0B7F0D02D0802252035C
:1073000013430193002C16D101A8FFF75BFC012465
:10731000019B203073613461002F24D01D4B352434
:107320009C46089B67443F181F60241A3000099B45
:107330001C6003B0F0BD68460094FFF743FC019C5D
:1073400000281FD0202322001B1A9A40C44013009B
:10735000009A019413437361B461631E9C4101342C
:107360003461002FDAD10C4B9C46089B60441860B6
:107370000A4BE3189B00F3185869FFF7FDFB640103
:10738000241AD3E7009BE6E70022054B054806498F
:10739000F6F7E4FDCDFBFFFFCEFBFFFFFFFFFF3F56
:1073A000C4790110507A01100F030000F0B5CE46E9
:1073B000474680B585B0884602A98146FFF734FF6D
:1073C00004000D00404603A9FFF72EFF02000B004A
:1073D000404649460069096900920193091A49012A
:1073E000884602980399401A0100414400290BDDA8
:1073F00009054F193D0020002900F4F74CFB05B0AA
:10740000C0BCB946B046F0BD09055B1A0193009AAD
:10741000019BF0E71300013970B54C11116901347B
:1074200014338900A400591804198B420AD20500AC
:1074300040CB40C59942FBD88B1A153B9B080133C2
:107440009B00C018844203D9002308C08442FCD8A2
:1074500070BDC04610B50400026914344811824260
:107460000ADA9200A31803E0043B1A68002A14D138
:10747000A342F9D8002010BD8300E3188242F7DD53
:107480001F22100008400A42F2D019680A00C240C8
:10749000824001209142EED1EAE70120EBE7C046AD
:1074A000002001497047C0460000F87FF0B50C008D
:1074B0002300C646096B403300B5994215D0666B70
:1074C00077003A00FCF7D6FD051E27D083199846B1
:1074D000010032001800F5F71BF9434625632360CD
:1074E0006763002080BCB846F0BD8025ED00290010
:1074F000FCF770F9002811D0422320636563E25C39
:10750000084BC2544123E25C074BC2544023E25C67
:10751000064B9C46C25460442060E2E70120404292
:10752000E0E7C046FF030000FE030000FD0300008B
:10753000F8B5C0460000000001B40248844601BC12
:10754000604700BF1103002001B40248844601BC1B
:10755000604700BF7502002001B40248844601BCA8
:10756000604700BF150F002001B40248844601BCEB
:10757000604700BFF50B002001B40248844601BCFF
:10758000604700BFCD0B002001B40248844601BC17
:10759000604700BF150F002001B40248844601BCBB
:1075A000604700BF0901002001B40248844601BCC5
:1075B000604700BFE501002001B40248844601BCD9
:1075C000604700BF4901002001B40248844601BC65
:1075D000604700BF850C002001B40248844601BC0E
:1075E000604700BF350C002001B40248844601BC4E
:1075F000604700BFC100002001B40248844601BCBE
:08760000604700BFD103002028
:1076080025303458000000007370656564202566D5
:107618000A0000006465616474696D655F6E7320BB
:1076280025640A006465616474696D655F737465D7
:1076380070732025640A00004D2074656D703A202F
:107648002564206375723A2025640A006825303263
:10765800580000004525730A000000002530313627
:107668006C6C580062617272657474652068616C34
:107678006C7320256420253031366C6C580A000064
:107688006261727265747465207175657279206DB6
:10769800732025640A000000626172726574746563
:1076A800206C6173742071756572792074696D65D9
:1076B800206D732025640A000A2A2A2A2050414E88
:1076C8004943202A2A2A0A004E6F207370696E6C7B
:1076D8006F636B732061726520617661696C6162AA
:1076E8006C6500004E6F20757365722049525173A6
:1076F8002061726520617661696C61626C65000069
:10770800486172647761726520616C61726D2025D1
:107718006420616C726561647920636C61696D6570
:1077280064000000486172642061737365727400BC
:107738004F7574206F66206D656D6F72790000005B
:1077480052656C6561736500626F6F74325F773282
:107758003571303830000000322E312E31000000F3
:107768007069636F000000006D61696E626F61721D
:10777800645F667700000000536570203235203260
:1077880030323600666E692B00000000666E6900B4
:107798006E616E00666E692D000000002C20667513
:1077A8006E6374696F6E3A20000000006173736540
:1077B8007274696F6E2022257322206661696C6578
:1077C800643A2066696C6520222573222C206C6936
:1077D8006E65202564257325730A000055534220E1
:1077E800737464696E202F207374646F757400005D
:1077F80052617370626572727920506900000000EE
:107808005069636F00000000426F61726420434456
:10781800430000005265736574000000556E68618E
:107828006E646C65642049525120307825780A00CE
:10783800657020253032582077617320616C72653D
:1078480061647920617661696C61626C6500000031
:1078580043616E277420636F6E74696E7565207856
:10786800666572206F6E20696E6163746976652043
:1078780065702025303258002530325825730A00AB
:107888007356205573624672616973652050696347
:107898006F506965642076302E32000073433030B3
:1078A80000000000736330300000000077616974E5
:1078B80061636B007265626F6F74000077686F6157
:1078C8006D6900007377686F616D69206672616920
:1078D80073655F6D61737465720000003830000075
:1078E8007343253032580A007363253032580A0032
:1078F80065206261642073756D2025643A2000005C
:10790800256420006225630A00000000624500002B
:107918006C2072657472792025640A0073494425C5
:107928003032580A000000006C20717569742062BA
:107938006F6F746C6F61646572206D6F64650000B1
:107948006C2073776974636820746F20626F6F743A
:107958006C6F61646572206D6F64650065256C6489
:10796800000000002E0000004C435F434F4C4C4188
:10797800544500004C435F435459504500000000F3
:107988004C435F4D4F4E4554415259004C435F4E56
:10799800554D4552494300004C435F54494D4500FD
:1079A8004C435F4D45535341474553006E660000B5
:1079B800696E697479000000616E000042616C6C48
:1079C8006F63207375636365656465640000000018
:1079D8002F646174612F6A656E6B696E732F776FA0
:1079E800726B73706163652F474E552D746F6F6CA2
:1079F800636861696E2F61726D2D31332F73726305
:107A08002F6E65776C69622D63796777696E2F6E63
:107A180065776C69622F6C6962632F7374646C6933
:107A2800622F6764746F612D6765746865782E636B
:107A3800000000004A495300534A4953000000001F
:107A48004555434A500000002F646174612F6A65F0
:107A58006E6B696E732F776F726B73706163652FCE
:107A6800474E552D746F6F6C636861696E2F617234
:107A78006D2D31332F7372632F6E65776C69622DAC
:107A880063796777696E2F6E65776C69622F6C69A9
:107A980062632F7374646C69622F6D707265632EF4
:107AA80063000000000000000000000009920010C0
:107AB8000D930010D5910010DD910010E991001090
:107AC800F5910010F9910010FFFFFFFFFFFFFF7F06
:107AD80006005250D3F07542487701100600525004
:107AE800E182887F5077011006005250ABB3605393
:107AF8006077011006005250BBFF3CB66877011052
:107B080006005250861C030270770110060052507E
:107B18005422A29D8077011005005250DE65F4685A
:107B2800180B021048D30010F8D20010F8D2001039
:107B380040D30010F8D20010F8D20010F8D200108C
:107B4800F8D20010F8D20010F8D20010F8D20010C5
:107B580038D30010F8D2001030D30010F8D200103B
:107B6800F8D2001028D30010FCD500105ED3001006
:107B7800F6D500105ED30010E0D500105ED30010DB
:107B88005ED300105ED300105ED300105ED30010E9
:107B98005ED300105ED3001050D300105ED30010E7
:107BA8005ED300105ED300105ED300105ED30010C9
:107BB80050D3001084D60010B2D20010B2D20010F8
:107BC800B2D20010B2D20010B2D20010B2D200105D
:107BD800B2D20010B2D20010B2D20010B2D200104D
:107BE800B2D20010B2D20010B2D20010B2D200103D
:107BF800B2D20010B2D20010B2D20010B2D200102D
:107C0800B2D20010B2D20010B2D20010B2D200101C
:107C1800B2D20010B2D20010B2D20010B2D200100C
:107C2800B2D20010B2D20010B2D20010B2D20010FC
:107C3800B2D2001010D6001050D6001010D6001086
:107C4800B2D20010B2D20010B2D20010B2D20010DC
:107C5800B2D20010B2D20010B2D20010B2D20010CC
:107C6800B2D20010B2D20010B2D20010B2D20010BC
:107C7800B2D20010B2D20010B2D20010B2D20010AC
:107C880024D80010B2D20010B2D20010B2D2001024
:107C9800B2D20010B2D20010B2D20010B2D200108C
:107CA800B2D20010B2D2001024D8001096D600101C
:107CB80024D8001010D6001050D6001010D600108E
:107CC800000000000000F03F000000000000244019
:107CD80000000000000059400000000000408F40F4
:107CE800000000000088C34000000000006AF8405F
:107CF8000000000080842E4100000000D012634183
:107D08000000000084D797410000000065CDCD41F8
:107D18000D0A00000000000059E4001000000000F7
:107D28005DE4001069E4001095E4001091E400108F
:107D3800000000000A00000000000306A60008007A
:107D4800020002009C001400030057494E5553429C
:107D58000000000000000000000080000400010096
:107D6800280044006500760069006300650049004A
:107D78006E007400650072006600610063006500B3
:107D8800470055004900440000004E007B00620097
:107D980063003700330039003800630031002D00DC
:107DA80037003300630064002D0034006300620074
:107DB80037002D0039003800620038002D003900E6
:107DC800310033006100380066006300610037004D
:107DD8006200660036007D0000000000050F2100EB
:107DE800011C100500DF60DDD88945C74C9CD265B1
:107DF8009D9E648A9F00000306A600010000000003
:107E08000600525053B4F4A1E477011000000000BA
:107E1800F877011008780110E83C0020107801106C
:107E28001C78011009025400030100807D080B0032
:107E380002020200000904000001020200040524F5
:107E4800002001052401000104240206052406007F
:107E5800010705810308001009040100020A000057
:107E680000070502024000000705820240000009E1
:107E780004020000FF00010512011002EF02014098
:107E88008A2E0A00000101020301000078F00010A8
:107E9800E0F1001030F20010B8F10010CAF1001043
:107EA800A8F1001018F10010C4F00010B8F000108C
:107EB8009AF5001080F5001050F30010BAF5001084
:107EC80050F3001068F5001054F5001050F300103E
:107ED80040F5001046F4001050F3001026F800108A
:107EE80018F800100CF8001050F3001050F30010B0
:107EF800F6F7001018F8001050F3001050F30010B7
:107F080050F3001050F3001050F3001050F300101D
:107F180050F30010ACF70010560D0020560D00204D
:107F2800A00D0020C00D0020040E0020160E002019
:107F38004C0D002000000000C1FD001031FE0010B3
:107F480065FE0010B1FE001059FF0010410001103D
:107F58000000000000000000410101109D01011017
:107F6800B9010110E1010110F9E400100903011041
:107F7800000000000000000000000000650C011077
:107F8800790C011011130110690C01100000000098
:107F9800000000006D0F0110790F0110890F01100A
:107FA800950F0110A50F0110B10F01100910011054
:107FB8000000000000000000650C0110091301100A
:107FC800111301100D130110402501108820011014
:107FD8008820011088200110882001102C2501100C
:107FE80088200110882001108820011088200110A5
:107FF800882001105021011050210110502101103A
:108008005021011050210110502101105021011060
:108018005021011050210110502101108820011019
:108028008820011088200110882001108820011064
:108038008820011088200110882101108820011053
:1080480018250110E424011088210110882101104D
:108058008821011088200110882001108820011033
:1080680088200110082101108820011088200110A3
:10807800F8240110882001108820011088200110A0
:108088000C2501108820011088200110882001107B
:108098008820011062230110882001108820011017
:1080A8003A2401108820011088200110882001102E
:1080B80088200110882001108821011088200110D3
:1080C8002E3401106024011088210110882101102C
:1080D8008821011070240110462501100821011083
:1080E80088200110C82401108A240110A624011038
:1080F80056250110EC240110882001108820011059
:1081080024340110FC200110F224011088200110F1
:10811800882001106223011088200110FC20011022
:10812800C027011034270110C0270110342701107F
:1081380034270110DA270110922701109227011025
:1081480092270110922701109227011092270110FF
:1081580092270110CA270110CA27011034270110DD
:108168003427011034270110342701103427011057
:1081780034270110342701100A2701100A2701109B
:108188000A2701100A2701100A2701100A270110DF
:108198003427011034270110342701103427011027
:1081A8003427011034270110342701103427011017
:1081B8003427011034270110342701103427011007
:1081C80034270110342701103427011034270110F7
:1081D80034270110A2270110342701103427011079
:1081E80034270110342701103427011034270110D7
:1081F80034270110342701100A2701100A2701101B
:108208000A2701100A2701100A2701100A2701105E
:1082180034270110342701103427011034270110A6
:108228003427011034270110342701103427011096
:108238003427011034270110342701103427011086
:108248003427011034270110342701103427011076
:1082580034270110A22701109E2B0110862A011035
:108268009E2B0110862A0110862A01107A2D0110F2
:10827800282B0110282B0110282B0110282B011066
:10828800282B0110282B0110282B0110282B011056
:10829800282B0110862A0110862A0110862A01102F
:1082A800862A0110862A0110862A0110862A0110C2
:1082B800842B0110222B0110222B0110222B0110DC
:1082C800702D0110522D0110862A0110862A0110E6
:1082D800802C0110862A0110862A0110862A011096
:1082E800862A01104C2C0110862A0110022C01103C
:1082F800862A0110862A0110862A0110F62B011001
:10830800862A0110862A0110862A0110B82B01102E
:10831800AC2B0110862A0110862A0110862A01102A
:10832800862A0110862A0110862A0110862A011041
:10833800842B0110222B0110222B0110222B01105B
:10834800702D0110522D0110862A0110862A011065
:10835800802C0110862A0110862A0110862A011015
:10836800862A01104C2C0110862A0110022C0110BB
:10837800862A0110862A0110862A0110F62B011080
:10838800862A0110862A0110862A0110B82B0110AE
:10839800AC2B01100A0001000200030004000500D4
:1083A80006000700080009000A000B000C000D0079
:1083B8000E000F00100000000020202020202020A8
:1083C800202028282828282020202020202020207D
:1083D800202020202020202020881010101010108D
:1083E80010101010101010101004040404040404D9
:1083F8000404041010101010101041414141414173
:108408000101010101010101010101010101010154
:108418000101010110101010101042424242424264
:108428000202020202020202020202020202020224
:1084380002020202101010102000000000000000CC
:108448000000000000000000000000000000000024
:108458000000000000000000000000000000000014
:108468000000000000000000000000000000000004
:1084780000000000000000000000000000000000F4
:1084880000000000000000000000000000000000E4
:1084980000000000000000000000000000000000D4
:1084A80000000000000000000000000000000000C4
:1084B800000000000000000000000000BC440110A3
:1084C80028440110284401102844011028440110B0
:1084D80028440110284401102844011028440110A0
:1084E800AA440110AA440110AA440110AA44011088
:1084F800AA440110284401102844011028440110FE
:10850800284401102844011028440110284401106F
:10851800284401102844011028440110284401105F
:10852800284401102844011028440110284401104F
:10853800284401102844011028440110AA440110BD
:10854800284401102844011028440110284401102F
:10855800284401102844011028440110284401101F
:108568002844011028440110AE4401102844011089
:10857800324C01107C520110804F0110D24F011073
:10858800CC4F0110B84F0110804F0110340000008B
:10859800CEFBFFFFCB03000001000000000000003D
:1085A80035000000CEFBFFFFCB03000001000000F8
:1085B8000000000000000000BC89D897B2D29C3CA3
:1085C80033A7A8D523F649393DA7F444FD0FA532B2
:1085D8009D978CCF08BA5B25436FAC642806681159
:1085E8000000000000000000000000000000000083
:1085F8000000000000000000000000000000000073
:108608000000000000000000000000000000000062
:108618001011121314151617181900000000000085
:10862800001A1B1C1D1E1F00000000000000000097
:108638000000000000000000000000000000000032
:10864800001A1B1C1D1E1F00000000000000000077
:108658000000000000000000000000000000000012
:108668000000000000000000000000000000000002
:1086780000000000000000000000000000000000F2
:1086880000000000000000000000000000000000E2
:1086980000000000000000000000000000000000D2
:1086A80000000000000000000000000000000000C2
:1086B80000000000000000000000000000000000B2
:1086C80000000000000000000000000000000000A2
:1086D8000000000000000000000000000000000092
:1086E800000000001F001C200000000014210000F2
:1086F80002001624000000001425000002001528BE
:1087080000000000112900000000142A00000000E9
:10871800182B00000000142C00000000102D000091
:108728000000142E000001000C3000000900143A6B
:1087380000000100183C00000200143F0000010086
:10874800034100001900155B00000000145C0000E4
:108758000000115D00000000175E000000000F5FC0
:10876800000000001760000000000361000019000D
:10877800157B00000000187C00000000117D00003F
:108788000000187E00000000007F000020001CA0F0
:108798000000000014A10000000016A20000030061
:1087A80019A60000000014A70000000017A8000088
:1087B800000019A90000000006AA0000000013AB81
:1087C8000000000018AC0000000001AD000000002F
:1087D80019AE0000000017AF0000000019B000003B
:1087E800000018B1000000000EB20000010017B42C
:1087F8000000000003B50000000014B600000100EE
:1088080017B8000000000EB90000000006BA00000A
:10881800000012BB000000000EBC0000020014BFE4
:108828000000000003C00000160018D70000000078
:1088380003D80000060004DF0000000003E0000089
:10884800160018F70000000003F800003F00043885
:1088580001000000033901000F0004490100000075
:10886800034A01004200048D01000000038E01004C
:108878000C00049B01000000039C01000D0004AAE9
:108888000100010003AC01000D0004BA0100000062
:1088980006BB0100000003BC0100010004BE01008A
:1088A800000003BF0100000006C00100030003C46C
:1088B8000100000007C50100000003C60100010017
:1088C80007C80100000003C90100010007CB01002F
:1088D800000003CC0100230004F00100000003F1B4
:1088E8000100000007F20100000003F301002D0061
:1088F80004210200000003220200110004340200D7
:108908000500033A02001A0004550200000003564D
:108918000200010004580200000003590200000090
:10892800045A02000000035B02000100045D02001B
:1089380002000360020001000462020000000363F9
:108948000200000004640200000003650200010048
:10895800046702000000036802000400046D0200BE
:108968000100036F020000000470020000000371A0
:1089780002000100047302000100037502000000F8
:10898800047602000600037D02000000047E020057
:10899800010003800200000004810200000003823D
:1089A800020001000484020002000387020005009F
:1089B800048D0200040003920200000004930200E8
:1089C8000000069402000000049502000700039DC1
:1089D80002000100049F0200100005B0020011000F
:1089E80017C20200030005C602000B0017D20200DE
:1089F8000D0005E00200040017E50200060005EC82
:108A08000200000017ED0200000005EE0200000061
:108A180017EF020010000B0003006F000370030043
:108A280003000574030000001775030000000376B7
:108A380003000100057A03000000037B0300020025
:108A4800147E03000000037F030000001784030066
:108A58000100038603000000148703000000038858
:108A680003000200038C03000000038E03000100D2
:108A780004900300000003910300100003A3030007
:108A88000C0004B00300000003B10300200008D26A
:108A98000300020003D50300200018F603000000BD
:108AA80003F70300040004FC0300000003FD0300B7
:108AB80084001982040000000B83040004000A8863
:108AC80004000100038A0400A50003310500250005
:108AD800055905000000145A05000500046005004A
:108AE80000000361050025000487050001001489C2
:108AF80005000000108A05000000198D050001001E
:108B0800168F050000000B9105002C0010BE050013
:108B180000000BBF0500000014C0050000000BC1D9
:108B28000500010014C3050000000BC40500010086
:108B380014C6050000000BC70500000006D005009C
:108B48001A0006EF0500030014F3050001000100F8
:108B580006000500180606000200140906000100B8
:108B6800160B06000000140C06000100190E060082
:108B780001000B1006000A00141B06000000011C6F
:108B880006000000141D06000200062006001F0053
:108B98000540060000000641060009000B4B0600D0
:108BA80014000C6006000900146A06000300066E33
:108BB800060001000B700600000006710600620046
:108BC80014D40600000006D5060000000BD60600E7
:108BD800060001DD0600000019DE060000000BDFBC
:108BE8000600050005E5060001000BE70600010088
:108BF80019E9060000000BEA0600030006EE06006D
:108C080001000CF00600090006FA0600020019FD32
:108C18000600010006FF06000000140007000D0012
:108C2800010F070000000610070000000B110700E5
:108C38000000061207001D000B3007001A00064D41
:108C4800070058000BA607000A0006B1070000003D
:108C58000CC00700090006CA070020000BEB07003C
:108C6800080005F40700010019F60700000014F7D2
:108C78000700020005FA070000000BFD07000000CE
:108C880016FE070001000600080015000B16080074
:108C98000300051A080000000B1B08000800052443
:108CA800080000000B250800020005280800000045
:108CB8000B2908000400143008000E0006400800C4
:108CC80018000B5908000200145E08000000066036
:108CD80008000A000670080017001788080000003E
:108CE8000689080005000190080001000B9808009B
:108CF800070006A00800280005C9080000000BCAE4
:108D08000800170001E2080000000BE308001F003C
:108D18000903090000000604090035000B3A0900A0
:108D28000000093B090000000B3C09000000063D5B
:108D380009000000093E090002000B410900070074
:108D48000949090003000B4D09000000094E0900FC
:108D580001000650090000000B51090006000658E2
:108D6800090009000B6209000100146409000100F0
:108D78000C6609000900147009000000057109005B
:108D88000000067209000E000B810900000009822C
:108D980009000100068509000700068F0900010087
:108DA80006930900150006AA0900060006B2090084
:108DB800000006B6090003000BBC0900000006BD50
:108DC8000900000009BE090002000BC109000300E8
:108DD80009C70900010009CB090001000BCD0900F2
:108DE800000006CE0900000009D70900000006DCD3
:108DF8000900010006DF090002000BE2090001007A
:108E08000CE60900090006F00900010016F2090045
:108E180001000EF40900050019FA0900000016FB0C
:108E28000900000006FC0900000014FD090000000C
:108E38000BFE090000000B010A00010009030A00EB
:108E4800000006050A000500060F0A0001000613C7
:108E58000A001500062A0A00060006320A00010068
:108E680006350A00010006380A0001000B3C0A001A
:108E78000000093E0A0002000B410A0001000B47EE
:108E88000A0001000B4B0A0002000B510A00000007
:108E980006590A000300065E0A0000000C660A0074
:108EA80009000B700A00010006720A0002000B7527
:108EB8000A00000014760A0000000B810A00010075
:108EC80009830A00000006850A000800068F0A00C8
:108ED800020006930A00150006AA0A00060006B258
:108EE8000A00010006B50A0004000BBC0A000000D5
:108EF80006BD0A00000009BE0A0002000BC10A00F4
:108F080004000BC70A00010009C90A00000009CBC8
:108F18000A0001000BCD0A00000006D00A0000007C
:108F280006E00A0001000BE20A0001000CE60A0054
:108F3800090014F00A00000016F10A00000006F902
:108F48000A0000000BFA0A0005000B010B000000E4
:108F580009020B00010006050B000700060F0B00B5
:108F6800010006130B001500062A0B000600063246
:108F78000B00010006350B0004000B3C0B00000041
:108F8800063D0B000000093E0B0000000B3F0B00E4
:108F9800000009400B0000000B410B0003000947CB
:108FA8000B000100094B0B0001000B4D0B000000EA
:108FB8000B550B00010009570B000000065C0B0065
:108FC8000100065F0B0002000B620B0001000C663B
:108FD8000B00090019700B00000006710B0000005F
:108FE8000E720B0005000B820B00000006830B00BD
:108FF800000006850B000500068E0B000200069295
:109008000B00030006990B000100069C0B000000F2
:10901800069E0B00010006A30B00010006A80B002A
:10902800020006AE0B000B0009BE0B0001000BC0CE
:109038000B00000009C10B00010009C60B0002006B
:1090480009CA0B0002000BCD0B00000006D00B0074
:10905800000009D70B0000000CE60B0009000EF019
:109068000B00020019F30B00050016F90B000000B5
:1090780019FA0B0000000B000C00000009010C009D
:1090880002000B040C00000006050C000700060E89
:109098000C00020006120C001600062A0C000F0035
:1090A8000B3C0C000000063D0C0000000B3E0C00C1
:1090B800020009410C0003000B460C0002000B4A99
:1090C8000C0003000B550C00010006580C000200B0
:1090D800065D0C00000006600C0001000B620C002D
:1090E80001000C660C00090014770C0000000E78D3
:1090F8000C000600197F0C00000006800C00000020
:109108000B810C00000009820C00010014840C0083
:10911800000006850C000700068E0C00020006926F
:109128000C00160006AA0C00090006B50C00040085
:109138000BBC0C00000006BD0C00000009BE0C00B2
:1091480000000BBF0C00000009C00C0004000BC697
:109158000C00000009C70C00010009CA0C0001003E
:109168000BCC0C00010009D50C00010006DD0C0039
:10917800010006E00C0001000BE20C0001000CE607
:109188000C00090006F10C00010009F30C000000B6
:109198000B000D00010009020D00010006040D007E
:1091A8000800060E0D00020006120D0028000B3BF9
:1091B8000D000100063D0D000000093E0D000200F3
:1091C8000B410D00030009460D000200094A0D007D
:1091D80002000B4D0D000000064E0D000000194F57
:1091E8000D00000006540D00020009570D00000094
:1091F8000E580D000600065F0D0002000B620D0000
:1092080001000C660D0009000E700D0008001979A8
:109218000D000000067A0D0005000B810D0000000E
:1092280009820D00010006850D001100069A0D0047
:10923800170006B30D00080006BD0D00000006C0AB
:109248000D0006000BCA0D00000009CF0D0002003A
:109258000BD20D0002000BD60D00000009D80D003E
:1092680007000CE60D00090009F20D00010014F4D6
:109278000D00000006010E002F000B310E0000004B
:1092880006320E0001000B340E000600163F0E00D9
:10929800000006400E00050005460E0000000B47C2
:1092A8000E000700144F0E0000000C500E000900BD
:1092B800145A0E00010006810E00010006840E00FB
:1092C800000006860E000400068C0E00170006A596
:1092D8000E00000006A70E0009000BB10E000000EA
:1092E80006B20E0001000BB40E00080006BD0E0009
:1092F800000006C00E00040005C60E0000000BC8E2
:109308000E0006000CD00E00090006DC0E0003005B
:1093180006000F00000019010F00020014040F00DE
:109328000E0019130F00000014140F000000191587
:109338000F0002000B180F000100191A0F0005009A
:109348000C200F0009000E2A0F00090019340F0025
:1093580000000B350F00000019360F0000000B3716
:109368000F00000019380F0000000B390F00000033
:10937800153A0F000000113B0F000000153C0F00CC
:109388000000113D0F000000093E0F0001000640DB
:109398000F00070006490F0023000B710F000D0096
:1093A800097F0F0000000B800F00040014850F00D8
:1093B80000000B860F00010006880F0004000B8DCB
:1093C8000F000A000B990F00230019BE0F000700B9
:1093D8000BC60F00000019C70F00050019CE0F00BB
:1093E800010014D00F00040019D50F00030014D990
:1093F8000F000100060010002A00092B10000100D0
:109408000B2D100003000931100000000B32100072
:1094180005000938100000000B3910000100093B55
:10942800100001000B3D10000100063F1000000075
:109438000C4010000900144A1000050006501000E6
:1094480005000956100001000B5810000100065ACB
:10945800100003000B5E10000200066110000000FF
:10946800096210000200066510000100096710007B
:109478000600066E100002000B711000030006754E
:1094880010000C000B82100000000983100001007E
:109498000B85100001000987100005000B8D1000D6
:1094A8000000068E10000000098F100000000C90CC
:1094B80010000900099A100002000B9D100000001E
:1094C800199E1000010003A01000250003C710001A
:1094D800000003CD1000000003D010002A0014FB88
:1094E8001000000005FC1000000003FD1000020041
:1094F800060011004801064A120003000650120037
:109508000600065812000000065A12000300066002
:1095180012002800068A120003000690120020009C
:1095280006B21200030006B81200060006C01200B8
:10953800000006C21200030006C812000E0006D87A
:109548001200380006121300030006181300420028
:109558000B5D130002001460130008000E6913006D
:109568001300068013000F0019901300090003A0D0
:109578001300550003F81300050010001400000044
:10958800060114006B02196D16000000146E160017
:109598000000066F160010001C80160000000681EF
:1095A80016001900159B16000000119C16000000FB
:1095B80006A016004A0014EB160002000DEE160075
:1095C800020006F1160007000600170011000B1232
:1095D80017000200091517000000061F17001200E7
:1095E8000B3217000100093417000000143517006A
:1095F80001000640170011000B5217000100066019
:1096080017000C00066E170002000B72170001000D
:109618000680170033000BB41700010009B61700C5
:1096280000000BB71700060009BE170007000BC69D
:109638001700000009C7170001000BC917000A002E
:1096480014D41700020005D71700000014D817001B
:10965800020016DB1700000006DC170000000BDD17
:10966800170000000CE0170009000EF017000900B1
:109678001400180005001006180000001407180050
:1096880003000B0B18000200010E180000000B0F5E
:10969800180000000C10180009000620180022000D
:1096A800054318000000064418003400068018001E
:1096B80004000B85180001000687180021000BA97B
:1096C8001800000006AA1800000006B0180045009F
:1096D800060019001E000B201900020009231900BA
:1096E80003000B271900010009291900020009309D
:1096F800190001000B321900000009331900050098
:109708000B3919000200194019000000144419000F
:1097180001000C4619000900065019001D000670CA
:1097280019000400068019002B0006B01900190062
:109738000CD0190009000EDA1900000019DE190012
:10974800210006001A0016000B171A00010009195B
:109758001A0001000B1B1A000000141E1A00010059
:1097680006201A00340009551A0000000B561A008A
:10977800000009571A0000000B581A0006000B6079
:109788001A00000009611A0000000B621A000000AC
:1097980009631A0001000B651A000700096D1A0019
:1097A80005000B731A0009000B7F1A0000000C80DB
:1097B8001A0009000C901A00090014A01A000600EB
:1097C80005A71A00000014A81A0005000BB01A001B
:1097D8000D000ABE1A0000000BBF1A000F000B0094
:1097E8001B00030009041B00000006051B002E00D7
:1097F8000B341B00000009351B0000000B361B0052
:109808000400093B1B0000000B3C1B000000093D45
:109818001B0004000B421B00000009431B00010051
:1098280006451B0007000C501B000900145A1B00BA
:10983800060019611B0009000B6B1B000800197456
:109848001B000800147D1B0001000B801B00010099
:1098580009821B00000006831B001D0009A11B00D4
:1098680000000BA21B00030009A61B0001000BA8A7
:109878001B00010009AA1B0000000BAB1B00020023
:1098880006AE1B0001000CB01B00090006BA1B0045
:109898002B000BE61B00000009E71B0000000BE88B
:1098A8001B00010009EA1B0002000BED1B00000071
:1098B80009EE1B0000000BEF1B00020009F21B0061
:1098C800010014FC1B00030006001C0023000924EF
:1098D8001C0007000B2C1C00070009341C000100A9
:1098E8000B361C000100143B1C0004000C401C003B
:1098F8000900064D1C0002000C501C000900065A05
:109908001C001D0005781C000500147E1C000100C9
:1099180003801C00080003901C002A0003BD1C00E3
:10992800020014C01C0007000BD01C00020014D356
:109938001C0000000BD41C000C0009E11C000000F6
:109948000BE21C00060006E91C0003000BED1C00DE
:10995800000006EE1C0005000BF41C00000006F5D4
:109968001C00010009F71C0000000BF81C00010096
:1099780006FA1C00000004001D002B00052C1D0029
:109988003E00046B1D000C0005781D0000000379E3
:109998001D000000047A1D000200037D1D00000068
:1099A800047E1D000F00038E1D000000048F1D00A3
:1099B8000B00059B1D0024000BC01D003F00030089
:1099C8001E00950004961E000400039B1E00000064
:1099D800049C1E000100039E1E000000049F1E0040
:1099E800000003A01E00750003181F0005000320D7
:1099F8001F00250003481F00050004501F00000039
:109A080003511F00000004521F00000003531F00F1
:109A1800000004541F00000003551F0000000456F6
:109A28001F00000003571F00000003591F0000001B
:109A3800035B1F000000035D1F000000035F1F00A1
:109A48001E0003801F00070007881F0007000390FF
:109A58001F00070007981F00070003A01F0007004A
:109A680007A81F00070003B01F00010004B21F0071
:109A7800000003B31F00000004B41F00000004B678
:109A88001F00010003B81F00030007BC1F000000EF
:109A980017BD1F00000003BE1F00000017BF1F00F6
:109AA800020004C21F00000003C31F00000004C41A
:109AB8001F00000004C61F00010003C81F000300A8
:109AC80007CC1F00000017CD1F00020003D01F00A5
:109AD800010004D21F00010004D61F00010003D8B2
:109AE8001F00030017DD1F00020003E01F00010034
:109AF80004E21F00020003E51F00000004E61F0047
:109B0800010003E81F00040017ED1F00020004F223
:109B18001F00000003F31F00000004F41F000000F2
:109B280004F61F00010003F81F00030007FC1F00D4
:109B3800000017FD1F0001001C0020000A00010B97
:109B48002000040010102000050014162000010059
:109B5800131820000000121920000000151A200018
:109B68000000131B20000100121D20000000151E1C
:109B780020000000131F2000000014202000070010
:109B88001A28200000001B2920000000012A2000BC
:109B980004001C2F20000000143020000800133996
:109BA80020000000123A20000000143B20000300AF
:109BB8000F3F20000100144120000200184420003B
:109BC8000000154520000000114620000000144741
:109BD80020000A0018522000000014532000000042
:109BE8000F54200000001455200009001C5F2000BD
:109BF80000000160200004000166200009000E70CA
:109C0800200000000571200000000E7420000500EF
:109C1800187A20000200157D20000000117E200027
:109C28000000057F200000000E8020000900188A2F
:109C380020000200158D20000000118E2000000079
:109C4800059020000C0016A0200020000BD020005A
:109C58000C000ADD200003000BE1200000000AE2EE
:109C6800200002000BE520000B0019002100010074
:109C78000802210000001903210003000807210041
:109C88000000190821000100040A21000000080B47
:109C980021000200040E210001000810210002002A
:109CA80004132100000019142100000008152100E8
:109CB80000001916210001001818210000000819D9
:109CC80021000400191E21000500082421000000BD
:109CD8001925210000000326210000001927210072
:109CE8000000082821000000192921000000032A8B
:109CF80021000100082C21000100192E210000007C
:109D0800042F210000000830210001000332210047
:109D1800000008332100000004342100000006354B
:109D280021000300043921000000193A2100010034
:109D3800043C21000100083E2100010018402100D8
:109D48000400084521000000044621000300194AC8
:109D580021000000184B21000000194C21000100CF
:109D6800034E21000000194F210000000E50210071
:109D78000F000D60210022000383210001000D85E2
:109D8800210003000E8921000000198A210001002A
:109D9800189021000400199521000400189A210048
:109DA8000100199C2100030018A02100000019A13E
:109DB8002100010018A32100000019A421000100BE
:109DC80018A62100000019A72100060018AE2100DE
:109DD800000019AF21001E0018CE2100010019D083
:109DE8002100010018D22100000019D32100000031
:109DF80018D42100000019D521001E0018F42100F4
:109E08000B011900230007001508230000001109A1
:109E180023000000150A23000000110B2300000096
:109E2800190C230013001820230001001922230015
:109E38000600152923000000112A23000000192B11
:109E480023005000187C23000000197D23001D000A
:109E5800189B2300180019B42300270018DC2300DE
:109E6800050019E223004400194024000A000E608E
:109E780024003B00199C24004D000EEA2400150024
:109E880019002500B60018B72500000019B82500EC
:109E9800080018C12500000019C22500350018F86F
:109EA80025000700190026006E00186F2600000024
:109EB80019702600F70015682700000011692700AF
:109EC8000000156A27000000116B27000000156CC0
:109ED80027000000116D27000000156E2700000004
:109EE800116F27000000157027000000117127006E
:109EF8000000157227000000117327000000157478
:109F0800270000001175270000000E7627001D00AD
:109F1800199427002B0018C02700040015C5270036
:109F2800000011C62700000018C727001E0015E60C
:109F38002700000011E72700000015E827000000AF
:109F480011E92700000015EA2700000011EB27009F
:109F5800000015EC2700000011ED2700000015EEA9
:109F68002700000011EF2700000018F027000F005D
:109F780019002800FF001800290082001583290015
:109F880000001184290000001585290000001186B1
:109F98002900000015872900000011882900000009
:109FA800158929000000118A29000000158B290055
:109FB8000000118C29000000158D29000000118E69
:109FC80029000000158F29000000119029000000C9
:109FD800159129000000119229000000159329000D
:109FE8000000119429000000159529000000119621
:109FF8002900000015972900000011982900000089
:10A00800189929003E0015D82900000011D9290007
:10A01800000015DA2900000011DB2900000018DC17
:10A0280029001F0015FC2900000011FD290000006F
:10A0380018FE2900010119002B002F0018302B00F1
:10A04800140019452B00010018472B000500194D75
:10A058002B00260019762B001F0019972B0068008B
:10A0680003002C00700004712C00000003722C0007
:10A07800010004742C00000003752C000100047713
:10A088002C000400057C2C000100037E2C006500D8
:10A0980004E42C00000019E52C00050003EB2C005B
:10A0A80003000BEF2C00020003F22C00010014F94E
:10A0B8002C0003000EFD2C00000014FE2C000100F3
:10A0C80003002D00250003272D000000032D2D007F
:10A0D800000006302D003700056F2D0000001470B9
:10A0E8002D0000000B7F2D00000006802D001600BB
:10A0F80006A02D00060006A82D00060006B02D00BB
:10A10800060006B82D00060006C02D00060006C889
:10A118002D00060006D02D00060006D82D000600EA
:10A128000BE02D001F0014002E00010013022E006A
:10A13800000012032E00000013042E000000120578
:10A148002E00000014062E00020013092E00000045
:10A15800120A2E000000140B2E000000130C2E0013
:10A168000000120D2E000000140E2E00080010171B
:10A178002E00000014182E000100101A2E000000F6
:10A18800141B2E000000131C2E000000121D2E00B0
:10A198000000141E2E00010013202E0000001221C2
:10A1A8002E00000015222E00000011232E000000B2
:10A1B80015242E00000011252E00000015262E0063
:10A1C800000011272E00000015282E00000011297C
:10A1D8002E000000142A2E000400052F2E00000077
:10A1E80014302E000900103A2E000100143C2E00F5
:10A1F800030010402E00000014412E0000001542FC
:10A208002E00000014432E000C0019502E000100EF
:10A2180014522E00020015552E00000011562E0073
:10A22800000015572E00000011582E000000155987
:10A238002E000000115A2E000000155B2E000000B1
:10A24800115C2E000000105D2E00000019802E0009
:10A258001900199B2E00580019002F00D50019F07D
:10A268002F000B001C003000000014013000020019
:10A278001904300000000505300000000606300013
:10A2880000000D073000000015083000000011091B
:10A2980030000000150A30000000110B30000000EB
:10A2A800150C30000000110D30000000150E3000B4
:10A2B8000000110F300000001510300000001111CF
:10A2C80030000000191230000100151430000000A1
:10A2D800111530000000151630000000111730006D
:10A2E8000000151830000000111930000000151A80
:10A2F80030000000111B30000000101C300000006E
:10A30800151D30000000111E30000100192030001A
:10A3180000000D21300008000B2A30000300092E30
:10A32800300001001030300000000531300004001A
:10A338001936300001000D3830000200053B3000AE
:10A348000000063C30000000143D30000000193EBB
:10A35800300001000641300055000B993000010023
:10A36800179B30000100059D30000100069F30005A
:10A37800000010A03000000006A13000590014FBB6
:10A388003000000005FC3000020006FF300000002D
:10A39800060531002A00063131005D0019903100B0
:10A3A80001000E923100030019963100090006A041
:10A3B80031001F0019C03100230006F031000F00E2
:10A3C800190032001E000E2032000900192A32003E
:10A3D8001D000E48320007001950320000000E51CF
:10A3E80032000E00196032001F000E803200090092
:10A3F800198A320026000EB132000E0019C0320050
:10A408003F0106003400BF1919C04D003F00060087
:10A418004E0014520515A00000000616A000760490
:10A428001990A400360006D0A400270005F8A4005F
:10A43800050014FEA40001000600A5000B01050C90
:10A44800A6000000140DA60002000610A6000F00CA
:10A458000C20A6000900062AA60001000340A60059
:10A468002D00066EA60000000B6FA60000000A7003
:10A47800A60002001473A60000000B74A6000900D1
:10A48800147EA6000000057FA60000000380A60039
:10A498001B00059CA60001000B9EA600010006A05B
:10A4A800A60045000DE6A60009000BF0A600010075
:10A4B80014F2A60005001700A70016000517A7004C
:10A4C80008001720A70001000322A7000D00043090
:10A4D800A70001000332A7003D000570A700000097
:10A4E8000471A70007000379A7000E000588A700DC
:10A4F80000001789A7000100038BA7000200048E43
:10A50800A7000000068FA70000000390A700040022
:10A518000495A70000000396A700180004AFA70041
:10A52800000003B0A7001A0003D0A700010004D35D
:10A53800A700000004D5A700000003D6A700030069
:10A5480005F2A700020003F5A700010006F7A7001F
:10A55800000005F8A700010004FAA700000006FBA8
:10A56800A70006000B02A80000000603A8000200CE
:10A578000B06A80000000607A80003000B0BA800A4
:10A588000000060CA80016000923A80001000B25EE
:10A59800A80001000927A80000001928A800030046
:10A5A8000B2CA80000000E30A80005001936A800E2
:10A5B80001001638A80000001939A800000006405C
:10A5C800A80033001474A80003000980A800010043
:10A5D8000682A800310009B4A8000F000BC4A80027
:10A5E800010014CEA80001000CD0A80009000BE05F
:10A5F800A800110006F2A800050014F8A80002003F
:10A6080006FBA800000014FCA800000006FDA80036
:10A6180001000BFFA80000000C00A9000900060AB1
:10A62800A9001B000B26A9000700142EA900010091
:10A638000630A90016000B47A9000A000952A90014
:10A648000100145FA90000000660A9001C000B802F
:10A65800A90002000983A90000000684A9002E00B1
:10A668000BB3A900000009B4A90001000BB6A900AA
:10A67800030009BAA90001000BBCA900010009BE2A
:10A68800A900020014C1A9000C0005CFA900000010
:10A698000CD0A900090014DEA900010006E0A900F9
:10A6A80004000BE5A900000005E6A900000006E784
:10A6B800A90008000CF0A900090006FAA900040086
:10A6C8000600AA0028000B29AA000500092FAA00E5
:10A6D80001000B31AA0001000933AA0001000B3563
:10A6E800AA0001000640AA0002000B43AA000000CD
:10A6F8000644AA0007000B4CAA000000094DAA0056
:10A7080000000C50AA000900145CAA0003000660AF
:10A71800AA000F000570AA0000000671AA00050033
:10A728001977AA000200067AAA000000097BAA008D
:10A7380000000B7CAA000000097DAA000000067E2C
:10A74800AA0031000BB0AA00000006B1AA00000060
:10A758000BB2AA00020006B5AA0001000BB7AA00B6
:10A76800010006B9AA0004000BBEAA00010006C039
:10A77800AA0000000BC1AA00000006C2AA0000003F
:10A7880006DBAA00010005DDAA00000014DEAA000D
:10A79800010006E0AA000A0009EBAA0000000BEC81
:10A7A800AA00010009EEAA00010014F0AA000100A5
:10A7B80006F2AA00000005F3AA00010009F5AA00A4
:10A7C80000000BF6AA0000000601AB000500060910
:10A7D800AB0005000611AB0005000620AB00060023
:10A7E8000628AB0006000430AB0022000353AB0080
:10A7F80000000454AB000600175BAB000000055CCA
:10A80800AB0003000460AB0008000569AB00000062
:10A81800176AAB0001000370AB004F0006C0AB0025
:10A82800220009E3AB0001000BE5AB00000009E6DC
:10A83800AB0001000BE8AB00000009E9AB00010028
:10A8480014EBAB00000009ECAB0000000BEDAB0013
:10A8580000000CF0AB0009000600AC00A32B06B00A
:10A86800D700160006CBD70030000200D800FF073B
:10A878000600F9006D010670FA0069000400FB008B
:10A8880006000413FB000400061DFB0000000B1E5D
:10A89800FB000000061FFB0009001829FB00000050
:10A8A800062AFB000C000638FB000400063EFB00ED
:10A8B80000000640FB0001000643FB0001000646BD
:10A8C800FB006B0017B2FB00100006D3FB006A0107
:10A8D800113EFD000000153FFD0000001940FD007D
:10A8E8000F000650FD003F000692FD00350019CF0D
:10A8F800FD00000006F0FD000B0016FCFD00000046
:10A9080019FDFD0002000B00FE000F001410FE00F0
:10A9180006001517FE0000001118FE0000001419AB
:10A92800FE0000000B20FE000F001430FE000000A7
:10A938001031FE0001000F33FE0001001535FE0046
:10A9480000001136FE0000001537FE000000113827
:10A95800FE0000001539FE000000113AFE0000005C
:10A96800153BFE000000113CFE000000153DFE00F6
:10A978000000113EFE000000153FFE0000001140DF
:10A98800FE0000001541FE0000001142FE0000001C
:10A998001543FE0000001144FE0000001445FE00AF
:10A9A80001001547FE0000001148FE000000144990
:10A9B800FE0003000F4DFE0002001450FE000200CE
:10A9C8001454FE0003001058FE0000001559FE0044
:10A9D8000000115AFE000000155BFE000000115C2B
:10A9E800FE000000155DFE000000115EFE00000084
:10A9F800145FFE0002001862FE0000001063FE00F3
:10AA080000001864FE0002001468FE0000001669C9
:10AA1800FE000000146AFE0001000670FE0004003B
:10AA28000676FE00860001FFFE0000001401FF000C
:10AA380002001604FF0000001405FF0002001508BC
:10AA4800FF0000001109FF000000140AFF000000C9
:10AA5800180BFF000000140CFF000000100DFF0091
:10AA68000000140EFF0001000C10FF000900141A6A
:10AA7800FF000100181CFF000200141FFF00010066
:10AA88000321FF001900153BFF000000143CFF00E4
:10AA98000000113DFF000000173EFF0000000F3FBF
:10AAA800FF0000001740FF0000000341FF001900ED
:10AAB800155BFF000000185CFF000000115DFF003F
:10AAC8000000185EFF000000155FFF000000116025
:10AAD800FF0000001461FF0000001562FF00000085
:10AAE8001163FF0000001464FF0001000666FF0008
:10AAF80009000570FF0000000671FF002C00059E8C
:10AB0800FF00010006A0FF001E0006C2FF000500AE
:10AB180006CAFF00050006D2FF00050006DAFF009E
:10AB2800020016E0FF00010018E2FF00000017E332
:10AB3800FF00000019E4FF00000016E5FF00010017
:10AB480019E8FF00000018E9FF00030019EDFF00F5
:10AB5800010001F9FF00020019FCFF0001000600D6
:10AB680000010B00060D0001190006280001120063
:10AB7800063C00010100063F00010E0006500001DE
:10AB88000D00068000017A001400010102000E0782
:10AB980001012C001937010108000D4001013400A2
:10ABA8000E75010103001979010110000E8A0101D7
:10ABB8000100198C01010200199001010C0019A073
:10ABC8000101000019D001012C000BFD010100005A
:10ABD800068002011C0006A0020130000BE0020101
:10ABE80000000EE102011A00060003011F000E20FA
:10ABF80003010300062D030113000D4103010000AA
:10AC08000642030107000D4A030100000650030134
:10AC180025000B7603010400068003011D00149F24
:10AC28000301000006A00301230006C80301070072
:10AC380014D0030100000DD1030104000300040136
:10AC48004F00065004014D000CA00401090003B098
:10AC58000401230003D8040123000600050127008E
:10AC6800063005013300146F05010000037005016B
:10AC78000A00037C05010E00038C050106000394FD
:10AC880005010100039705010A0003A305010E0051
:10AC980003B30501060003BB050101000600060118
:10ACA8003601064007011500066007010700058008
:10ACB8000701050005870701290005B207010800FB
:10ACC800060008010500060808010000060A080138
:10ACD8002B00063708010100063C08010000063F6A
:10ACE800080116001457080100000E580801070053
:10ACF8000660080116001977080101000E7908019D
:10AD08000600068008011E000EA70801080006E0DC
:10AD18000801120006F4080101000EFB08010400F6
:10AD28000600090115000E1609010500141F090186
:10AD38000000062009011900143F090100000680DF
:10AD4800090137000EBC0901010006BE0901010016
:10AD58000EC009010F000ED209012D0006000A01DC
:10AD680000000B010A0102000B050A0101000B0C8F
:10AD78000A01030006100A01030006150A01020071
:10AD880006190A011C000B380A0102000B3F0A01D0
:10AD980000000E400A01080014500A01080006606D
:10ADA8000A011C000E7D0A010100147F0A0100003F
:10ADB80006800A011C000E9D0A01020006C00A0155
:10ADC800070019C80A01000006C90A011B000BE5A3
:10ADD8000A0101000EEB0A01040014F00A01060042
:10ADE80006000B01350014390B01060006400B0163
:10ADF80015000E580B01070006600B0112000E78B3
:10AE08000B01070006800B01110014990B010300C8
:10AE18000EA90B01060006000C01480003800C0176
:10AE2800320003C00C0132000EFA0C0105000600C6
:10AE38000D0123000B240D0103000C300D01090046
:10AE48000E600E011E0006800E0129000BAB0E01DC
:10AE5800010010AD0E01000006B00E0101000BFD4F
:10AE68000E01020006000F011C000E1D0F01090053
:10AE780006270F01000006300F0115000B460F01D1
:10AE88000A000E510F01030014550F01040006704B
:10AE98000F0111000B820F01030014860F0103003C
:10AEA80006B00F0114000EC50F01060006E00F01E1
:10AEB80016000900100100000B0110010000090232
:10AEC800100100000603100134000B3810010E00B9
:10AED8001447100106000E52100113000C661001F1
:10AEE80009000B70100100000671100101000B73BE
:10AEF800100101000675100100000B7F100102000F
:10AF0800098210010000068310012C0009B010010D
:10AF180002000BB31001030009B7100101000BB9BF
:10AF28001001010014BB1001010001BD1001000057
:10AF380014BE100103000BC21001000001CD100166
:10AF4800000006D0100118000CF0100109000B00D9
:10AF5800110102000603110123000B27110104004F
:10AF6800092C110100000B2D110107000C361101ED
:10AF780009001440110103000644110100000945AD
:10AF880011010100064711010000065011012200BD
:10AF98000B731101000014741101010006761101F0
:10AFA80000000B80110101000982110100000683D5
:10AFB80011012F0009B3110102000BB6110108009D
:10AFC80009BF1101010006C11101030014C51101D7
:10AFD80003000BC91101030014CD1101000009CEB3
:10AFE800110100000BCF110100000CD01101090064
:10AFF80006DA1101000014DB1101000006DC110162
:10B00800000014DD110102000EE111011300060019
:10B0180012011100061312011800092C1201020076
:10B028000B2F120102000932120101000B34120128
:10B0380000000935120100000B3612010100143816
:10B04800120105000B3E12010000063F120101002B
:10B058000B41120100000680120106000688120149
:10B068000000068A12010300068F12010E00069FD7
:10B078001201090014A91201000006B012012E00E5
:10B088000BDF1201000009E0120102000BE31201BC
:10B0980007000CF0120109000B001301010009025E
:10B0A80013010100060513010700060F1301010033
:10B0B800061313011500062A1301060006321301B0
:10B0C80001000635130104000B3B13010100063D86
:10B0D80013010000093E130101000B401301000099
:10B0E800094113010300094713010100094B13012A
:10B0F8000200065013010000095713010000065D05
:10B10800130104000962130101000B661301060014
:10B118000B701301040006001401340009351401F2
:10B1280002000B38140107000940140101000B420A
:10B13800140102000945140100000B461401000027
:10B14800064714010300144B140104000C501401A9
:10B158000900145A14010100145D140100000B5E6B
:10B1680014010000065F14010200068014012F007C
:10B1780009B0140102000BB31401050009B9140148
:10B1880000000BBA1401000009BB140103000BBF37
:10B198001401010009C1140100000BC214010100CF
:10B1A80006C41401010014C61401000006C71401E6
:10B1B80000000CD014010900068015012E0009AF0B
:10B1C800150102000BB21501030009B815010300AF
:10B1D8000BBC1501010009BE150100000BBF1501CC
:10B1E800010014C11501160006D8150103000BDC77
:10B1F80015010100060016012F0009301601020092
:10B208000B3316010700093B160101000B3D16011F
:10B218000000093E160100000B3F16010100144111
:10B22800160102000644160100000C501601090020
:10B23800146016010C00068016012A000BAB1601DB
:10B24800000009AC160100000BAD1601000009AEA4
:10B25800160101000BB01601050009B61601000021
:10B268000BB71601000006B81601000014B9160144
:10B2780000000CC016010900060017011A000B1D7A
:10B28800170102000920170101000B221701030012
:10B298000926170100000B27170104000C301701BD
:10B2A80009000E3A17010100143C17010200193F6A
:10B2B80017010000064017010600060018012B00C0
:10B2C800092C180102000B2F180108000938180171
:10B2D80000000B3918010100143B1801000003A0FD
:10B2E80018013F000CE0180109000EEA18010800D7
:10B2F80006FF18010700060919010000060C1901CC
:10B308000700061519010100061819011700093070
:10B31800190105000937190101000B3B190101004A
:10B32800093D190100000B3E19010000063F1901F3
:10B3380000000940190100000641190100000942F6
:10B34800190100000B4319010000144419010200FF
:10B358000C501901090006A01901070006AA1901D5
:10B36800260009D1190102000BD4190103000BDAD8
:10B378001901010009DC190103000BE019010000A3
:10B3880006E11901000014E21901000006E31901A1
:10B39800000009E41901000006001A0100000B0171
:10B3A8001A010900060B1A0127000B331A010500C0
:10B3B80009391A010000063A1A0100000B3B1A016C
:10B3C8000300143F1A0107000B471A01000006503A
:10B3D8001A0100000B511A01050009571A01010052
:10B3E8000B591A010200065C1A012D000B8A1A017A
:10B3F8000C0009971A0100000B981A010100149A11
:10B408001A010200069D1A010000149E1A01040088
:10B4180006B01A01480014001B01090006001C01AF
:10B428000800060A1C012400092F1C0100000B302B
:10B438001C0106000B381C010500093E1C01000018
:10B448000B3F1C01000006401C01000014411C01B8
:10B4580004000C501C0109000E5A1C011200147043
:10B468001C01010006721C011D000B921C01150035
:10B4780009A91C0100000BAA1C01060009B11C0146
:10B4880000000BB21C01010009B41C0100000BB53F
:10B498001C01010006001D01060006081D0101002F
:10B4A800060B1D0125000B311D0105000B3A1D017E
:10B4B80000000B3C1D0101000B3F1D010600064664
:10B4C8001D0100000B471D0100000C501D01090063
:10B4D80006601D01050006671D010100066A1D01C1
:10B4E8001F00098A1D0104000B901D01010009932A
:10B4F8001D0101000B951D01000009961D010000AA
:10B508000B971D01000006981D0100000CA01D01ED
:10B51800090006E01E0112000BF31E01010009F5E7
:10B528001E01010014F71E0101000B001F0101009C
:10B5380006021F01000009031F01000006041F0185
:10B548000C0006121F01210009341F0101000B36EF
:10B558001F010400093E1F0101000B401F010000EC
:10B5680009411F0100000B421F01000014431F0185
:10B578000C000C501F01090006B01F0100000EC08E
:10B588001F01140019D51F01070016DD1F01030054
:10B5980019E11F01100014FF1F010000060020011F
:10B5A80099030D0024016E00147024010400068024
:10B5B8002401C30006902F01600014F12F0101003F
:10B5C800060030012F04013034010F000B40340114
:10B5D80000000641340105000B4734010E00060047
:10B5E8004401460206006801380206406A011E004E
:10B5F8000C606A010900146E6A01010006706A0194
:10B608004E000CC06A01090006D06A011D000BF04B
:10B618006A01040014F56A01000006006B012F009E
:10B628000B306B01060014376B010400193C6B01E9
:10B63800030005406B01030014446B010000194529
:10B648006B0100000C506B0109000E5B6B010600DA
:10B6580006636B011400067D6B01120003406E0146
:10B668003F000E806E01160014976E01030006005D
:10B678006F014A000B4F6F01000006506F01000078
:10B6880009516F0136000B8F6F01030005936F019D
:10B698000C0005E06F01010014E26F01000005E3F2
:10B6A8006F0100000BE46F01000009F06F01010059
:10B6B80006007001F71706008801D50406008D0101
:10B6C800080005F0AF01030005F5AF01060005FD10
:10B6D800AF0101000600B00122010632B1010000ED
:10B6E8000650B10102000655B10100000664B1011F
:10B6F80003000670B1018B010600BC016A000670E8
:10B70800BC010C000680BC0108000690BC010900C1
:10B71800199CBC0100000B9DBC010100149FBC01D9
:10B72800000001A0BC0103000B00CF012D000B306D
:10B73800CF0116001950CF0173001900D001F50090
:10B748001900D10126001929D1013B000965D10151
:10B7580001000B67D1010200196AD1010200096DCD
:10B76800D10105000173D10107000B7BD10107004E
:10B778001983D10101000B85D1010600198CD10173
:10B788001D000BAAD101030019AED1013C0019001C
:10B79800D20141000B42D20102001945D20100003A
:10B7A8000EC0D20113000EE0D20113001900D3011C
:10B7B80056000E60D30118000800D4011900041ABD
:10B7C800D40119000834D4011900044ED40106002C
:10B7D8000456D40111000868D40119000482D40168
:10B7E8001900089CD4010000089ED401010008A299
:10B7F800D401000008A5D401010008A9D401030060
:10B8080008AED401070004B6D401030004BBD40178
:10B81800000004BDD401060004C5D4010A0008D004
:10B82800D401190004EAD40119000804D501010063
:10B838000807D5010300080DD50107000816D50132
:10B848000600041ED50119000838D5010100083B7F
:10B85800D50103000840D50104000846D5010000C1
:10B86800084AD50106000452D5011900086CD50113
:10B8780019000486D501190008A0D501190004BAD9
:10B88800D501190008D4D501190004EED501190015
:10B898000808D60119000422D6011900083CD6016F
:10B8A80019000456D60119000870D6011900048A37
:10B8B800D6011B0008A8D601180018C1D60100003F
:10B8C80004C2D601180018DBD601000004DCD6013A
:10B8D800050008E2D601180018FBD601000004FC98
:10B8E800D60118001815D70100000416D701050065
:10B8F800081CD70118001835D70100000436D701F5
:10B908001800184FD70100000450D7010500085649
:10B91800D7011800186FD70100000470D70118006C
:10B928001889D7010000048AD70105000890D701BB
:10B93800180018A9D701000004AAD701180018C3D5
:10B94800D701000004C4D701050008CAD7010000C8
:10B9580004CBD70100000CCED70131001900D80163
:10B96800FF010B00DA0136001937DA0103000B3B3F
:10B97800DA013100196DDA0107000B75DA010000F0
:10B988001976DA010D000B84DA0100001985DA0155
:10B9980001001487DA0104000B9BDA0104000BA1F3
:10B9A800DA010E000400DF010900060ADF010000C9
:10B9B800040BDF0113000425DF0105000B00E00183
:10B9C80006000B08E00110000B1BE00106000B232A
:10B9D800E00101000B26E00104000530E0013D0014
:10B9E8000B8FE00100000600E1012C000B30E101A3
:10B9F80006000537E10106000C40E1010900064E8A
:10BA0800E1010000194FE10100000690E2011D006C
:10BA18000BAEE201000006C0E2012B000BECE201D4
:10BA280003000CF0E201090016FFE201000006D055
:10BA3800E4011A0005EBE40100000BECE40103004B
:10BA48000CF0E401090006E0E701060006E8E7015A
:10BA5800030006EDE701010006F0E7010E0006000D
:10BA6800E801C4000EC7E80108000BD0E801060091
:10BA78000300E90143000B44E9010600054BE90115
:10BA880000000C50E9010900145EE90101000E7183
:10BA9800EC013A0019ACEC0100000EADEC0102001B
:10BAA80016B0EC0100000EB1EC0103000E01ED012F
:10BAB8002C00192EED0100000E2FED010E000600DE
:10BAC800EE0103000605EE011A000621EE01010051
:10BAD8000624EE0100000627EE0100000629EE010B
:10BAE80009000634EE0103000639EE010000063BAA
:10BAF800EE0100000642EE0100000647EE010000DC
:10BB08000649EE010000064BEE010000064DEE016D
:10BB180002000651EE0101000654EE01000006572E
:10BB2800EE0100000659EE010000065BEE01000080
:10BB3800065DEE010000065FEE0100000661EE0101
:10BB480001000664EE0100000667EE010300066CC2
:10BB5800EE0106000674EE0103000679EE0103000B
:10BB6800067EEE0100000680EE010900068BEE015C
:10BB7800100006A1EE01020006A5EE01040006ABC6
:10BB8800EE01100018F0EE0101001900F0012B0081
:10BB98001930F001630019A0F0010E0019B1F0018D
:10BBA8000E0019C1F0010E0019D1F00124000E0099
:10BBB800F1010C00190DF101A00019E6F1011C00BA
:10BBC8001910F2012B001940F20108001950F20176
:10BBD80001001960F20105001900F301FA0017FBD2
:10BBE800F30104001900F401D70219DCF601100072
:10BBF80019F0F6010C001900F7017600197BF7011E
:10BC08005E0019E0F7010B0019F0F70100001900B8
:10BC1800F8010B001910F80137001950F801090054
:10BC28001960F80127001990F8011D0019B0F801F2
:10BC380001001900F90153011960FA010D0019708A
:10BC4800FA010C001980FA0108001990FA012D0078
:10BC580019BFFA01060019CEFA010D0019E0FA0120
:10BC6800080019F0FA0108001900FB019200199464
:10BC7800FB0136000CF0FB01090006000002DFA6FC
:10BC88000600A70239100640B702DD000620B802F8
:10BC9800811606B0CE02301D0600F8021D0206000D
:10BCA80000034A13065013035F100101000E000041
:10BCB8000120000E5F000B00010EEF00AE660110C0
:10BCC8009E66011090660110866601107A66011062
:10BCD8006666011052660110B86601100C5F104EBE
:10BCE800154E2A4E314E364E3C4E3F4E424E564E23
:10BCF800584E824E854E6B8C8A4E12820D5F8E4E48
:10BD08009E4E9F4EA04EA24EB04EB34EB64ECE4E55
:10BD1800CD4EC44EC64EC24ED74EDE4EED4EDF4E11
:10BD2800F74E094F5A4F304F5B4F5D4F574F474FB4
:10BD3800764F884F8F4F984F7B4F694F704F914F79
:10BD48006F4F864F964F1851D44FDF4FCE4FD84F75
:10BD5800DB4FD14FDA4FD04FE44FE54F1A50285000
:10BD680014502A50255005501C4FF64F2150295089
:10BD78002C50FE4FEF4F1150065043504750036769
:10BD88005550505048505A5056506C50785080502A
:10BD98009A508550B450B250C950CA50B350C2508E
:10BDA800D650DE50E550ED50E350EE50F950F550C6
:10BDB8000951015102511651155114511A5121516D
:10BDC8003A5137513C513B513F51405152514C51DE
:10BDD80054516251F87A69516A516E5180518251B9
:10BDE800D8568C5189518F519151935195519651F3
:10BDF800A451A651A251A951AA51AB51B351B15165
:10BE0800B251B051B551BD51C551C951DB51E05185
:10BE18005586E951ED51F051F551FE5104520B523E
:10BE280014520E5227522A522E52335239524F521E
:10BE380044524B524C525E5254526A527452695296
:10BE480073527F527D528D5294529252715288523F
:10BE58009152A88FA78FAC52AD52BC52B552C15265
:10BE6800CD52D752DE52E352E652ED98E052F352E9
:10BE7800F552F852F9520653085338750D531053BA
:10BE88000F5315531A5323532F53315333533853E6
:10BE9800405346534553174E49534D53D6515E535D
:10BEA80069536E5318597B53775382539653A05353
:10BEB800A653A553AE53B053B653C353127CD99669
:10BEC800DF53FC66EE71EE53E853ED53FA53015419
:10BED8003D5440542C542D543C542E54365429541B
:10BEE8001D544E548F5475548E545F547154775466
:10BEF800705492547B54805476548454905486548D
:10BF0800C754A254B854A554AC54C454C854A854E3
:10BF1800AB54C254A454BE54BC54D854E554E6544B
:10BF28000F551455FD54EE54ED54FA54E254395556
:10BF3800405563554C552E555C55455556555755E6
:10BF4800385533555D5599558055AF548A559F5589
:10BF58007B557E5598559E55AE557C558355A955AC
:10BF68008755A855DA55C555DF55C455DC55E455F0
:10BF7800D4551456F7551656FE55FD551B56F9550A
:10BF88004E565056DF7134563656325638566B5622
:10BF980064562F566C566A56865680568A56A05650
:10BFA80094568F56A556AE56B656B456C256BC567B
:10BFB800C156C356C056C856CE56D156D356D75674
:10BFC800EE56F9560057FF560457095708570B57AE
:10BFD8000D57135718571657C7551C572657375715
:10BFE80038574E573B5740574F576957C057885790
:10BFF80061577F5789579357A057B357A457AA57E4
:10C00800B057C357C657D457D257D3570A58D657DD
:10C01800E3570B5819581D587258215862584B58F5
:10C028007058C06B52583D5879588558B9589F5820
:10C03800AB58BA58DE58BB58B858AE58C558D3583C
:10C04800D158D758D958D858E558DC58E458DF584B
:10C05800EF58FA58F958FB58FC58FD5802590A5934
:10C0680010591B59A66825592C592D593259385938
:10C078003E59D27A555950594E595A5958596259B8
:10C08800605967596C596959785981599D595E4F5A
:10C09800AB4FA359B259C659E859DC598D59D959EA
:10C0A800DA59255A1F5A115A1C5A095A1A5A405A0B
:10C0B8006C5A495A355A365A625A6A5A9A5ABC5A66
:10C0C800BE5ACB5AC25ABD5AE35AD75AE65AE95A07
:10C0D800D65AFA5AFB5A0C5B0B5B165B325BD05A8A
:10C0E8002A5B365B3E5B435B455B405B515B555B64
:10C0F8005A5B5B5B655B695B705B735B755B785B0D
:10C1080088657A5B805B835BA65BB85BC35BC75B58
:10C11800C95BD45BD05BE45BE65BE25BDE5BE55B63
:10C12800EB5BF05BF65BF35B055C075C085C0D5C46
:10C13800135C205C225C285C385C395C415C465CA2
:10C148004E5C535C505C4F5C715B6C5C6E5C624E29
:10C15800765C795C8C5C915C945C9B59AB5CBB5C59
:10C16800B65CBC5CB75CC55CBE5CC75CD95CE95CB2
:10C17800FD5CFA5CED5C8C5DEA5C0B5D155D175D42
:10C188005C5D1F5D1B5D115D145D225D1A5D195DAF
:10C19800185D4C5D525D4E5D4B5D6C5D735D765D0B
:10C1A800875D845D825DA25D9D5DAC5DAE5DBD5DBC
:10C1B800905DB75DBC5DC95DCD5DD35DD25DD65D7B
:10C1C800DB5DEB5DF25DF55D0B5E1A5E195E115E7F
:10C1D8001B5E365E375E445E435E405E4E5E575E73
:10C1E800545E5F5E625E645E475E755E765E7A5E32
:10C1F800BC9E7F5EA05EC15EC25EC85ED05ECF5E42
:10C20800D65EE35EDD5EDA5EDB5EE25EE15EE85E40
:10C21800E95EEC5EF15EF35EF05EF45EF85EFE5E93
:10C22800035F095F5D5F5C5F0B5F115F165F295FEE
:10C238002D5F385F415F485F4C5F4E5F2F5F515FF6
:10C24800565F575F595F615F6D5F735F775F835FAD
:10C25800825F7F5F8A5F885F915F875F9E5F995F7C
:10C26800985FA05FA85FAD5FBC5FD65FFB5FE45FD0
:10C27800F85FF15FDD5FB360FF5F216060601960A8
:10C28800106029600E6031601B6015602B602660AD
:10C298000F603A605A6041606A6077605F604A6028
:10C2A80046604D6063604360646042606C606B60D0
:10C2B800596081608D60E76083609A6084609B60EC
:10C2C800966097609260A7608B60E160B860E060FC
:10C2D800D360B460F05FBD60C660B560D8604D6182
:10C2E80015610661F660F7600061F460FA60036149
:10C2F8002161FB60F1600D610E6147613E6128615B
:10C3080027614A613F613C612C6134613D61426152
:10C31800446173617761586159615A616B617461F5
:10C328006F61656171615F615D615361756199619B
:10C3380096618761AC6194619A618A619161AB6130
:10C34800AE61CC61CA61C961F761C861C361C66188
:10C35800BA61CB61797FCD61E661E361F661FA612B
:10C36800F461FF61FD61FC61FE61006208620962BF
:10C378000D620C6214621B621E6221622A622E62C6
:10C3880030623262336241624E625E6263625B6255
:10C39800606268627C62826289627E629262936293
:10C3A8009662D46283629462D762D162BB62CF62C2
:10C3B800FF62C662D464C862DC62CC62CA62C262CE
:10C3C800C7629B62C9620C63EE62F1622763026313
:10C3D8000863EF62F56250633E634D631C644F630C
:10C3E80096638E638063AB637663A3638F638963AD
:10C3F8009F63B5636B636963BE63E963C063C663C8
:10C40800E363C963D263F663C46316643464066481
:10C418001364266436641D65176428640F646764B2
:10C428006F6476644E642A6595649364A564A96410
:10C438008864BC64DA64D264C564C764BB64D864C5
:10C44800C264F164E7640982E064E164AC62E364B5
:10C45800EF642C65F664F464F264FA640065FD64C4
:10C4680018651C650565246523652B653465356588
:10C478003765366538654B754865566555654D654C
:10C4880058655E655D6572657865826583658A8BCA
:10C498009B659F65AB65B765C365C665C165C465C2
:10C4A800CC65D265DB65D965E065E165F1657267E4
:10C4B8000A660366FB6573673566366634661C660E
:10C4C8004F664466496641665E665D666466676691
:10C4D80068665F6662667066836688668E66896669
:10C4E800846698669D66C166B966C966BE66BC669E
:10C4F800C466B866D666DA66E0663F66E666E966EA
:10C50800F066F566F7660F6716671E672667276782
:10C5180038972E673F6736674167386737674667DA
:10C528005E67606759676367646789677067A9674B
:10C538007C676A678C678B67A667A1678567B7673B
:10C54800EF67B467EC67B367E967B867E467DE6706
:10C55800DD67E267EE67B967CE67C667E7679C6A1B
:10C568001E684668296840684D6832684E68B36836
:10C578002B685968636877687F689F688F68AD68BB
:10C5880094689D689B688368AE6AB9687468B56882
:10C59800A068BA680F698D687E680169CA68086909
:10C5A800D86822692669E1680C69CD68D468E768AB
:10C5B800D568366912690469D768E3682569F96836
:10C5C800E068EF6828692A691A6923692169C668D9
:10C5D800796977695C6978696B6954697E696E699C
:10C5E800396974693D695969306961695E695D696C
:10C5F80081696A69B269AE69D069BF69C169D3697D
:10C60800BE69CE69E85BCA69DD69BB69C369A769A8
:10C618002E6A9169A0699C699569B469DE69E869BF
:10C62800026A1B6AFF690A6BF969F269E769056AB8
:10C63800B1691E6AED69146AEB690A6A126AC16A0D
:10C64800236A136A446A0C6A726A366A786A476AA5
:10C65800626A596A666A486A386A226A906A8D6AA2
:10C66800A06A846AA26AA36A976A1786BB6AC36AC1
:10C67800C26AB86AB36AAC6ADE6AD16ADF6AAA6A51
:10C68800DA6AEA6AFB6A056B1686FA6A126B166B37
:10C69800319B1F6B386B376BDC76396BEE98476BC9
:10C6A800436B496B506B596B546B5B6B5F6B616B86
:10C6B800786B796B7F6B806B846B836B8D6B986BFE
:10C6C800956B9E6BA46BAA6BAB6BAF6BB26BB16BCC
:10C6D800B36BB76BBC6BC66BCB6BD36BDF6BEC6BA5
:10C6E800EB6BF36BEF6BBE9E086C136C146C1B6CDE
:10C6F800246C236C5E6C556C626C6A6C826C8D6CFD
:10C708009A6C816C9B6C7E6C686C736C926C906C90
:10C71800C46CF16CD36CBD6CD76CC56CDD6CAE6C45
:10C72800B16CBE6CBA6CDB6CEF6CD96CEA6C1F6DCB
:10C738004D88366D2B6D3D6D386D196D356D336DCA
:10C74800126D0C6D636D936D646D5A6D796D596DD5
:10C758008E6D956DE46F856DF96D156E0A6EB56D0C
:10C76800C76DE66DB86DC66DEC6DDE6DCC6DE86DB0
:10C77800D26DC56DFA6DD96DE46DD56DEA6DEE6D4E
:10C788002D6E6E6E2E6E196E726E5F6E3E6E236E1D
:10C798006B6E2B6E766E4D6E1F6E436E3A6E4E6EDE
:10C7A800246EFF6E1D6E386E826EAA6E986EC96E0C
:10C7B800B76ED36EBD6EAF6EC46EB26ED46ED56EEC
:10C7C8008F6EA56EC26E9F6E416F116F4C70EC6ECE
:10C7D800F86EFE6E3F6FF26E316FEF6E326FCC6E99
:10C7E8003E6F136FF76E866F7A6F786F816F806F09
:10C7F8006F6F5B6FF36F6D6F826F7C6F586F8E6FAB
:10C80800916FC26F666FB36FA36FA16FA46FB96F9B
:10C81800C66FAA6FDF6FD56FEC6FD46FD86FF16FEB
:10C82800EE6FDB6F09700B70FA6F117001700F708B
:10C83800FE6F1B701A70746F1D7018701F70307047
:10C848003E7032705170637099709270AF70F17071
:10C85800AC70B870B370AE70DF70CB70DD70D9702B
:10C868000971FD701C711971657155718871667156
:10C8780062714C7156716C718F71FB718471957115
:10C88800A871AC71D771B971BE71D271C971D47107
:10C89800CE71E071EC71E771F571FC71F971FF719E
:10C8A8000D7210721B7228722D722C7230723272D5
:10C8B8003B723C723F72407246724B72587274728D
:10C8C8007E7282728172877292729672A272A77257
:10C8D800B972B272C372C672C472CE72D272E27286
:10C8E800E072E172F972F7720F5017730A731C73D2
:10C8F80016731D7334732F73297325733E734E7328
:10C908004F73D89E57736A736873707378737573AF
:10C918007B737A73C873B373CE73BB73C073E573D9
:10C92800EE73DE73A27405746F742574F873327431
:10C938003A7455743F745F74597441745C746974C3
:10C94800707463746A7476747E748B749E74A7743E
:10C95800CA74CF74D474F173E074E374E774E9743F
:10C96800EE74F274F074F174F874F7740475037566
:10C9780005750C750E750D75157513751E7526756F
:10C988002C753C7544754D754A7549755B754675CA
:10C998005A756975647567756B756D757875767593
:10C9A8008675877574758A758975827594759A7593
:10C9B8009D75A575A375C275B375C375B575BD7538
:10C9C800B875BC75B175CD75CA75D275D975E3756D
:10C9D800DE75FE75FF75FC750176F075FA75F275F2
:10C9E800F3750B760D7609761F76277620762176F5
:10C9F80022762476347630763B76477648764676C5
:10CA08005C76587661766276687669766A76677655
:10CA18006C7670767276767678767C7680768376A3
:10CA280088768B768E769676937699769A76B076A1
:10CA3800B476B876B976BA76C276CD76D676D27628
:10CA4800DE76E176E576E776EA762F86FB76087776
:10CA580007770477297724771E77257726771B773A
:10CA68003777387747775A7768776B775B77657763
:10CA78007F777E7779778E778B779177A0779E7798
:10CA8800B077B677B977BF77BC77BD77BB77C7770D
:10CA9800CD77D777DA77DC77E377EE77FC770C78A2
:10CAA8001278267920782A7945788E78747886786D
:10CAB8007C789A788C78A378B578AA78AF78D1788A
:10CAC800C678CB78D478BE78BC78C578CA78EC7844
:10CAD800E778DA78FD78F478077912791179197995
:10CAE8002C792B794079607957795F795A7955791A
:10CAF80053797A797F798A799D79A7794B9FAA7931
:10CB0800AE79B379B979BA79C979D579E779EC7910
:10CB1800E179E379087A0D7A187A197A207A1F7AF6
:10CB28008079317A3B7A3E7A377A437A577A497AEA
:10CB3800617A627A697A9D9F707A797A7D7A887A41
:10CB4800977A957A987A967AA97AC87AB07AB67ADC
:10CB5800C57AC47ABF7A8390C77ACA7ACD7ACF7AEF
:10CB6800D57AD37AD97ADA7ADD7AE17AE27AE67A0C
:10CB7800ED7AF07A027B0F7B0A7B067B337B187B8E
:10CB8800197B1E7B357B287B367B507B7A7B047B2D
:10CB98004D7B0B7B4C7B457B757B657B747B677B17
:10CBA800707B717B6C7B6E7B9D7B987B9F7B8D7B89
:10CBB8009C7B9A7B8B7B927B8F7B5D7B997BCB7BF2
:10CBC800C17BCC7BCF7BB47BC67BDD7BE97B117CD7
:10CBD800147CE67BE57B607C007C077C137CF37B24
:10CBE800F77B177C0D7CF67B237C277C2A7C1F7CBB
:10CBF800377C2B7C3D7C4C7C437C547C4F7C407C3C
:10CC0800507C587C5F7C647C567C657C6C7C757C35
:10CC1800837C907CA47CAD7CA27CAB7CA17CA87C32
:10CC2800B37CB27CB17CAE7CB97CBD7CC07CC57C5D
:10CC3800C27CD87CD27CDC7CE27C3B9BEF7CF27CA7
:10CC4800F47CF67CFA7C067D027D1C7D157D0A7DD0
:10CC5800457D4B7D2E7D327D3F7D357D467D737DC7
:10CC6800567D4E7D727D687D6E7D4F7D637D937DA3
:10CC7800897D5B7D8F7D7D7D9B7DBA7DAE7DA37D2E
:10CC8800B57DC77DBD7DAB7D3D7EA27DAF7DDC7D65
:10CC9800B87D9F7DB07DD87DDD7DE47DDE7DFB7D2B
:10CCA800F27DE17D057E0A7E237E217E127E317E25
:10CCB8001F7E097E0B7E227E467E667E3B7E357E0B
:10CCC800397E437E377E327E3A7E677E5D7E567E33
:10CCD8005E7E597E5A7E797E6A7E697E7C7E7B7E08
:10CCE800837ED57D7D7EAE8F7F7E887E897E8C7E9D
:10CCF800927E907E937E947E967E8E7E9B7E9C7E98
:10CD0800387F3A7F457F4C7F4D7F4E7F507F517FE4
:10CD1800557F547F587F5F7F607F687F697F677F1B
:10CD2800787F827F867F837F887F877F8C7F947FD1
:10CD38009E7F9D7F9A7FA37FAF7FB27FB97FAE7FB3
:10CD4800B67FB87F718BC57FC67FCA7FD57FD47FFA
:10CD5800E17FE67FE97FF37FF97FDC980680048036
:10CD68000B801280188019801C80218028803F80C9
:10CD78003B804A804680528058805A805F8062801B
:10CD88006880738072807080768079807D807F80F3
:10CD98008480868085809B8093809A80AD80905126
:10CDA800AC80DB80E580D980DD80C480DA80D680E5
:10CDB8000981EF80F1801B81298123812F814B819B
:10CDC8008B9646813E8153815181FC8071816E81B1
:10CDD800658166817481838188818A81808182816D
:10CDE800A0819581A481A3815F819381A981B0816C
:10CDF800B581BE81B881BD81C081C281BA81C98136
:10CE0800CD81D181D981D881C881DA81DF81E08162
:10CE1800E781FA81FB81FE81018202820582078215
:10CE28000A820D821082168229822B8238823382EE
:10CE38004082598258825D825A825F82648262820D
:10CE480068826A826B822E827182778278827E8281
:10CE58008D829282AB829F82BB82AC82E182E38226
:10CE6800DF82D282F482F382FA8293830383FB8285
:10CE7800F982DE820683DC820983D9823583348392
:10CE880016833283318340833983508345832F83CC
:10CE98002B831783188385839A83AA839F83A2830E
:10CEA800968323838E8387838A837C83B583738366
:10CEB8007583A0838983A883F4831384EB83CE834B
:10CEC800FD830384D8830B84C183F7830784E083BD
:10CED800F2830D8422842084BD8338840685FB83F5
:10CEE8006D842A843C845A85848477846B84AD84D9
:10CEF8006E848284698446842C846F847984358422
:10CF0800CA846284B984BF849F84D984CD84BB8455
:10CF1800DA84D084C184C684D684A1842185FF8420
:10CF2800F484178518852C851F8515851485FC8440
:10CF38004085638558854885418502864B8555859A
:10CF48008085A485888591858A85A8856D85948541
:10CF58009B85EA8587859C8577857E859085C985AB
:10CF6800BA85CF85B985D085D585DD85E585DC850C
:10CF7800F9850A8613860B86FE85FA85068622863B
:10CF88001A8630863F864D86554E54865F8667865C
:10CF980071869386A386A986AA868B868C86B68692
:10CFA800AF86C486C686B086C9862388AB86D486F3
:10CFB800DE86E986EC86DF86DB86EF8612870687C3
:10CFC800088700870387FB86118709870D87F986FD
:10CFD8000A8734873F8737873B87258729871A87BA
:10CFE80060875F8778874C874E87748757876887FD
:10CFF8006E875987538763876A870588A2879F87C3
:10D008008287AF87CB87BD87C087D087D696AB8707
:10D01800C487B387C787C687BB87EF87F287E08750
:10D028000F880D88FE87F687F7870E88D2871188C4
:10D038001688158822882188318836883988278873
:10D048003B8844884288528859885E8862886B8801
:10D0580081887E889E8875887D88B5887288828850
:10D0680097889288AE889988A2888D88A488B08885
:10D07800BF88B188C388C488D488D888D988DD880F
:10D08800F9880289FC88F488E888F28804890C8980
:10D098000A89138943891E8925892A892B89418907
:10D0A80044893B89368938894C891D8960895E891C
:10D0B800668964896D896A896F89748977897E89A7
:10D0C800838988898A8993899889A189A989A68960
:10D0D800AC89AF89B289BA89BD89BF89C089DA8923
:10D0E800DC89DD89E789F489F889038A168A108A38
:10D0F8000C8A1B8A1D8A258A368A418A5B8A528A4B
:10D10800468A488A7C8A6D8A6C8A628A858A828A7B
:10D11800848AA88AA18A918AA58AA68A9A8AA38AD1
:10D12800C48ACD8AC28ADA8AEB8AF38AE78AE48AD1
:10D13800F18A148BE08AE28AF78ADE8ADB8A0C8B12
:10D14800078B1A8BE18A168B108B178B208B338BEE
:10D15800AB97268B2B8B3E8B288B418B4C8B4F8B25
:10D168004E8B498B568B5B8B5A8B6B8B5F8B6C8B87
:10D178006F8B748B7D8B808B8C8B8E8B928B938B30
:10D18800968B998B9A8B3A8C418C3F8C488C4C8C23
:10D198004E8C508C558C628C6C8C788C7A8C828CF2
:10D1A800898C858C8A8C8D8C8E8C948C7C8C988CBC
:10D1B8001D62AD8CAA8CBD8CB28CB38CAE8CB68C37
:10D1C800C88CC18CE48CE38CDA8CFD8CFA8CFB8CDB
:10D1D800048D058D0A8D078D0F8D0D8D108D4E9F39
:10D1E800138DCD8C148D168D678D6D8D718D738D0E
:10D1F800818D998DC28DBE8DBA8DCF8DDA8DD68DEC
:10D20800CC8DDB8DCB8DEA8DEB8DDF8DE38DFC8DA9
:10D21800088E098EFF8D1D8E1E8E108E1F8E428EDB
:10D22800358E308E348E4A8E478E498E4C8E508E77
:10D23800488E598E648E608E2A8E638E558E768EB9
:10D24800728E7C8E818E878E858E848E8B8E8A8E52
:10D25800938E918E948E998EAA8EA18EAC8EB08E5E
:10D26800C68EB18EBE8EC58EC88ECB8EDB8EE38EFB
:10D27800FC8EFB8EEB8EFE8E0A8F058F158F128F1C
:10D28800198F138F1C8F1F8F1B8F0C8F268F338F37
:10D298003B8F398F458F428F3E8F4C8F498F468FFA
:10D2A8004E8F578F5C8F628F638F648F9C8F9F8F99
:10D2B800A38FAD8FAF8FB78FDA8FE58FE28FEA8FAD
:10D2C800EF8F8790F48F0590F98FFA8F1190159052
:10D2D80021900D901E9016900B90279036903590C7
:10D2E8003990F88F4F905090519052900E904990ED
:10D2F8003E90569058905E9068906F907690A89661
:10D30800729082907D90819080908A9089908F9081
:10D31800A890AF90B190B590E290E4904862DB900D
:10D32800029112911991329130914A9156915891E6
:10D33800639165916991739172918B9189918291B1
:10D34800A291AB91AF91AA91B591B491BA91C091C4
:10D35800C191C991CB91D091D691DF91E191DB91A7
:10D36800FC91F591F6911E92FF9114922C921592D0
:10D3780011925E9257924592499264924892959280
:10D388003F924B9250929C92969293929B925A9271
:10D39800CF92B992B792E9920F93FA9244932E934F
:10D3A800199322931A9323933A9335933B935C935F
:10D3B80060937C936E935693B093AC93AD93949390
:10D3C800B993D693D793E893E593D893C393DD9312
:10D3D800D093C893E4931A941494139403940794E1
:10D3E800109436942B94359421943A944194529401
:10D3F80044945B94609462945E946A9429927094C5
:10D40800759477947D945A947C947E9481947F94B7
:10D41800829587958A959495969598959995A095CE
:10D42800A895A795AD95BC95BB95B995BE95CA9598
:10D43800F66FC395CD95CC95D595D495D695DC95B5
:10D44800E195E595E295219628962E962F96429697
:10D458004C964F964B9677965C965E965D965F9641
:10D46800669672966C968D96989695969796AA96C5
:10D47800A796B196B296B096B496B696B896B9965F
:10D48800CE96CB96C996CD964D89DC960D97D596B6
:10D49800F99604970697089713970E9711970F9781
:10D4A8001697199724972A97309739973D973E975B
:10D4B800449746974897429749975C97609764972F
:10D4C80066976897D2526B977197799785977C97EB
:10D4D80081977A9786978B978F9790979C97A8971D
:10D4E800A697A397B397B497C397C697C897CB97B0
:10D4F800DC97ED974F9FF297DF7AF697F5970F989D
:10D508000C9838982498219837983D9846984F98C1
:10D518004B986B986F987098719874987398AA98AC
:10D52800AF98B198B698C498C398C698E998EB98FC
:10D538000399099912991499189921991D991E9975
:10D54800249920992C992E993D993E994299499967
:10D55800459950994B99519952994C995599979940
:10D568009899A599AD99AE99BC99DF99DB99DD9900
:10D57800D899D199ED99EE99F199F299FB99F89981
:10D58800019A0F9A059AE299199A2B9A379A459A0D
:10D59800429A409A439A3E9A559A4D9A5B9A579A5C
:10D5A8005F9A629A659A649A699A6B9A6A9AAD9A2E
:10D5B800B09ABC9AC09ACF9AD19AD39AD49ADE9A42
:10D5C800DF9AE29AE39AE69AEF9AEB9AEE9AF49A3D
:10D5D800F19AF79AFB9A069B189B1A9B1F9B229B12
:10D5E800239B259B279B289B299B2A9B2E9B2F9B14
:10D5F800329B449B439B4F9B4D9B4E9B519B589BFF
:10D60800749B939B839B919B969B979B9F9BA09BB3
:10D61800A89BB49BC09BCA9BB99BC69BCF9BD19B25
:10D62800D29BE39BE29BE49BD49BE19B3A9CF29BBD
:10D63800F19BF09B159C149C099C139C0C9C069CCC
:10D64800089C129C0A9C049C2E9C1B9C259C249C38
:10D65800219C309C479C329C469C3E9C5A9C609CDA
:10D66800679C769C789CE79CEC9CF09C099D089DA7
:10D67800EB9C039D069D2A9D269DAF9D239D1F9D86
:10D68800449D159D129D419D3F9D3E9D469D489DF3
:10D698005D9D5E9D649D519D509D599D729D899D86
:10D6A800879DAB9D6F9D7A9D9A9DA49DA99DB29DD6
:10D6B800C49DC19DBB9DB89DBA9DC69DCF9DC29D71
:10D6C800D99DD39DF89DE69DED9DEF9DFD9D1A9EEC
:10D6D8001B9E1E9E759E799E7D9E819E889E8B9E1A
:10D6E8008C9E929E959E919E9D9EA59EA99EB89E5B
:10D6F800AA9EAD9E6197CC9ECE9ECF9ED09ED49E74
:10D70800DC9EDE9EDD9EE09EE59EE89EEF9EF49EFA
:10D71800F69EF79EF99EFB9EFC9EFD9E079F089F26
:10D72800B776159F219F2C9F3E9F4A9F529F549FDB
:10D73800639F5F9F609F619F669F679F6C9F6A9FC3
:10D74800779F729F769F959F9C9FA09F2F58C76930
:10D7580059906474DC5199719C4E1655035A3F9642
:10D76800C0541B612863F659229075841C83507A33
:10D77800AA60E163256EED656684A682F59B9368D1
:10D788002757A16571629B5BD0597B86F498627DAF
:10D79800BE7D8E9B16629F7CB788895BB55E0963E8
:10D7A80097664868C7958D974F67E54E0A4F4D4F66
:10D7B8009D4F4950F2563759D459015A095CDF60D8
:10D7C8000F61706113660569BA704F757075FB79E2
:10D7D800AD7DEF7DC3800E846388028B55907A906F
:10D7E8003B53954EA54EDF57B280C190EF78004E5F
:10D7F800F158A26E3890327A28838B822F9C41513F
:10D808007053BD54E154E056FB59155FF298EB6D27
:10D81800E4802D8562967096A096FB970B54F3537F
:10D82800875BCF70BD7FC28FE8966F535C9DBA7AD5
:10D83800114E9378FC81266E185604551D6B1A8577
:10D848003B9CE559A953666DDC748F954256914E01
:10D858004B90F2964F830C99E153B655305B715F4C
:10D868002066F3660468386CF36C296D5B74C876BF
:10D878004E7A3498F1825B88608AED92B26DAB750E
:10D88800CA76C599A660018B8A8DB2958E69AD530B
:10D898008651125730584459B45BF65E2860A96324
:10D8A800F463BF6C146F8E7014715971D5713F7326
:10D8B800017E7682D182978560905B921B9D695824
:10D8C800BC655A6C2575F9512E596559805FDC5F26
:10D8D800BC62FA652A6A276BB46B8B73C17F568961
:10D8E8002C9D0E9DC49EA15C966C7B8304514B5C61
:10D8F800B661C68176686172594EFA4F785369608D
:10D90800296E4F7AF3970B4E1653EE4E554F3D4FF7
:10D91800A14F734FA052EF5309560F59C15AB65B26
:10D92800E15BD17987669C67B6674C6BB36C6B70AB
:10D93800C2738D79BE793C7A877BB182DB8204839E
:10D948007783EF83D3836687B28A2956A88CE68FBC
:10D958004E901E978A86C44FE85C116259723B75D7
:10D96800E581BD82FE86C08CC5961399D599CB4EAC
:10D978001A4FE389DE564A58CA58FB5EEB5F2A60A5
:10D9880094606260D0611262D0623965419B6666BC
:10D99800B068776D70704C758676757DA582F9874D
:10D9A8008B958E969D8CF151BE521659B354B35B2C
:10D9B800165D68618269AF6D8D78CB845788728AED
:10D9C800A793B89A6C6DA899D986A357FF67CE8696
:10D9D8000E92835287560454D35EE162B9643C6860
:10D9E8003868BB6B7273BA786B7A9A89D2896B8DF7
:10D9F800038FED90A39594966997665BB35C7D69F8
:10DA08004D984E989B63207B2B6A7F6AB6680D9C65
:10DA18005F6F72529D557060EC623B6D076ED16E00
:10DA28005B841089448F144E399CF6531B693A6AFB
:10DA380084972A685C51C37AB284DC918C935B56D4
:10DA4800289D226805833184A57C0852C582E67426
:10DA58007E4E834FA051D25B0A52D852E752FB5DEB
:10DA68009A552A58E6598C5B985BDB5B725E795E47
:10DA7800A3601F616361BE61DB636265D167536840
:10DA8800FA683E6B536B576C226F976F456FB07493
:10DA98001875E3760B77FF7AA17B217CE97D367FC9
:10DAA800F07F9D8066829E83B389CC8AAB8C8490FC
:10DAB800519493959195A2956596D3972899188234
:10DAC800384E2B54B85CCC5DA9734C763C77A95C76
:10DAD800EB7F0B8DC196119854985898014F0E4FB3
:10DAE80071539C556856FA574759095BC45B905C5B
:10DAF8000C5E7E5ECC5FEE633A67D765E2651F67B2
:10DB0800CB68C4685F6A305EC56B176C7D6C7F75C7
:10DB18004879635B007A007DBD5F8F89188AB48C71
:10DB2800778DCC8E1D8FE2980E9A3C9B804E7D504F
:10DB3800005193599C5B2F628062EC643A6BA0722F
:10DB480091754779A97FFB87BC8A708BAC63CA83C0
:10DB5800A09709540354AB555468586A708A2778BB
:10DB68007567CD9E7453A25B1A8150860690184E35
:10DB7800454EC74E114FCA533854AE5B135F2560EC
:10DB880051653D67426C726CE36C78700374767A09
:10DB9800AE7A087B1A7DFE7C667DE7655B72BB53B7
:10DBA800455CE85DD262E0621963206E5A86318A6C
:10DBB800DD8DF892016FA6795A9BA84EAB4EAC4EFC
:10DBC8009B4FA04FD1504751F67A7151F65154539B
:10DBD80021537F53EB53AC558358E15C375F4A5F61
:10DBE8002F6050606D601F6359654B6AC16CC272CB
:10DBF800ED72EF77F880058108824E85F790E19302
:10DC0800FF9757995A9AF04EDD512D5C81666D69E0
:10DC1800405CF266756989735068817CC550E4522E
:10DC28004757FE5D2693A465236B3D6B3474817959
:10DC3800BD794B7BCA7DB982CC837F885F89398B5C
:10DC4800D18FD1911F5480925D4E3650E5533A538F
:10DC5800D7729673E977E682AF8EC699C899D2993A
:10DC680077511A615E86B0557A7A7650D35B4790C1
:10DC78008596324EDB6AE791515C485C98639F7ADF
:10DC8800936C7497618FAA7A8A718896827C1768D8
:10DC9800707E51686C93F2521B54AB85138AA47F33
:10DCA800CD8EE190665388884179C24FBE5011529B
:10DCB800445153552D57EA738B575159625F845F0E
:10DCC800756076616761A961B2633A646C656F6675
:10DCD8004268136E66753D7AFB7C4C7D997D4B7E60
:10DCE8006B7F0E834A83CD86088A638A668BFD8E96
:10DCF8001A988F9DB882CE8FE89B87521F628364E3
:10DD0800C06F999641689150206B7A6C546F747A01
:10DD1800507D4088238A0867F64E39502650655052
:10DD28007C5138526352A7550F570558CC5AFA5EA2
:10DD3800B261F861F36272631C69296A7D72AC7220
:10DD48002E7314786F78797D0C77A9808B89198B5D
:10DD5800E28CD28E639075937A965598139A789E32
:10DD680043519F53B3537B5E265F1B6E906E847343
:10DD7800FE73437D3782008AFA8A50964E4E0B50C6
:10DD8800E4537C54FA56D159645BF15DAB5E275F6E
:10DD980038624565AF67566ED072CA7CB488A18078
:10DDA800E180F0834E86878AE88D3792C796679818
:10DDB800139F944E924E0D4F485349543E542F5A38
:10DDC8008C5FA15F9F60A7688E6A5A7481789E8A6B
:10DDD800A48A778B90915E4EC99BA44E7C4FAF4F1F
:10DDE8001950165049516C519F52B952FE529A53CC
:10DDF800E35311540E5489555157A2577D59545B1A
:10DE08005D5B8F5BE55DE75DF75D785E835E9A5EDF
:10DE1800B75E185F52604C619762D862A7633B6532
:10DE280002664366F4666D6721689768CB695F6C24
:10DE38002A6D696D2F6E9D6E327587766C783F7A84
:10DE4800E07C057D187D5E7DB17D15800380AF8007
:10DE5800B18054818F812A8252834C8861881B8BC0
:10DE6800A28CFC8CCA90759171923F78FC92A49513
:10DE78004D9605989999D89A3B9D5B52AB52F753AA
:10DE88000854D558F762E06F6A8C5F8FB99E4B5182
:10DE98003B524A54FD56407A7791609DD29E447316
:10DEA800096F70811175FD5FDA60A89ADB72BC8F0B
:10DEB800646B0398CA4EF0566457BE585A5A686045
:10DEC800C7610F6606663968B168F76DD5753A7D22
:10DED8006E82429B9B4E504FC95306556F5DE65D5F
:10DEE800EE5DFB67996C73740278508A9693DF88AD
:10DEF8005057A75E2B63B550AC508D510067C9547D
:10DF08005E58BB59B05B695F4D62A1633D68736B36
:10DF1800086E7D70C7918072157826786D798E6548
:10DF2800307DDC83C188098F9B96645228575067DF
:10DF38006A7FA18CB45142572A963A588A69B480AC
:10DF4800B2540E5DFC579578FA9D5C4F4A528B543B
:10DF58003E6428661467F567847A567B227D2F9382
:10DF68005C68AD9B397B19538A513752DF5BF66287
:10DF7800AE64E6642D67BA6BA985D1969076D69B78
:10DF88004C630693AB9BBF765266094E9850C253BA
:10DF9800715CE860926463655F68E671CA732375B3
:10DFA800977B827E9586838BDB8C78911099AC6504
:10DFB800AB668B6BD54ED44E3A4F7F4F3A52F853DF
:10DFC800F253E355DB56EB58CB59C959FF59505B0F
:10DFD8004D5C025E2B5ED75F1D6007632F655C5B3F
:10DFE800AF65BD65E8659D67626B7B6B0F6C4573BC
:10DFF8004979C179F87C197D2B7DA2800281F38152
:10E0080096895E8A698A668A8C8AEE8AC78CDC8CD5
:10E01800CC96FC986F6B8B4E3C4F8D4F5051575B95
:10E02800FA5B486101634266216BCB6EBB6C3E7242
:10E03800BD74D475C1783A790C803380EA819484B0
:10E048009E8F506C7F9E0F5F588B2B9DFA7AF88EAF
:10E058008D5BEB96034EF153F7573159C95AA45BC0
:10E0680089607F6E066FBE75EA8C9F5B0085E07BDA
:10E078007250F4679D82615C4A851E7E0E829951BA
:10E08800045C6863668D9C656E713E79177D0580BA
:10E098001D8BCA8E6E90C786AA901F50FA523A5CA2
:10E0A80053677C7035724C91C8912B93E582C25BA3
:10E0B800315FF9603B4ED653885B4B6231678A6BA0
:10E0C800E972E0732E7A6B81A38D52919699125161
:10E0D800D7536A54FF5B8863396AAC7D0097DA5678
:10E0E800CE536854975B315CDE5DEE4F0161FE6292
:10E0F800326DC079CB79427D4D7ED27FED811F8212
:10E10800908446887289908B748E2F8F31904B91B2
:10E118006C91C6969C91C04E4F4F45514153935FA9
:10E128000E62D467416C0B6E6373267ECD91839229
:10E13800D4531959BF5BD16D5D792E7E9B7C7E5877
:10E148009F71FA515388F08FCA4FFB5C2566AC77F4
:10E15800E37A1C82FF99C651AA5FEC656F69896BE7
:10E16800F36D966E646FFE76147DE15D7590879110
:10E178000698E6511D5240629166D9661A6EB65EDF
:10E18800D27D727FF866AF85F785F88AA952D95390
:10E1980073598F5E905F5560E4926496B7501F5133
:10E1A800DD5220534753EC53E85446553155175622
:10E1B8006859BE593C5AB55B065C0F5C115C1A5C29
:10E1C800845E8A5EE05E705F7F628462DB628C637D
:10E1D800776307660C662D6676667E67A2681F6A97
:10E1E800356ABC6C886D096E586E3C712671677112
:10E1F800C77501775D7801796579F079E07A117BE7
:10E20800A77C397D9680D6838B8449855D88F38881
:10E218001F8A3C8A548A738A618CDE8CA491669228
:10E228007E9318949C9698970A4E084E1E4E574E09
:10E2380097517052CE573458CC58225B385EC5601F
:10E24800FE6461675667446DB6727375637AB88405
:10E25800728BB89120933156F457FE98ED620D6990
:10E26800966BED71547E77807282E689DF985587C8
:10E27800B18F3B5C384FE14FB54F0755205ADD5BF6
:10E28800E95BC35F4E612F63B0654B66EE689B69BF
:10E29800786DF16D3375B9751F775E79E679337DE1
:10E2A800E381AF82AA85AA893A8AAB8E9B8F329086
:10E2B800DD910797BA4EC14E03527558EC580B5C66
:10E2C8001A753D5C4E810A8AC58F63966D97257BCA
:10E2D800CF8A08986291F356A853179039548257F9
:10E2E800255EA863346C8A7061778B7CE07F7088C8
:10E2F80042905491109318938F965E74C49A075D58
:10E30800695D7065A267A88DDB966E6349671969B8
:10E31800C5831798C096FE88846F7A64F85B164E9A
:10E328002C705D752F66C4513652E252D359815F05
:10E33800276010623F6574651F667466F268166828
:10E34800636B056E72721F75DB76BE7C5680F05863
:10E35800FD887F89A08A938ACB8A1D9092915297D3
:10E36800599789650E7A0681BB962D5EDC601A6224
:10E37800A56514669067F3774D7A4D7C3E7E0A81D9
:10E38800AC8C648DE18D5F8EA9780752D962A56344
:10E39800426498622D8A837AC07BAC8AEA96767D3D
:10E3A8000C824987D94E485143536053A35B025CA2
:10E3B800165CDD5D26624762B06413683468C96C18
:10E3C800456D176DD3675C6F4E717D71CB657F7A34
:10E3D800AD7BDA7D4A7EA87F7A811B823982A68549
:10E3E8006E8ACE8CF58D78907790AD9291928395C8
:10E3F800AE9B4D528455386F367168518579557E7C
:10E40800B381CE7C4C565158A85CAA63FE66FD6663
:10E418005A69D9728F758E750E795679DF79977C1E
:10E42800207D447D0786348A3B966190209FE75083
:10E438007552CC53E2530950AA55EE584F593D72C4
:10E448008B5B645C1D53E360F3605C6383633F63D1
:10E45800BB63CD64E965F966E35DCD69FD69156F58
:10E46800E571894EE975F876937ADF7CCF7D9C7DDE
:10E478006180498358836C84BC84FB85C588708D12
:10E4880001906D9097931C97129ACF5097588E6170
:10E49800D3813585088D2090C34F745047527353EC
:10E4A8006F6049635F672C6EB38D1F90D74F5E5CBA
:10E4B800CA8CCF659A7D525396887651C363585B50
:10E4C8006B5B0A5C0D6451675C90D64E1A592A59E9
:10E4D800706C518A3E551558A559F0605362C16752
:10E4E800358255694096C499289A534F0658FE5B61
:10E4F8001080B15C2F5E855F20604B613462FF66DF
:10E50800F06CDE6ECE807F81D4828B88B88C0090D0
:10E518002E908A96DB9EDB9BE34EF05327592C7B8B
:10E528008D914C98F99DDD6E277053534455855B4A
:10E5380058629E62D362A26CEF6F2274178A389475
:10E54800C16FFE8A3883E751F886EA53E953464F8C
:10E558005490B08F6A593181FD5DEA7ABF8FDA68CD
:10E56800378CF872489C3D6AB08A394E5853065623
:10E578006657C562A263E6654E6BE16D5B6EAD7072
:10E58800ED77EF7AAA7BBB7D3D80C680CB86958AE6
:10E598005B93E356C7583E5FAD659666806AB56B78
:10E5A8003775C78A2450E57730571B5F65607A66F0
:10E5B800606CF4751A7A6E7FF48118874590B39968
:10E5C800C97B5C75F97A517BC4841090E979927A99
:10E5D8003683E15A40772D4EF24E995BE05FBD627B
:10E5E8003C66F167E86C6B8677883B8A4E91F392BC
:10E5F800D099176A26702A73E7825784AF8C014E28
:10E608004651CB518B55F55B165E335E815E145FC8
:10E61800355F6B5FB45FF2611163A2661D676E6F51
:10E6280052723A753A777480398178817687BF8AD1
:10E63800DC8A858DF38D9A9277950298E59CC55270
:10E648005763F4761567886CCD73C38CAE93739655
:10E65800256D9C580E69CC69FD8F9A93DB751A90CD
:10E668005A580268B463FB69434F2C6FD867BB8F55
:10E678002685B47D54933F69706F6A57F7582C5BB1
:10E688002C7D2A720A54E391B49DAD4E4E4F5C50D6
:10E69800755043529E8C485424589A5B1D5E955E73
:10E6A800AD5EF75E1F5F8C60B5623A63D063AF689A
:10E6B800406C87788E790B7AE07D4782028AE68AF9
:10E6C800448E1390B8902D91D8910E9FE56C5864A4
:10E6D800E2647565F46E84761B7B6990D193BA6E9B
:10E6E800F254B95FA4644D8FED8F449278516B5802
:10E6F8002959555C975EFB6D8F7E1C75BC8CE28E2C
:10E708005B98B9701D4FBF6BB16F3075FB964E515A
:10E71800105435585758AC59605C925F97655C67E0
:10E72800216E7B76DF83ED8C1490FD904D932578D8
:10E738003A78AA52A65E1F577459126012505A515D
:10E74800AC51CD5100521055545858585759955BF3
:10E75800F65C8B5DBC6095622D6471674368BC682C
:10E76800DF68D776D86D6F6E9B6D6F70C871535F19
:10E77800D8757779497B547B527BD67C717D305232
:10E7880063846985E4850E8A048B468C0F8E03901A
:10E798000F90199476962D98309AD895CD50D552D9
:10E7A8000C5402580E5CA7619E641E6DB377E57A1F
:10E7B800F480048453908592E05C079D3F53975FF3
:10E7C800B35F9C6D79726377BF79E47BD26BEC722F
:10E7D800AD8A0368616AF851817A34694A5CF69CAB
:10E7E800EB82C55B49911E7078566F5CC7606665A1
:10E7F8008C6C5A8C419013985154C7660D924859A5
:10E80800A39085514D4EEA5199850E8B58707A63C5
:10E818004B936269B499047E777557536069DF8EAC
:10E82800E3965D6C8C4E3C5C105FE98F0253D18C93
:10E8380089807986FF5EE565734E655182593F5C34
:10E84800EE97FB4E8A59CD5F8D8AE16FB079627978
:10E85800E75B71842B73B171745EF55F7B639A64B7
:10E86800C371987C434EFC5E4B4EDC57A256A960A0
:10E87800C36F0D7DFD803381BF81B28F9789A486D8
:10E88800F45D8A62AD6487897767E26C3E6D3674A1
:10E898003478465A757FAD82AC99F34FC35EDD621A
:10E8A800926357656F67C3764C72CC80BA80298FA4
:10E8B8004D910D50F957925A856873696471FD72CC
:10E8C800B78CF258E08C6A9619907F87E479E777DD
:10E8D80029842F4F65525A53CD62CF67CA6C7D7613
:10E8E800947B957C36828485EB8FDD66206F06727B
:10E8F8001B7EAB83C199A69EFD51B17B7278B87B14
:10E908008780487BE86A615E8C80517560756B51C1
:10E9180062928C6E7A769791EA9A104F707F9C6219
:10E928004F7BA595E99C7A565958E486BC96344F96
:10E9380024524A53CD53DB53065E2C6491657F679E
:10E948003E6C4E6C4872AF72ED735475417E2C82EA
:10E95800E985A98CC47BC69169711298EF983D63CB
:10E9680069666A75E476D0784385EE862A535153F2
:10E9780026548359875E7C5FB26049627962AB62D4
:10E988009065D46BCC6CB275AE769178D879CB7D26
:10E99800777FA580AB88B98ABB8C7F905E97DB9820
:10E9A8000B6A387C99503E5CAE5F8767D86B3574CC
:10E9B80009778E7F3B9FCA67177A39538B75ED9A13
:10E9C800665F9D81F18398803C5FC55F6275467B79
:10E9D8003C906768EB599B5A107D7E762C8BF54FDF
:10E9E8006A5F196A376C026FE27468796888558AB9
:10E9F800798CDF5ECF63C575D279D7822893F2927E
:10EA08009C84ED862D9CC1546C5F8C655C6D157083
:10EA1800A78CD38C3B984F65F6740D4ED84EE057B3
:10EA28002B59665ACC5BA851035E9C5E16607662D1
:10EA38007765A7656E666E6D3672267B50819A8102
:10EA480099825C8BA08CE68C748D1C964496AE4F94
:10EA5800AB64666B1E8261846A85E890015C5369C9
:10EA6800A8987A8457850F4F6F52A95F455E0D6746
:10EA78008F79798107898689F56D175F5562B86C3A
:10EA8800CF4E6972929B06523B547456B358A46198
:10EA98006E621A716E59897CDE7C1B7DF0968765E3
:10EAA8005E80194E754F75514058635E735E0A5FFC
:10EAB800C467264E3D8589955B96737C0198FB500B
:10EAC800C1585676A7782552A5771185867B4F5071
:10EAD80009594772C77BE87DBA8FD48F4D90BF4FD5
:10EAE800C952295A015FAD97DD4F1782EA92035741
:10EAF8005563696B2B75DC88148F427ADF52935803
:10EB080055610A62AE66CD6B3F7CE9832350F84FAE
:10EB180005534654315849599D5BF05CEF5C295DBB
:10EB2800965EB16267633E65B9650B67D56CE16C4B
:10EB3800F97032782B7EDE80B3820C84EC840287F5
:10EB480012892A8A4A8CA690D292FD98F39C6C9DD1
:10EB58004F4EA14E8D5056524A57A8593D5ED85F28
:10EB6800D95F3F62B4661B67D067D2689251217D36
:10EB7800AA80A881008B8C8CBF8C7E923296205400
:10EB88002C981753D5505C53A858B26434676772F1
:10EB98006677467AE691C352A16C866B00584C5E44
:10EBA80054592C67FB7FE151C6766964E878549B19
:10EBB800BB9ECB57B95927669A67CE6BE954D9697A
:10EBC800555E9C819567AA9BFE67529C5D68A64E20
:10EBD800E34FC853B9622B67AB6CC48FAD4F6D7EE2
:10EBE800BF9E074E6261806E2B6F138573542A6730
:10EBF800459BF35D957BAC5CC65B1C874A6ED184F4
:10EC0800147A088199598D7C116C2077D952225930
:10EC180021715F72DB772797619D0B697F5A185ABC
:10EC2800A5510D547D540E66DF76F78F9892F49CAB
:10EC3800EA595D72C56E4D51C968BF7DEC7D62971A
:10EC4800BA9E7864216A028384595F5BDB6B1B730D
:10EC5800F276B27D1780998432512867D99EEE7674
:10EC68006267FF520599245C3B627E7CB08C4F55ED
:10EC7800B6600B7D809501535F4EB6511C593A72B0
:10EC88003680CE91255FE2778453795F047DAC8529
:10EC9800338A8D8E5697F367AE8553940961086160
:10ECA800B96C5276ED8A388F2F55514F2A51C75279
:10ECB800CB53A55B7D5EA0608261D6630967DA6786
:10ECC800676E8C6D3673377331755079D588988A2D
:10ECD8004A909190F590C4968D871559884E594F52
:10ECE8000E4E898A3F8F1098AD507C5E9659B95B5D
:10ECF800B85EDA63FA63C164DC664A69D8690B6D89
:10ED0800B66E94712875AF7A8A7F00804984C98469
:10ED18008189218B0A8E65907D960A997E61916220
:10ED2800326B836C746DCC7FFC7FC06D857FBA8736
:10ED3800F8886567B1833C98F7961B6D617D3D84C3
:10ED48006A91714E7553505D046BEB6FCD852D86BE
:10ED5800A78929520F54655C4E67A86806748374A6
:10ED6800E275CF88E188CC91E29678968B5F8773BD
:10ED7800CB7A4E84A06365758952416D9C6E097487
:10ED880059756B78927C8696DC7A8D9FB64F6E614A
:10ED9800C5655C86864EAE4EDA50214ECC51EE5B90
:10EDA80099658168BC6D1F734276AD771C7AE77CE4
:10EDB8006F82D28A7C90CF91759618989B52D17D9C
:10EDC8002B5098539767CB6DD0713374E8812A8F95
:10EDD800A396579C9F9E60744158996D2F7D5E98AD
:10EDE800E44E364F8B4FB751B152BA5D1C60B273C7
:10EDF8003C79D3823492B796F6960A97979E629F8B
:10EE0800A666746B1752A352C870C288C95E4B605D
:10EE18009061236F49713E7CF47D6F80EE8423906E
:10EE28002C9342546F9BD36A8970C28CEF8D3297B2
:10EE3800B452415ACA5E045F17677C6994696A6D67
:10EE48000F6F6272FC72ED7B01807E804B87CE90E3
:10EE58006D51939E84798B803293D68A2D508C5431
:10EE6800718A6A6BC48C0781D160A067F29D994E44
:10EE7800984E109C6B8AC185688500697E6E97786C
:10EE880055810000002502250C251025182514257C
:10EE98001C252C25242534253C25012503250F2553
:10EEA80013251B251725232533252B253B254B25E6
:10EEB80020252F25282537253F251D2530252525C3
:10EEC80038254225100411041204130414041504EF
:10EED800010416041704180419041A041B041C045A
:10EEE8001D041E041F0420042104220423042404F6
:10EEF800250426042704280429042A042B042C04A6
:10EF08002D042E042F040000000000000000000063
:10EF180000000000000000000000000000000000E9
:10EF28000000000030043104320433043404350492
:10EF3800510436043704380439043A043B043C04C9
:10EF48003D043E043F044004410442044304440495
:10EF5800450446044704480449044A044B044C0445
:10EF68004D044E044F04000091039203930394034D
:10EF7800950396039703980399039A039B039C03AD
:10EF88009D039E039F03A003A103A303A403A5035A
:10EF9800A603A703A803A9030000000000000000BF
:10EFA8000000000000000000B103B203B303B40383
:10EFB800B503B603B703B803B903BA03BB03BC036D
:10EFC800BD03BE03BF03C003C103C303C403C5031A
:10EFD800C603C703C803C9030000000000000000FF
:10EFE8000000000000000001010101010101010110
:10EFF8000100000000000000010101010101010100
:10F0080001010101010101010101010101010101E8
:10F0180001010000000000000001010101010101DF
:10F0280001010101010101010101010101010101C8
:10F0380001010100C625A125A025B325B225BD25BE
:10F04800BC253B201230922190219121932113302D
:10F0580000000000000000000000000000000000A8
:10F0680000000000000008220B228622872282224C
:10F0780083222A222922000000000000000000004C
:10F0880000000000000027222822AC00D221D42151
:10F0980000220322292200000000000000000000D6
:10F0A800000000000000000000002022A52212231A
:10F0B80002220722612252226A226B221A223D2250
:10F0C8001D2235222B222C22000000000000000007
:10F0D8000000000000002B2130206F266D266A26D4
:10F0E80020202120B6002C22000000000000EF257F
:10F0F8000030013002300CFF0EFFFB301AFF1BFFFF
:10F108001FFF01FF9B309C30B40040FFA8003EFF6A
:10F118003E203FFFFD30FE309D309E300330DD4EF7
:10F12800053006300730FC30142010200FFF3CFF5C
:10F138001C3016205CFF26202520182019201C20B2
:10F148001D2008FF09FF143015303BFF3DFF5BFF12
:10F158005DFF083009300A300B300C300D300E30AE
:10F168000F30103011300BFF1222B100D700F7001A
:10F178001DFF60221CFF1EFF662267221E2234220A
:10F1880042264026B000322033200321A50004FF88
:10F19800A200A30005FF03FF06FF0AFF20FFA70048
:10F1A80006260526CB25CF25CE25C7250500000038
:10F1B800190000007D0000000080E03779C341435A
:10F1C800176E05B5B5B89346F5F93FE9034F384DC5
:10F1D800321D30F94877825A3CBF737FDD4F157571
:10F1E800000000000000F03F000000000000244084
:10F1F80000000000000059400000000000408F405F
:10F20800000000000088C34000000000006AF840C9
:10F218000000000080842E4100000000D0126341ED
:10F228000000000084D797410000000065CDCD4163
:10F23800000000205FA00242000000E87648374244
:10F24800000000A2941A6D42000040E59C30A242E2
:10F258000000901EC4BCD64200003426F56B0C4357
:10F268000080E03779C3414300A0D88557347643FE
:10F2780000C84E676DC1AB43003D9160E458E1435F
:10F28800408CB5781DAF154450EFE2D6E41A4B44D4
:10F2980092D54D06CFF08044F64AE1C7022DB54419
:08F2A800B49DD9794378EA44D2
:10F2B000D87A0110E47A0110F07A0110FC7A01107A
:10F2C000087B0110147B0110207B0110087E0110C7
:10F2D000D02330B500251B0600245D5706E00368E7
:10F2E000BFF35F8F1C6081F3108820BF0268EFF3CB
:10F2F000108172B61368002BFCD0BFF35F8F0379C7
:10F300007F2BECD905710368BFF35F8F00221A6071
:10F3100081F3108830BDC04603000068EFF3108C05
:10F3200072B60268002AFCD0BFF35F8F04229A569F
:10F33000002A04DB002900D00A60002004E0D0226B
:10F340000120120612681A711B68BFF35F8F00223A
:10F350001A608CF310887047F0B5C646150000B5EA
:10F3600004001E000268EFF3108172B61368002BD0
:10F37000FCD0BFF35F8F0423E356002B2DDB226804
:10F38000BFF35F8F0020106081F31088D022120637
:10F39000127852B290469A4203D1002080BCB846FF
:10F3A000F0BD00270BE02368BFF35F8F1F6081F380
:10F3B00010882800310000F0D7FE0028EDD1226827
:10F3C000EFF3108172B61368002BFCD0BFF35F8F90
:10F3D00023797F2BE7D9434602E0D0231B061B6825
:10F3E00023712368BFF35F8F00221A6081F31088B6
:10F3F0000120D3E7F0B5C64600B50D00040000F0CB
:10F400009BFEFA2206000F00002328000021920034
:10F4100000F0BAFE802336184F411B069F4202D3EC
:10F420000126174F7642D0231B061B6800259846FD
:10F430000BE02368BFF35F8F1D6081F310883000FD
:10F44000390000F091FE002818D12268EFF31081F6
:10F4500072B61368002BFCD0BFF35F8F23797F2B2C
:10F46000E7D9434623712368BFF35F8F00221A60F8
:10F4700081F31088012080BCB846F0BD0020FAE777
:10F48000FFFFFF7F0268EFF3108172B61368002B55
:10F49000FCD0BFF35F8FFF2303710368BFF35F8F5F
:10F4A00000221A6081F3108840BF704710B5084CE5
:10F4B0002378002B0AD18023064807495B051A6888
:10F4C000C25004338B42FAD10123237010BDC046D1
:10F4D000FD3C0020F42D00100001001010B5014B80
:10F4E000984710BDF52D0020034B1A68C0239B00E0
:10F4F0009343024A136070470C8001400C90014016
:10F50000054B1A6880239B005340C0229200134091
:10F51000024A13607047C0460C8001400C900140C5
:10F520001423F0B5D6464F4646469A46814618887B
:10F530000433C0B598460E001B882649140098472E
:10F54000534607001888434623491B88984753466B
:10F5500005001888434621491B8898478046FFF7D5
:10F56000A5FFB847A847FFF7CBFF221E20D0C02138
:10F5700008270220490511E0002C14D0131B0D2B85
:10F5800020D9002D0AD02300002A05D00B6E013AA5
:10F590003370130001362343002B09D03D008B6AE2
:10F5A0001D401842E8D1002DEDD123001343F5D1C1
:10F5B000FFF79AFFC047FFF791FFE0BCBA46B1469C
:10F5C000A846F0BD4B461B78013C0B6601239C46C8
:10F5D000E144E8E749460000455800004643000082
:10F5E0000022154B10B59A60DA601A615A619A616F
:10F5F000DA611A625A629A62DA621A635A639A6329
:10F60000DA631A645A649A64DA641A655A659A6508
:10F61000DA651A665A669A66DA661A675A679A67E8
:10F62000DA67F03292000021044800F095FD044BA7
:10F63000044A1A6010BDC04600001050B0330020CC
:10F640007C3B002080011050F0B54E464546DE461A
:10F650005746E0B5214B00249E6D012585B0002E54
:10F6600022D01F4B9A46012399461E4B984601E033
:10F67000202C19D02A00230001342F003240E4B29C
:10F680006D00002AF4D0524697654A465B085B003D
:10F6900022409B185B01434418009B4600F030FC5D
:10F6A000002808D1BE43E3D105B0F0BCBB46B2464A
:10F6B000A946A046F0BD5B46E0219A78DB8A01A806
:10F6C00083600023C900018001210271437100F0B1
:10F6D00037FC584600F0B0FBE4E7C046000011508C
:10F6E00000301150703300209823F0B5C646C64A4A
:10F6F00000B5D55880232E009B02102484B01E40F4
:10F700001D4273D0C14BC24C9A6AC24B00261A608C
:10F710003B23E35C022B00D1F4E07B23E35C022B70
:10F7200000D10CE1BB23E35C022B00D1FBE0FB2307
:10F73000E35C022B00D135E13C23FF33E35C022B79
:10F7400000D122E17C23FF33E35C022B00D10FE1E7
:10F75000BC23FF33E35C022B00D1FCE0FC23FF332E
:10F76000E35C022B00D1A6E1AB4BE35C022B00D1A2
:10F7700096E1AA4BE35C022B00D185E1A84BE35C48
:10F78000022B00D174E1A74BE35C022B00D163E1B3
:10F79000A54BE35C022B00D12AE1A44BE35C022BD6
:10F7A00000D10BE1A24BE35C022B00D18FE1A14B16
:10F7B000E35C022B00D1A6E1002E08D19E4B1B7802
:10F7C000002B04D180219D4A90338902D150C02260
:10F7D0008D4B01A89B6C92005B055B0D012180267F
:10F7E0000280436000F0ACFB954CB602EB0600D5FE
:10F7F0007CE080235B021D4232D01E4301230224A1
:10F800009846834FBB7E002B14D000F0B5FC012836
:10F8100000D96FE0C02200213800920100F012FBF5
:10F82000380000F009FB00F0A7FC012802D9834B47
:10F830005C661C664346FB702037012C01D0012416
:10F84000E0E7C02301A8DB007E4A038002AB12CAB6
:10F8500012C3012100F074FB8022784B92021A65DA
:10F8600080235B011D420ED18023DB011D4221D18B
:10F8700080231B021D422CD1AE4200D0C0E104B057
:10F8800080BCB846F0BD00241E435F4B1C60FFF7F0
:10F89000A7FE80236A465B0093801472012101A8B1
:10F8A00000F04EFB8022654B12031A658023DB01BA
:10F8B0001D42DDD01E43802301A8DB00038001210F
:10F8C00000F03EFB10225D4B1A6580231B021D4297
:10F8D000D2D01E43A02301A8DB000380012100F049
:10F8E0002FFB8022554B12011A65C5E7FFF7ACFECE
:10F8F00026007EE7544B444A1C66536E2340A342C5
:10F90000FBD187E73833E65C002E00D105E70233F0
:10F91000E25C002A00D100E7200000222030E254FF
:10F9200000F0B8FAF9E6B833E75C002F00D1FEE644
:10F930000233E25C002A00D022E13E00F7E6783391
:10F94000E75C002F00D1EDE60233E25C002A00D034
:10F950000EE13E00E6E6B933FF33E75C002F00D14D
:10F96000FCE60233E25C002A00D0F8E03E00F5E657
:10F970007933FF33E75C002F00D1E9E60233E25C24
:10F98000002A00D0E2E03E00E2E63933FF33E75CD4
:10F99000002F00D1D6E60233E25C002A00D0CCE092
:10F9A0003E00CFE6F833E75C002F00D1C4E6023317
:10F9B000E25C002A00D0B8E03E00BDE6234BE75CE5
:10F9C000002F00D1EEE60233E25C002A00D010E105
:10F9D000174BE35C022B00D18BE0164BE35C022B50
:10F9E00000D0F4E61A4BE35C002B00D090E0EEE68A
:10F9F000184BE75C002F00D1CFE60233E25C002A0F
:10FA000000D0EEE03E00C8E6000011500040054086
:10FA100070330020602F00203B0200007B020000BA
:10FA2000BB020000FB0200003B0300007B03000060
:10FA3000BB030000FB030000FB3C00200030115022
:10FA40001000020000001050002011507A03000046
:10FA5000FA0300003A0300006C4BE75C002F00D172
:10FA600096E60233E25C002A00D0B2E03E008FE668
:10FA7000674BE75C002F00D185E60233E25C002A89
:10FA800000D09EE03E007EE6624BE75C002F00D196
:10FA900074E60233E25C002A00D08AE03E006DE6A4
:10FAA0005D4BE75C002F00D163E60233E25C002A85
:10FAB00077D13E005DE6F933FF33E75C002F00D1DC
:10FAC00052E60233E25C002A62D13E004CE6534B20
:10FAD000E35C002B00D16AE6EF239B00E25C002A86
:10FAE00000D17AE70022E2541C3BE01800F0D2F982
:10FAF00073E74A4BE35C002BEED1494BE35C022BEE
:10FB000000D064E63E00474BE35C002B00D153E697
:10FB1000FF239B00E25C002A00D158E60022E25459
:10FB20001C3BE01800F0B6F951E620000022E0305E
:10FB3000E2543E0000F0AEF9FEE520000022213044
:10FB4000FF30E2543E0000F0A5F9FBE52000002262
:10FB50006130FF30E2543E0000F09CF9F8E52000EF
:10FB60000022A130FF30E2543E0000F093F9F5E5A9
:10FB7000200000226030E2543E0000F08BF9D1E515
:10FB800020000022A030E2543E0000F083F9CEE5D0
:10FB900020000022E130FF30E2543E0000F07AF90C
:10FBA000E2E50022E2541C3BE01800F073F93E004D
:10FBB000DFE50022E2541C3BE01800F06BF93E0048
:10FBC000DCE50022E2541C3BE01800F063F93E0043
:10FBD000D9E50022E2541C3BE01800F05BF93E003E
:10FBE000D6E50022E2541C3BE01800F053F93E0039
:10FBF000D3E50022E2541C3BE01800F04BF9E7E6A5
:10FC000031000948694000F0C7FAC046FA02000016
:10FC1000BA0200007A0200003A020000BA030000B3
:10FC2000FB030000FA03000024780110F0B5D6466B
:10FC30004F464646C0B50200838A008B8A46041CA4
:10FC4000984200D91C1CD57880262800471EB84150
:10FC5000A4B2F600264340033043012675401B1B27
:10FC6000D57055789BB29382002D37D15146D66816
:10FC70008D01611E761988461569002C29D0062948
:10FC80003AD933002B439B0736D16B1CF31A022B56
:10FC900032D9231F9B0801339C4600270023E958D3
:10FCA0000137F1500433BC45F9D8634641469B0007
:10FCB000ED18F618CF1A9C4209D02B783370002F1C
:10FCC00005D06B787370012F01D0AB78B3701569D4
:10FCD000938A2D191561802212021043002B02D144
:10FCE0008023DB0118435346002B00D00004E0BC06
:10FCF000BA46B146A846F0BD0023EF5CF754013385
:10FD00009C42FAD11569938AE3E7C0468368F0B54F
:10FD10001B680500002900D01B0C9B05980D6B7813
:10FD2000002B08D1EB8AC318EB822B8B834201D9BD
:10FD30000023AB82F0BDEB688901461EB4462A69F8
:10FD40005C18002827D0062E2BD901315B18D31A56
:10FD5000022B26D9130023439B0722D10023002125
:10FD6000061FB6080136E7580131D75004338E42DA
:10FD7000F9D86346B600A41992199F1BB04209D066
:10FD800023781370002F05D063785370012F01D0B2
:10FD9000A37893702A69EB8A1218C318EB822A6140
:10FDA000C3E70023E15CD15401339842FAD12A69B8
:10FDB000F1E7C04610B50400836800211B68FFF717
:10FDC000A5FF63681B685B0002D5238B834200D0CC
:10FDD00010BD01212000FFF799FFF9E7084A030051
:10FDE000126C0020920703D49A78D209012A00D01D
:10FDF0007047D87E023843425841C0B2F8E7C04647
:10FE00000000115010B5FFF7E9FF00280CD007499A
:10FE1000074B8C46074A9B6A126863449B1A002072
:10FE2000C6229A424041C0B210BDC046E0FCFFFF6E
:10FE300000400540602F002000238376436103616A
:10FE40007047C04610B58368002901D01C68214066
:10FE5000002A12D08024E400114322420DD01A68F7
:10FE600022420CD1084A0A401A60084A126C9207D2
:10FE700003D40C23033BFDD28368196010BD817845
:10FE8000034800F089F9C046FFFBFFFF0000115056
:10FE900038780110436870B5002180251E68040081
:10FEA000FFF7C4FE134B6D011B6C05439B070FD579
:10FEB000A3785B060FD0104B1E4080239B05334375
:10FEC00062680021136020002A00FFF7BBFF70BDAD
:10FED000A378DB09EFD0A38A002BECD0012120000E
:10FEE000FFF7A4FEA023054ADB0532400543134378
:10FEF000E6E7C04600001150FFFFFFAFFFFFFFDF46
:10FF000070B5857E0400002D14D0FFF753FFA38A3F
:10FF1000002B01D1280070BD2000FFF773FF0028DF
:10FF200003D0012300252377F4E72000FFF7B2FF79
:10FF30000025EFE78178014800F02EF9587801108C
:10FF4000F0B5CE46474680B5437805000E0085B033
:10FF5000062B08D86C4A9B00D3589F466B4A1378EF
:10FF60000133DBB213706A4B1C686269EFF31081D6
:10FF700072B61368002BFCD0BFF35F8FA161200025
:10FF8000290000F0E1F86269A369BFF35F8F0021E7
:10FF9000116083F31088002804D105B0C0BCB946B5
:10FFA000B046F0BD32006978287800F0BDF8F4E77B
:10FFB0000121584B1A788A431A701A7801318A4302
:10FFC0001A7000225A701A7802318A431A70CAE7EE
:10FFD0005149524F894652490024002388463A78B5
:10FFE00012E043461B6861015B18002B06D0DB69F9
:10FFF000002B03D06968287898473A780134E4B236
:020000041002E8
:10000000511C2300A14217DBA242EAD89B1A5B01D4
:100010004B44ECE73F4B1A78D207BED504211A783F
:100020000A431A709FE73B4B1A78D207B5D50421D3
:100030001A788A431A7096E7364F3B785B072BD5C0
:1000400004223B78002193433B706B460632981D97
:1000500000F082F82B7801AC2370052363702C4BE1
:100060001B6898465A69EFF3108172B61368002B2B
:10007000FCD0BFF35F8F434640469961210000F0FA
:1000800063F843465A699B69BFF35F8F0021116093
:1000900083F31088002831D1FB78DB0700D47CE79C
:1000A0006B460A220021981D00F056F82B7801AC0F
:1000B0002370032363706B686360154B1D686A6966
:1000C000EFF3108172B61368002BFCD0BFF35F8F83
:1000D000A9612800210000F037F86A69AB69BFF315
:1000E0005F8F0021116083F31088002800D154E74E
:1000F00032006178207800F017F84EE7320061781E
:10010000207800F011F8C7E7207F0110FC3C0020A8
:10011000642A00200C2A00203C7F0110FA3C0020B9
:100120005C2800207047C04601B40248844601BCE8
:10013000604700BF11EF001001B40248844601BCC3
:10014000604700BF45AE001001B40248844601BCC0
:10015000604700BF9509011001B40248844601BC04
:10016000604700BF05C7001001B40248844601BCC7
:10017000604700BF29AD001001B40248844601BCAD
:10018000604700BF31A0001001B40248844601BCA2
:10019000604700BFE1C3001001B40248844601BCBF
:1001A000604700BF3DA00010FA00000010000000F2
:1001B000000000000000010000000000000000003E
:1001C000000002000000000000000000000003002A
:1001D00000000000000000000000FF000000000020
:1001E00001B5486801318E4600477046093801491B
:1001F000884701BD81A4001000000000000000003D
:100200000000000000000000000000001823002093
:10021000503300004C3300005433000052330000D0
:100220004D5300004D4300005334000043340000A0
:10023000CDE600107DE60010EDE5001065E500104C
:100240000000000000010000682A002010000C00DF
:10025000000000000000000000000000000000009E
:1002600000000000FF000000847F0110000000007B
:10027000000000000000000000000000000000007E
:100280000000000000000000010000006400000009
:10029000000000000000000000000000000000005E
:1002A000000000000000000000000000000000004E
:1002B000000000000000000000000000000000003E
:1002C000000000000000000000000000000000002E
:1002D000000000000000000000000000000000001E
:1002E000000000000000000000000000000000000E
:1002F00000000000000000000000000000000000FE
:1003000000000000000000000000000000000000ED
:1003100000000000000000000000000000000000DD
:1003200000000000000000000000000000000000CD
:1003300000000000000000000000000000000000BD
:1003400000000000000000000000000000000000AD
:10035000000000000000000000000000000000009D
:10036000000000000000000000000000000000008D
:10037000000000000000000000000000000000007D
:10038000000000000000000000000000000000006D
:10039000000000000000000000000000000000005D
:1003A000000000000000000000000000000000004D
:1003B000000000000000000000000000000000003D
:1003C000000000000000000000000000000000002D
:1003D000000000000000000000000000000000001D
:1003E000000000000000000000000000000000000D
:1003F00000000000000000000000000000000000FD
:1004000000000000000000000000000000000000EC
:10041000C07F0110FFFFFFFF00000200000000008E
:100420000000000000000000101200201012002048
:100430001812002018120020201200202012002084
:100440002812002028120020301200203012002034
:1004500038120020381200204012002040120020E4
:100460004812002048120020501200205012002094
:100470005812002058120020601200206012002044
:1004800068120020681200207012002070120020F4
:1004900078120020781200208012002080120020A4
:1004A0008812002088120020901200209012002054
:1004B0009812002098120020A0120020A012002004
:1004C000A8120020A8120020B0120020B0120020B4
:1004D000B8120020B8120020C0120020C012002064
:1004E000C8120020C8120020D0120020D012002014
:1004F000D8120020D8120020E0120020E0120020C4
:10050000E8120020E8120020F0120020F012002073
:10051000F8120020F8120020001300200013002021
:1005200008130020081300201013002010130020CF
:10053000181300201813002020130020201300207F
:10054000281300202813002030130020301300202F
:1005500038130020381300204013002040130020DF
:10056000481300204813002050130020501300208F
:10057000581300205813002060130020601300203F
:1005800068130020681300207013002070130020EF
:10059000781300207813002080130020801300209F
:1005A000881300208813002090130020901300204F
:1005B0009813002098130020A0130020A0130020FF
:1005C000A8130020A8130020B0130020B0130020AF
:1005D000B8130020B8130020C0130020C01300205F
:1005E000C8130020C8130020D0130020D01300200F
:1005F000D8130020D8130020E0130020E0130020BF
:10060000E8130020E8130020F0130020F01300206E
:10061000F8130020F813002000140020001400201C
:1006200008140020081400201014002010140020CA
:10063000181400201814002020140020201400207A
:10064000281400202814002030140020301400202A
:1006500038140020381400204014002040140020DA
:10066000481400204814002050140020501400208A
:10067000581400205814002060140020601400203A
:1006800068140020681400207014002070140020EA
:10069000781400207814002080140020801400209A
:1006A000881400208814002090140020901400204A
:1006B0009814002098140020A0140020A0140020FA
:1006C000A8140020A8140020B0140020B0140020AA
:1006D000B8140020B8140020C0140020C01400205A
:1006E000C8140020C8140020D0140020D01400200A
:1006F000D8140020D8140020E0140020E0140020BA
:10070000E8140020E8140020F0140020F014002069
:10071000F8140020F8140020001500200015002017
:1007200008150020081500201015002010150020C5
:100730001815002018150020201500202015002075
:100740002815002028150020301500203015002025
:1007500038150020381500204015002040150020D5
:100760004815002048150020501500205015002085
:100770005815002058150020601500206015002035
:1007800068150020681500207015002070150020E5
:100790007815002078150020801500208015002095
:1007A0008815002088150020901500209015002045
:1007B0009815002098150020A0150020A0150020F5
:1007C000A8150020A8150020B0150020B0150020A5
:1007D000B8150020B8150020C0150020C015002055
:1007E000C8150020C8150020D0150020D015002005
:1007F000D8150020D8150020E0150020E0150020B5
:10080000E8150020E8150020F0150020F015002064
:10081000F8150020F8150020001600200016002012
:100820000816002008160020430000000000000009
:1008300000000000000000000000000000000000B8
:100840000000000000000000430000000000000065
:100850000000000000000000000000000000000098
:100860000000000000000000430000000000000045
:100870000000000000000000000000000000000078
:100880000000000000000000430000000000000025
:100890000000000000000000000000000000000058
:1008A0000000000000000000430000000000000005
:1008B0000000000000000000000000000000000038
:1008C00000000000000000004300000000000000E5
:1008D0000000000000000000000000000000000018
:1008E00000000000000000004300000000000000C5
:1008F00000000000000000000000000000000000F8
:10090000000000000000000009650110E16801100E
:1009100000000000C08301106C7901102C790110D7
:100920002C7901102C7901102C7901102C790110EF
:100930002C7901102C7901102C7901102C790110DF
:10094000FFFFFFFFFFFFFFFFFFFFFFFFFFFF0000B5
:10095000010041534349490000000000000000002D
:100960000000000000000000000000000000000087
:10097000000041534349490000000000000000000E
:100980000000000000000000000000000000000067
:10099000000000008817002000000000242700202D
:1009A0008C270020F4270020000000000000000039
:1009B0000000000000000000000000000000000037
:1009C0000000000000000000000000000000000027
:1009D0000000000000000000000000000000000017
:1009E0000000000000000000000000000000000007
:1009F00000000000000000000000000000000000F7
:100A000000000000000000000000000000000000E6
:100A100000000000000000000000000000000000D6
:100A200000000000000000000000000000000000C6
:100A300001000000000000000E33CDAB34126DE663
:100A4000ECDE05000B0000000000000000000000CC
:100A50000000000000000000000000000000000096
:100A60000000000000000000000000000000000086
:100A70000000000000000000000000000000000076
:100A80000000000000000000000000000000000066
:100A90000000000000000000000000000000000056
:100AA0000000000000000000000000000000000046
:100AB0000000000000000000000000000000000036
:100AC000000000000000000025B4001051B4001028
:100AD0009DB50010F5C60010D9BC001081C50010EE
:100AE000C5B400106DB400108DB40010A1B4001096
:100AF00071A50010A9B4001039A90010EDB30010C1
:100B0000A5A10010B1910010919D001011EA0010F4
:080B1000A10E0110CD0E011031
:04000005100090E96E
:00000001FF
